"id","course_id","section_type_id","section_type","section_position","status","added_date","modified_date","show_on_menu"
"1","1","1","banner","1","A","0000-00-00 00:00:00","2022-12-09 21:12:05","Y"
"2","1","2","banner","2","A","0000-00-00 00:00:00","2022-12-09 18:12:42","Y"
"3","2","3","banner","1","A","0000-00-00 00:00:00","2022-12-13 17:12:50","N"
"4","2","1","program_overview","2","A","2022-12-09 19:02:31",\N,"N"
"5","2","1","promotional_video","3","A","2022-12-09 19:02:31",\N,"N"
"6","2","1","textcontent","4","A","2022-12-09 19:04:31","2022-12-09 19:12:45","Y"
"7","2","2","textcontent","5","A","2022-12-09 19:05:07","2022-12-09 19:12:02","Y"
"8","2","3","textcontent","6","A","2022-12-09 19:05:51","2022-12-09 19:12:22","Y"
"9","3","4","banner","1","A","0000-00-00 00:00:00","2026-08-21 14:08:31","N"
"10","3","2","program_overview","2","A","2022-12-09 19:07:00","2025-11-24 21:11:19","N"
"11","3","2","promotional_video","3","A","2022-12-09 19:07:00","2025-11-24 21:11:19","N"
"12","2","4","textcontent","7","A","2022-12-09 19:07:42","2022-12-09 19:12:31","Y"
"13","3","5","textcontent","4","A","2022-12-09 19:07:55","2025-11-24 21:11:19","Y"
"14","3","6","textcontent","5","P","2022-12-09 19:08:23","2025-11-24 21:11:19","Y"
"15","3","7","textcontent","6","A","2022-12-09 19:08:40","2025-11-24 21:11:19","Y"
"16","2","8","textcontent","8","A","2022-12-09 19:08:49",\N,"Y"
"17","3","9","textcontent","8","P","2022-12-09 19:09:25","2025-11-24 21:11:19","N"
"18","2","10","textcontent","9","A","2022-12-09 19:11:26","2022-12-13 17:12:37","Y"
"19","3","11","textcontent","9","P","2022-12-09 19:14:56","2025-11-24 21:11:19","Y"
"20","3","12","textcontent","11","A","2022-12-09 19:18:08","2025-11-24 21:11:19","Y"
"21","3","1","testimonials","12","A","2022-12-09 19:18:33","2025-11-24 21:11:19","Y"
"22","2","2","testimonials","10","A","2022-12-09 19:25:35","2022-12-16 21:12:28","Y"
"23","2","1","course_plan","11","A","2022-12-09 19:34:42",\N,"Y"
"24","3","2","course_plan","16","A","2022-12-09 19:34:54","2025-11-24 21:11:19","Y"
"25","1","3","promotional_video","3","P","2022-12-09 21:27:52",\N,"Y"
"26","4","5","banner","1","A","0000-00-00 00:00:00","2022-12-13 13:12:16","N"
"27","4","3","program_overview","2","A","2022-12-13 12:50:02",\N,"N"
"28","4","4","promotional_video","3","A","2022-12-13 12:50:02",\N,"N"
"29","4","3","course_plan","4","A","2022-12-13 14:04:03","2022-12-13 14:12:54","Y"
"30","5","6","banner","1","A","0000-00-00 00:00:00","2022-12-27 18:12:48","N"
"31","5","4","program_overview","2","A","2022-12-13 14:42:34",\N,"N"
"32","5","5","promotional_video","3","A","2022-12-13 14:42:34",\N,"N"
"33","3","13","textcontent","10","A","2022-12-13 17:54:59","2025-11-24 21:11:19","Y"
"34","6","7","banner","1","A","0000-00-00 00:00:00","2026-08-21 14:08:13","N"
"35","6","5","program_overview","2","A","2022-12-14 16:21:40","2024-11-30 18:11:39","N"
"36","6","6","promotional_video","3","A","2022-12-14 16:21:40","2024-09-15 13:09:00","N"
"37","6","14","textcontent","4","A","2022-12-14 16:22:07","2024-09-15 13:09:00","Y"
"38","6","15","textcontent","6","A","2022-12-14 16:22:35","2026-01-30 10:01:07","Y"
"39","6","16","textcontent","9","A","2022-12-14 16:23:10","2024-09-15 14:09:55","Y"
"40","6","17","textcontent","11","P","2022-12-14 16:23:36","2024-12-01 14:12:10","Y"
"41","6","18","textcontent","12","A","2022-12-14 16:24:10","2024-09-15 13:09:00","Y"
"42","6","1","faculty","14","A","2022-12-14 16:27:19","2024-09-15 13:09:00","Y"
"43","6","4","course_plan","16","A","2022-12-14 16:28:34","2024-09-15 13:09:00","Y"
"44","6","19","textcontent","8","A","2022-12-14 16:41:52","2026-03-12 12:03:18","Y"
"45","7","8","banner","1","A","0000-00-00 00:00:00","2022-12-14 17:12:17","N"
"46","7","6","program_overview","2","A","2022-12-14 16:51:38",\N,"N"
"47","7","7","promotional_video","3","A","2022-12-14 16:51:38",\N,"N"
"48","7","20","textcontent","4","A","2022-12-14 16:59:25",\N,"Y"
"49","7","21","textcontent","5","A","2022-12-14 16:59:52",\N,"Y"
"50","7","22","textcontent","6","A","2022-12-14 17:00:19","2022-12-14 17:12:36","Y"
"51","7","23","textcontent","7","A","2022-12-14 17:00:45",\N,"Y"
"52","7","24","textcontent","8","A","2022-12-14 17:01:16",\N,"Y"
"53","7","25","textcontent","9","A","2022-12-14 17:01:54",\N,"Y"
"54","7","26","textcontent","10","A","2022-12-14 17:02:33",\N,"Y"
"55","7","27","textcontent","11","A","2022-12-14 17:04:29","2022-12-14 17:12:11","Y"
"56","7","28","textcontent","12","A","2022-12-14 17:05:39",\N,"Y"
"57","7","29","textcontent","13","A","2022-12-14 17:06:03","2022-12-14 17:12:06","Y"
"58","7","30","textcontent","14","A","2022-12-14 17:07:11",\N,"Y"
"59","7","31","textcontent","15","A","2022-12-14 17:07:53",\N,"Y"
"60","7","1","syllabus","16","A","2022-12-14 17:08:15",\N,"Y"
"61","7","5","course_plan","17","A","2022-12-14 17:12:35",\N,"Y"
"62","8","9","banner","1","A","0000-00-00 00:00:00","2026-08-11 13:08:25","N"
"63","8","7","program_overview","2","P","2022-12-14 17:30:56","2025-01-10 15:01:04","N"
"64","8","8","promotional_video","3","A","2022-12-14 17:30:56","2025-01-10 15:01:04","N"
"65","8","32","textcontent","4","A","2022-12-14 17:33:01","2026-01-31 16:01:51","Y"
"66","8","33","textcontent","5","A","2022-12-14 17:34:14","2026-01-22 21:01:57","Y"
"67","8","34","textcontent","7","P","2022-12-14 17:34:39","2025-01-10 15:01:04","N"
"68","8","35","textcontent","8","A","2022-12-14 17:35:29","2025-01-10 15:01:35","Y"
"69","8","36","textcontent","11","A","2022-12-14 17:35:52","2025-01-10 15:01:08","Y"
"70","8","37","textcontent","12","A","2022-12-14 17:36:21","2025-01-10 15:01:03","Y"
"71","8","38","textcontent","13","A","2022-12-14 17:36:46","2025-01-10 15:01:18","Y"
"72","8","39","textcontent","14","A","2022-12-14 17:37:09","2025-01-10 15:01:04","Y"
"73","8","40","textcontent","15","A","2022-12-14 17:41:23","2026-01-30 10:01:23","Y"
"74","8","41","textcontent","17","P","2022-12-14 17:41:45","2025-01-10 15:01:04","Y"
"75","8","2","faculty","19","A","2022-12-14 17:41:58","2025-01-10 15:01:04","Y"
"76","8","42","textcontent","16","A","2022-12-14 17:44:15","2026-03-12 12:03:11","Y"
"77","8","2","syllabus","20","A","2022-12-14 17:44:25","2025-01-10 15:01:04","Y"
"78","8","6","course_plan","21","A","2022-12-14 17:55:03","2025-01-10 15:01:04","Y"
"79","9","10","banner","1","A","0000-00-00 00:00:00","2022-12-14 18:12:55","N"
"80","9","8","program_overview","2","A","2022-12-14 18:09:20",\N,"N"
"81","9","9","promotional_video","3","A","2022-12-14 18:09:20",\N,"N"
"82","9","43","textcontent","4","A","2022-12-14 18:10:57","2023-02-18 16:02:45","Y"
"83","9","44","textcontent","5","A","2022-12-14 18:11:31","2023-02-18 16:02:43","Y"
"84","9","45","textcontent","6","A","2022-12-14 18:11:57",\N,"Y"
"85","9","46","textcontent","7","A","2022-12-14 18:12:30",\N,"Y"
"86","9","47","textcontent","8","A","2022-12-14 18:12:59","2022-12-14 19:12:05","Y"
"87","9","48","textcontent","9","A","2022-12-14 18:13:38",\N,"Y"
"88","9","49","textcontent","10","A","2022-12-14 18:14:09",\N,"Y"
"89","9","50","textcontent","11","A","2022-12-14 18:14:34",\N,"Y"
"90","9","51","textcontent","12","A","2022-12-14 18:14:59","2022-12-14 18:12:40","Y"
"91","9","52","textcontent","13","A","2022-12-14 18:16:44","2022-12-14 18:12:54","Y"
"92","9","53","textcontent","14","A","2022-12-14 18:17:15",\N,"Y"
"93","9","1","academia_panel","15","A","2022-12-14 18:20:00",\N,"Y"
"94","9","3","faculty","16","A","2022-12-14 18:20:29","2022-12-14 18:12:58","Y"
"95","9","3","syllabus","17","A","2022-12-14 18:23:14",\N,"Y"
"96","9","7","course_plan","18","A","2022-12-14 18:54:32",\N,"Y"
"97","10","11","banner","1","A","0000-00-00 00:00:00","2022-12-14 19:12:38","N"
"98","10","9","program_overview","2","A","2022-12-14 19:00:59",\N,"N"
"99","10","10","promotional_video","3","A","2022-12-14 19:00:59",\N,"N"
"100","10","54","textcontent","4","A","2022-12-14 19:09:19",\N,"Y"
"101","10","55","textcontent","5","A","2022-12-14 19:09:40",\N,"Y"
"102","10","56","textcontent","6","A","2022-12-14 19:10:05",\N,"Y"
"103","10","57","textcontent","7","A","2022-12-14 19:10:32",\N,"Y"
"104","10","58","textcontent","8","A","2022-12-14 19:11:16",\N,"Y"
"105","10","59","textcontent","9","A","2022-12-14 19:11:49",\N,"Y"
"106","10","60","textcontent","10","A","2022-12-14 19:12:15",\N,"Y"
"107","10","61","textcontent","11","A","2022-12-14 19:12:41",\N,"Y"
"108","10","62","textcontent","12","A","2022-12-14 19:13:12","2022-12-14 19:12:58","Y"
"109","10","63","textcontent","13","A","2022-12-14 19:14:43","2022-12-14 19:12:13","Y"
"110","10","4","faculty","14","A","2022-12-14 19:15:33","2022-12-14 19:12:43","Y"
"111","10","4","syllabus","15","A","2022-12-14 19:18:58",\N,"Y"
"112","10","8","course_plan","16","A","2022-12-14 19:22:24",\N,"Y"
"113","4","3","testimonials","5","D","2022-12-15 13:14:03","2022-12-15 13:12:27","Y"
"114","4","4","testimonials","6","A","2022-12-15 13:14:03",\N,"Y"
"115","3","64","textcontent","17","P","2022-12-15 18:38:41","2025-11-24 21:11:19","Y"
"116","11","12","banner","1","A","0000-00-00 00:00:00","2025-12-06 15:12:26","N"
"117","11","10","program_overview","2","P","2022-12-25 13:05:19","2025-12-06 15:12:26","N"
"118","11","11","promotional_video","3","A","2022-12-25 13:05:19","2025-12-06 15:12:26","N"
"119","11","65","textcontent","7","A","2022-12-25 13:06:24","2025-12-06 15:12:26","Y"
"120","11","66","textcontent","8","A","2022-12-25 13:06:51","2025-12-06 15:12:26","Y"
"121","11","67","textcontent","11","A","2022-12-25 13:07:14","2025-12-06 15:12:26","Y"
"122","11","68","textcontent","13","D","2022-12-25 13:10:15","2025-12-06 15:12:00","Y"
"123","11","69","textcontent","12","A","2022-12-25 13:12:27","2025-12-14 19:12:13","Y"
"124","11","2","academia_panel","14","P","2022-12-25 13:28:08","2025-12-06 15:12:26","Y"
"125","11","5","faculty","15","A","2022-12-25 13:28:44","2025-12-06 15:12:26","Y"
"126","11","5","syllabus","17","A","2022-12-25 13:28:52","2025-12-06 15:12:26","Y"
"127","11","9","course_plan","18","A","2022-12-25 13:41:21","2025-12-06 15:12:26","Y"
"128","12","13","banner","1","A","0000-00-00 00:00:00","2024-10-21 17:10:25","N"
"129","12","11","program_overview","2","A","2022-12-27 17:32:09","2024-10-21 17:10:25","N"
"130","12","12","promotional_video","3","A","2022-12-27 17:32:09","2024-10-21 17:10:25","N"
"131","12","70","textcontent","4","A","2022-12-27 17:32:39","2024-12-21 15:12:42","Y"
"132","12","71","textcontent","7","A","2022-12-27 17:33:23","2024-12-21 15:12:53","Y"
"133","12","72","textcontent","8","A","2022-12-27 17:33:51","2026-01-31 16:01:33","Y"
"134","12","73","textcontent","9","A","2022-12-27 17:34:15","2024-12-21 15:12:55","Y"
"135","12","74","textcontent","10","A","2022-12-27 17:36:05","2024-12-21 16:12:32","Y"
"136","12","75","textcontent","11","A","2022-12-27 17:36:32","2024-10-21 17:10:25","Y"
"137","12","76","textcontent","12","A","2022-12-27 17:38:31","2026-08-03 18:08:33","Y"
"138","12","77","textcontent","14","A","2022-12-27 17:38:54","2024-10-21 18:10:53","Y"
"139","12","6","syllabus","15","A","2022-12-27 17:39:12","2024-10-21 17:10:25","Y"
"140","12","78","textcontent","13","A","2022-12-27 18:02:08","2026-03-12 14:03:57","Y"
"141","12","10","course_plan","18","A","2022-12-27 19:21:20","2024-10-21 17:10:25","Y"
"142","13","14","banner","1","A","0000-00-00 00:00:00","2024-10-20 13:10:22","N"
"143","13","12","program_overview","2","A","2022-12-28 12:44:12","2024-10-20 13:10:22","N"
"144","13","13","promotional_video","3","A","2022-12-28 12:44:12","2024-10-20 13:10:22","N"
"145","13","79","textcontent","4","A","2022-12-28 12:44:44","2025-06-24 14:06:31","Y"
"146","13","80","textcontent","5","A","2022-12-28 12:45:11","2026-01-31 16:01:00","Y"
"147","13","81","textcontent","6","A","2022-12-28 12:45:37","2024-12-15 13:12:53","Y"
"148","13","82","textcontent","7","A","2022-12-28 12:46:02","2024-10-25 17:10:52","Y"
"149","13","83","textcontent","8","A","2022-12-28 12:46:30","2024-10-20 13:10:22","Y"
"150","13","84","textcontent","9","A","2022-12-28 12:47:01","2026-08-03 18:08:46","Y"
"151","13","85","textcontent","11","A","2022-12-28 12:48:57","2024-12-15 13:12:29","Y"
"152","13","86","textcontent","10","P","2022-12-28 12:49:26","2026-01-22 21:01:50","Y"
"153","13","7","syllabus","12","A","2022-12-28 12:49:38","2024-10-20 13:10:22","Y"
"154","13","11","course_plan","15","A","2022-12-28 13:07:14","2024-10-20 13:10:22","Y"
"155","14","15","banner","1","A","0000-00-00 00:00:00","2024-10-20 15:10:44","N"
"156","14","13","program_overview","2","A","2022-12-28 13:22:17","2024-10-20 15:10:44","N"
"157","14","14","promotional_video","3","A","2022-12-28 13:22:17","2024-10-20 15:10:44","N"
"158","14","87","textcontent","4","A","2022-12-28 13:31:51","2024-10-20 15:10:44","Y"
"159","14","88","textcontent","5","A","2022-12-28 13:32:41","2025-06-24 14:06:27","Y"
"160","14","89","textcontent","6","A","2022-12-28 13:33:10","2025-06-24 14:06:57","Y"
"161","14","90","textcontent","7","A","2022-12-28 13:33:46","2025-06-24 14:06:29","Y"
"162","14","91","textcontent","8","A","2022-12-28 13:34:34","2025-06-24 15:06:12","Y"
"163","14","92","textcontent","9","A","2022-12-28 13:35:14","2025-06-24 15:06:21","Y"
"164","14","93","textcontent","10","A","2022-12-28 13:35:47","2024-10-25 19:10:46","Y"
"165","14","94","textcontent","11","A","2022-12-28 13:37:00","2025-06-24 14:06:02","Y"
"166","14","95","textcontent","12","A","2022-12-28 13:37:42","2025-06-24 14:06:17","Y"
"167","14","96","textcontent","13","A","2022-12-28 13:38:46","2025-06-24 14:06:37","Y"
"168","14","97","textcontent","14","A","2022-12-28 13:39:21","2024-10-20 15:10:44","Y"
"169","14","98","textcontent","15","A","2022-12-28 13:39:58","2026-01-30 11:01:09","Y"
"170","14","99","textcontent","16","A","2022-12-28 13:41:40","2026-03-12 14:03:56","Y"
"171","14","100","textcontent","17","A","2022-12-28 13:48:50","2024-10-25 19:10:35","Y"
"172","14","101","textcontent","18","A","2022-12-28 13:49:18","2024-10-20 15:10:44","Y"
"173","14","102","textcontent","19","A","2022-12-28 13:49:52","2024-10-25 19:10:02","Y"
"174","14","103","textcontent","20","A","2022-12-28 13:50:27","2024-10-25 19:10:13","Y"
"175","14","104","textcontent","21","A","2022-12-28 13:51:03","2024-10-25 19:10:42","Y"
"176","14","105","textcontent","22","A","2022-12-28 13:51:36","2025-06-24 15:06:31","Y"
"177","14","106","textcontent","23","A","2022-12-28 13:52:11","2024-10-25 19:10:00","Y"
"178","14","107","textcontent","24","A","2022-12-28 13:52:55","2024-10-25 19:10:39","Y"
"179","14","108","textcontent","25","A","2022-12-28 13:53:28","2025-06-24 15:06:54","Y"
"180","14","3","academia_panel","26","A","2022-12-28 14:00:44","2024-10-20 15:10:44","Y"
"181","14","6","faculty","27","A","2022-12-28 14:01:25","2024-10-20 15:10:44","Y"
"182","14","8","syllabus","28","A","2022-12-28 14:01:43","2024-10-20 15:10:44","Y"
"183","14","12","course_plan","30","A","2022-12-28 14:25:12","2024-10-20 15:10:44","Y"
"184","15","16","banner","1","A","0000-00-00 00:00:00","2023-01-04 16:01:46","N"
"185","15","14","program_overview","2","A","2023-01-04 11:32:27",\N,"N"
"186","15","15","promotional_video","3","A","2023-01-04 11:32:27",\N,"N"
"187","15","13","course_plan","4","A","2023-01-04 16:04:06",\N,"Y"
"188","16","17","banner","1","A","0000-00-00 00:00:00","2026-08-21 13:08:21","N"
"189","16","15","program_overview","2","A","2023-01-11 13:03:47",\N,"N"
"190","16","16","promotional_video","3","A","2023-01-11 13:03:47",\N,"N"
"191","16","109","textcontent","4","A","2023-01-11 13:04:16","2025-06-24 14:06:43","Y"
"192","16","110","textcontent","5","A","2023-01-11 13:04:47","2023-01-11 14:01:36","Y"
"193","16","111","textcontent","6","A","2023-01-11 13:14:02","2026-01-30 10:01:46","Y"
"194","16","112","textcontent","7","P","2023-01-11 13:14:29","2026-01-22 21:01:59","Y"
"195","16","113","textcontent","8","A","2023-01-11 13:14:59","2025-06-23 22:06:47","Y"
"196","16","4","academia_panel","9","A","2023-01-11 13:19:46",\N,"Y"
"197","16","7","faculty","10","A","2023-01-11 13:20:42","2023-01-12 00:01:32","Y"
"198","16","9","syllabus","11","A","2023-01-11 13:20:51",\N,"Y"
"199","16","14","course_plan","12","A","2023-01-11 13:50:14",\N,"Y"
"200","17","18","banner","1","A","0000-00-00 00:00:00","2023-01-28 14:01:22","N"
"201","17","16","program_overview","2","A","2023-01-28 12:51:05","2023-01-28 13:01:04","N"
"202","17","17","promotional_video","3","A","2023-01-28 12:51:05","2023-01-28 13:01:04","N"
"203","17","114","textcontent","4","A","2023-01-28 12:52:33","2023-01-28 13:01:04","Y"
"204","17","115","textcontent","5","A","2023-01-28 12:53:27","2023-01-28 13:01:04","Y"
"205","17","116","textcontent","6","A","2023-01-28 12:54:22","2023-01-28 13:01:04","Y"
"206","17","117","textcontent","7","A","2023-01-28 12:55:04","2023-01-28 14:01:06","Y"
"207","17","118","textcontent","8","A","2023-01-28 13:00:49","2023-01-30 16:01:16","Y"
"208","17","10","syllabus","10","A","2023-01-28 13:01:12","2023-01-28 13:01:04","Y"
"209","17","8","faculty","9","A","2023-01-28 13:54:50","2023-01-28 13:01:04","Y"
"210","17","15","course_plan","11","A","2023-01-28 14:03:50",\N,"Y"
"211","18","19","banner","1","A","0000-00-00 00:00:00","2023-02-19 16:02:30","N"
"212","18","17","program_overview","2","A","2023-02-19 15:54:23",\N,"N"
"213","18","18","promotional_video","3","A","2023-02-19 15:54:23",\N,"N"
"214","18","119","textcontent","4","A","2023-02-19 15:55:00",\N,"Y"
"215","18","120","textcontent","5","A","2023-02-19 15:56:07","2023-02-19 15:02:47","Y"
"216","18","121","textcontent","6","A","2023-02-19 16:00:09","2023-02-19 16:02:26","Y"
"217","18","122","textcontent","7","A","2023-02-19 16:02:12","2023-02-19 16:02:32","Y"
"218","18","123","textcontent","8","A","2023-02-19 16:03:55",\N,"Y"
"219","18","124","textcontent","9","A","2023-02-19 16:04:15",\N,"Y"
"220","18","125","textcontent","10","A","2023-02-19 16:04:33",\N,"Y"
"221","18","126","textcontent","11","A","2023-02-19 16:04:52",\N,"Y"
"222","18","127","textcontent","12","A","2023-02-19 16:05:11",\N,"Y"
"223","18","128","textcontent","13","A","2023-02-19 16:05:34",\N,"Y"
"224","18","129","textcontent","14","A","2023-02-19 16:06:02","2023-02-19 16:02:00","Y"
"225","18","130","textcontent","15","A","2023-02-19 16:08:17","2026-08-03 18:08:34","Y"
"226","18","131","textcontent","16","P","2023-02-19 16:09:22","2026-01-22 21:01:35","Y"
"227","18","11","syllabus","17","A","2023-02-19 16:13:15",\N,"Y"
"228","18","16","course_plan","18","A","2023-02-19 16:22:40",\N,"Y"
"229","19","20","banner","1","A","0000-00-00 00:00:00","2023-03-16 17:03:32","N"
"230","19","18","program_overview","2","A","2023-03-16 17:09:11","2023-03-16 17:03:36","N"
"231","19","19","promotional_video","3","A","2023-03-16 17:09:11","2023-03-16 17:03:36","N"
"232","19","132","textcontent","4","A","2023-03-16 17:09:52","2023-03-16 17:03:36","Y"
"233","19","133","textcontent","5","A","2023-03-16 17:10:33","2023-03-16 17:03:36","Y"
"234","19","134","textcontent","6","A","2023-03-16 17:10:59","2023-03-16 17:03:36","Y"
"235","19","135","textcontent","7","A","2023-03-16 17:11:36","2023-03-16 17:03:36","Y"
"236","19","136","textcontent","8","A","2023-03-16 17:12:12","2023-03-16 18:03:53","Y"
"237","19","137","textcontent","9","A","2023-03-16 17:12:41","2023-03-16 17:03:36","Y"
"238","19","138","textcontent","10","A","2023-03-16 17:13:10","2023-03-16 17:03:36","Y"
"239","19","139","textcontent","11","A","2023-03-16 17:13:39","2023-03-16 17:03:45","Y"
"240","19","9","faculty","12","A","2023-03-16 17:14:45","2023-03-16 17:03:58","Y"
"241","19","140","textcontent","13","A","2023-03-16 17:15:13","2023-03-16 18:03:04","Y"
"242","19","17","course_plan","14","A","2023-03-16 17:16:53","2023-03-16 17:03:36","Y"
"243","20","21","banner","1","A","0000-00-00 00:00:00","2023-07-22 16:07:06","N"
"244","20","19","program_overview","2","A","2023-03-23 12:42:57","2023-07-22 16:07:06","N"
"245","20","20","promotional_video","3","A","2023-03-23 12:42:57","2023-07-22 16:07:06","N"
"246","20","141","textcontent","4","A","2023-03-23 12:43:41","2023-07-23 13:07:37","Y"
"247","20","18","course_plan","12","A","2023-03-23 12:48:54","2023-07-22 16:07:06","Y"
"248","20","142","textcontent","5","P","2023-03-23 14:26:28","2023-07-22 16:07:06","Y"
"249","20","143","textcontent","7","A","2023-03-23 14:26:46","2023-07-22 16:07:06","Y"
"250","20","144","textcontent","8","A","2023-03-23 14:27:53","2023-07-22 16:07:06","Y"
"251","20","145","textcontent","9","A","2023-03-23 14:29:01","2023-07-23 13:07:46","Y"
"252","20","10","faculty","10","A","2023-03-23 14:33:06","2023-07-23 12:07:20","Y"
"253","20","12","syllabus","11","A","2023-03-23 14:48:34","2023-07-22 16:07:06","N"
"254","21","22","banner","1","A","0000-00-00 00:00:00","2023-04-10 18:04:43","N"
"255","21","20","program_overview","2","A","2023-04-10 18:59:43",\N,"N"
"256","21","21","promotional_video","3","A","2023-04-10 18:59:43",\N,"N"
"257","21","19","course_plan","4","A","2023-04-10 19:01:32",\N,"Y"
"258","22","23","banner","1","A","0000-00-00 00:00:00","2023-04-19 15:04:09","N"
"259","22","21","program_overview","2","A","2023-04-19 13:57:20","2023-04-19 15:04:09","N"
"260","22","22","promotional_video","3","A","2023-04-19 13:57:20","2023-04-19 15:04:09","N"
"261","22","146","textcontent","4","A","2023-04-19 14:36:12","2023-04-19 15:04:09","Y"
"262","22","147","textcontent","5","A","2023-04-19 14:36:40","2023-04-19 16:04:10","Y"
"263","22","148","textcontent","6","A","2023-04-19 14:37:23","2023-04-19 15:04:45","Y"
"264","22","149","textcontent","7","A","2023-04-19 14:45:44","2023-04-19 15:04:09","Y"
"265","22","11","faculty","8","A","2023-04-19 14:46:06","2023-04-19 15:04:09","Y"
"266","22","13","syllabus","9","A","2023-04-19 14:50:00","2023-04-19 15:04:09","Y"
"267","22","20","course_plan","10","A","2023-04-19 15:43:43",\N,"Y"
"268","23","24","banner","1","A","0000-00-00 00:00:00","2025-12-06 15:12:08","N"
"269","23","22","program_overview","2","A","2023-04-19 15:44:58","2025-12-06 15:12:08","N"
"270","23","23","promotional_video","3","A","2023-04-19 15:44:58","2025-12-06 15:12:08","N"
"271","23","150","textcontent","4","A","2023-04-19 15:45:22","2025-12-06 15:12:08","Y"
"272","23","151","textcontent","5","A","2023-04-19 15:45:43","2025-12-06 15:12:08","Y"
"273","23","152","textcontent","6","A","2023-04-19 15:46:04","2025-12-06 15:12:08","Y"
"274","23","153","textcontent","7","A","2023-04-19 15:46:26","2025-12-06 15:12:08","Y"
"275","23","154","textcontent","8","A","2023-04-19 15:46:53","2025-12-06 15:12:08","Y"
"276","23","155","textcontent","9","A","2023-04-19 15:47:20","2025-12-06 15:12:08","Y"
"277","23","156","textcontent","10","P","2023-04-19 15:48:29","2025-12-06 15:12:08","Y"
"278","23","157","textcontent","11","A","2023-04-19 15:51:41","2026-08-03 18:08:48","Y"
"279","23","158","textcontent","13","A","2023-04-19 15:52:11","2025-12-06 15:12:08","Y"
"280","23","159","textcontent","14","A","2023-04-19 15:52:36","2025-12-06 15:12:08","Y"
"281","23","14","syllabus","16","A","2023-04-19 15:52:52","2025-12-06 15:12:08","Y"
"282","23","12","faculty","15","A","2023-04-19 16:27:27","2025-12-06 15:12:08","Y"
"283","23","21","course_plan","18","A","2023-04-19 16:27:54","2025-12-06 15:12:08","Y"
"284","24","25","banner","1","A","0000-00-00 00:00:00","2026-08-21 14:08:28","N"
"285","24","23","program_overview","2","A","2023-04-19 16:57:51","2025-11-25 17:11:10","N"
"286","24","24","promotional_video","3","A","2023-04-19 16:57:51","2025-11-25 17:11:10","N"
"287","24","160","textcontent","4","A","2023-04-19 16:58:53","2025-11-25 17:11:10","Y"
"288","24","161","textcontent","5","A","2023-04-19 16:59:15","2025-11-25 17:11:10","Y"
"289","24","162","textcontent","6","A","2023-04-19 16:59:42","2025-11-25 17:11:10","Y"
"290","24","163","textcontent","7","A","2023-04-19 17:00:07","2025-11-25 17:11:10","Y"
"291","24","164","textcontent","8","A","2023-04-19 17:00:35","2025-11-25 17:11:10","Y"
"292","24","165","textcontent","9","A","2023-04-19 17:01:01","2025-11-25 17:11:10","Y"
"293","24","166","textcontent","10","A","2023-04-19 17:02:42","2026-01-30 11:01:33","Y"
"294","24","167","textcontent","11","A","2023-04-19 17:03:14","2025-11-25 17:11:10","Y"
"295","24","168","textcontent","12","A","2023-04-19 17:03:37","2025-11-25 17:11:10","Y"
"296","24","13","faculty","14","A","2023-04-19 17:04:11","2025-11-25 17:11:10","Y"
"297","24","5","academia_panel","13","A","2023-04-19 17:10:22","2025-11-25 17:11:10","Y"
"298","24","15","syllabus","15","A","2023-04-19 17:10:53","2025-11-25 17:11:10","Y"
"299","24","22","course_plan","18","A","2023-04-19 17:25:51","2025-11-25 17:11:10","Y"
"300","25","26","banner","1","A","0000-00-00 00:00:00","2025-11-25 12:11:52","N"
"301","25","24","program_overview","2","A","2023-04-20 12:23:34","2025-11-25 12:11:52","N"
"302","25","25","promotional_video","3","A","2023-04-20 12:23:34","2025-11-25 12:11:52","N"
"303","25","169","textcontent","4","A","2023-04-20 12:24:09","2025-11-25 12:11:52","Y"
"304","25","170","textcontent","5","A","2023-04-20 12:24:42","2025-11-25 12:11:52","Y"
"305","25","171","textcontent","6","A","2023-04-20 12:26:03","2026-01-30 10:01:10","Y"
"306","25","14","faculty","11","A","2023-04-20 12:30:19","2025-11-25 12:11:52","Y"
"307","25","16","syllabus","12","A","2023-04-20 12:30:33","2025-11-25 12:11:52","Y"
"308","25","23","course_plan","13","A","2023-04-20 13:00:37","2025-11-25 12:11:52","Y"
"309","26","27","banner","1","A","0000-00-00 00:00:00","2025-11-25 16:11:50","N"
"310","26","25","program_overview","2","A","2023-04-28 20:04:45","2026-01-31 16:01:41","N"
"311","26","26","promotional_video","3","A","2023-04-28 20:04:45","2025-11-25 16:11:50","N"
"312","26","172","textcontent","6","A","2023-04-28 20:06:00","2025-11-25 16:11:50","Y"
"313","26","173","textcontent","7","A","2023-04-28 20:06:51","2025-11-25 16:11:50","Y"
"314","26","174","textcontent","8","A","2023-04-28 20:07:20","2025-11-25 16:11:50","Y"
"315","26","175","textcontent","9","A","2023-04-28 20:08:12","2025-11-25 16:11:50","Y"
"316","26","176","textcontent","10","A","2023-04-28 20:09:21","2026-01-30 10:01:01","Y"
"317","26","15","faculty","12","D","2023-04-28 20:09:53","2025-06-23 21:06:45","Y"
"318","26","17","syllabus","13","A","2023-04-28 20:10:06","2025-11-25 16:11:50","Y"
"319","26","24","course_plan","14","A","2023-04-28 20:44:22","2025-11-25 16:11:50","Y"
"320","27","28","banner","1","A","0000-00-00 00:00:00","2023-05-20 14:05:33","N"
"321","27","26","program_overview","2","A","2023-05-20 13:30:23","2023-05-20 14:05:33","N"
"322","27","27","promotional_video","3","A","2023-05-20 13:30:23","2023-05-20 14:05:33","N"
"323","27","177","textcontent","4","A","2023-05-20 13:31:13","2025-06-24 12:06:28","Y"
"324","27","178","textcontent","5","A","2023-05-20 13:31:39","2025-06-24 12:06:51","Y"
"325","27","179","textcontent","6","A","2023-05-20 13:32:29","2023-05-20 14:05:33","Y"
"326","27","180","textcontent","7","A","2023-05-20 13:33:04","2026-08-03 18:08:19","Y"
"327","27","16","faculty","9","A","2023-05-20 13:33:56","2023-05-20 14:05:33","Y"
"328","27","18","syllabus","10","A","2023-05-20 13:34:11","2023-05-20 14:05:33","Y"
"329","27","25","course_plan","11","A","2023-05-20 14:08:30","2023-05-20 14:05:33","Y"
"330","27","181","textcontent","8","P","2023-05-20 14:21:59","2026-01-22 21:01:58","Y"
"331","26","182","textcontent","12","P","2023-05-20 14:24:30","2026-01-22 21:01:13","Y"
"332","28","29","banner","1","A","0000-00-00 00:00:00","2025-11-25 14:11:38","N"
"333","28","27","program_overview","2","A","2023-05-21 12:12:52","2025-11-25 14:11:38","N"
"334","28","28","promotional_video","3","A","2023-05-21 12:12:52","2025-11-25 14:11:38","N"
"335","28","183","textcontent","4","A","2023-05-21 12:14:05","2025-11-25 14:11:38","Y"
"336","28","184","textcontent","7","A","2023-05-21 12:14:23","2025-11-25 14:11:38","Y"
"337","28","185","textcontent","9","A","2023-05-21 12:15:06","2025-11-25 14:11:38","Y"
"338","28","186","textcontent","10","A","2023-05-21 12:16:53","2026-08-03 18:08:50","Y"
"339","28","19","syllabus","12","A","2023-05-21 12:17:02","2025-11-25 14:11:38","Y"
"340","28","26","course_plan","15","A","2023-05-21 12:59:27","2025-11-25 14:11:38","Y"
"341","29","30","banner","1","A","0000-00-00 00:00:00","2026-08-08 15:08:52","N"
"342","29","187","textcontent","4","A","2023-06-08 20:13:33","2026-03-13 13:03:07","Y"
"343","29","188","textcontent","5","A","2023-06-08 20:13:33","2025-11-21 12:11:59","Y"
"344","29","189","textcontent","6","P","2023-06-08 20:13:33","2025-11-21 12:11:59","Y"
"345","29","190","textcontent","7","P","2023-06-08 20:13:33","2025-11-21 12:11:59","Y"
"346","29","20","syllabus","8","P","2023-06-08 20:13:33","2025-11-21 12:11:59","Y"
"347","29","27","course_plan","9","A","2023-06-08 20:13:33","2025-11-21 12:11:59","Y"
"348","11","191","textcontent","9","A","2023-06-21 15:04:37","2025-12-06 15:12:26","Y"
"349","11","192","textcontent","10","A","2023-06-21 15:05:16","2025-12-06 15:12:26","Y"
"350","11","5","testimonials","16","A","2023-06-21 15:07:04","2025-12-06 15:12:26","Y"
"351","20","6","testimonials","6","A","2023-06-27 15:36:48","2023-07-22 16:07:06","Y"
"352","6","7","testimonials","7","A","2023-06-27 16:53:53","2024-09-15 13:09:00","Y"
"353","30","31","banner","1","A","0000-00-00 00:00:00","2026-08-21 14:08:11","N"
"354","30","28","program_overview","2","A","2023-08-03 16:55:45","2025-11-25 17:11:57","N"
"355","30","29","promotional_video","3","A","2023-08-03 16:55:45","2025-11-25 17:11:57","N"
"356","30","193","textcontent","4","D","2023-08-03 16:56:16","2023-08-03 18:08:27","Y"
"357","30","194","textcontent","5","D","2023-08-03 16:56:22","2023-08-03 18:08:43","Y"
"358","30","195","textcontent","4","A","2023-08-03 16:56:22","2025-11-25 17:11:57","Y"
"359","30","196","textcontent","6","A","2023-08-03 16:56:45","2025-11-25 17:11:57","Y"
"360","30","197","textcontent","8","A","2023-08-03 17:00:59","2025-11-25 17:11:57","Y"
"361","30","198","textcontent","11","A","2023-08-03 17:01:44","2026-01-30 11:01:39","Y"
"362","30","17","faculty","12","A","2023-08-03 17:03:07","2025-11-25 17:11:57","Y"
"363","30","21","syllabus","14","A","2023-08-03 17:03:41","2025-11-25 17:11:57","Y"
"364","30","28","course_plan","15","A","2023-08-03 17:14:21","2025-11-25 17:11:57","Y"
"365","31","32","banner","1","A","0000-00-00 00:00:00","2026-08-21 13:08:07","N"
"366","31","29","program_overview","2","A","2023-08-03 20:03:21","2025-11-25 17:11:09","N"
"367","31","30","promotional_video","3","A","2023-08-03 20:03:21","2025-11-25 17:11:09","N"
"368","31","199","textcontent","4","A","2023-08-03 20:05:32","2025-11-25 17:11:09","Y"
"369","31","200","textcontent","6","A","2023-08-03 20:06:15","2025-11-25 17:11:09","Y"
"370","31","201","textcontent","7","A","2023-08-03 20:06:40","2026-01-30 10:01:41","Y"
"371","31","202","textcontent","9","A","2023-08-03 20:07:39","2025-11-25 17:11:09","Y"
"372","31","18","faculty","12","A","2023-08-03 20:08:11","2026-03-15 16:03:49","Y"
"373","31","22","syllabus","13","A","2023-08-03 20:08:25","2025-11-25 17:11:09","Y"
"374","31","8","testimonials","10","A","2023-08-03 20:21:26","2025-11-25 17:11:09","Y"
"375","31","29","course_plan","15","A","2023-08-03 20:23:02","2025-11-25 17:11:09","Y"
"376","32","33","banner","1","A","0000-00-00 00:00:00","2023-08-04 13:08:51","N"
"377","32","30","program_overview","2","A","2023-08-04 13:33:51",\N,"N"
"378","32","31","promotional_video","3","A","2023-08-04 13:33:51",\N,"N"
"379","33","34","banner","1","A","0000-00-00 00:00:00","2025-12-06 16:12:49","N"
"380","33","31","program_overview","2","A","2023-08-10 17:04:23","2025-12-06 16:12:49","N"
"381","33","32","promotional_video","3","A","2023-08-10 17:04:23","2025-12-06 16:12:49","N"
"382","33","203","textcontent","5","A","2023-08-10 17:05:46","2025-12-06 16:12:49","Y"
"383","33","204","textcontent","6","P","2023-08-10 17:06:11","2025-12-06 16:12:49","Y"
"384","33","205","textcontent","7","A","2023-08-10 17:06:34","2025-12-06 16:12:49","Y"
"385","33","206","textcontent","9","P","2023-08-10 17:08:19","2025-12-06 16:12:49","Y"
"386","33","207","textcontent","10","A","2023-08-10 17:08:52","2025-12-06 16:12:49","Y"
"387","33","208","textcontent","11","A","2023-08-10 17:09:22","2026-08-03 18:08:16","Y"
"388","33","30","course_plan","17","A","2023-08-10 17:28:55","2025-12-06 16:12:49","Y"
"389","34","35","banner","1","A","0000-00-00 00:00:00","2026-08-21 14:08:22","N"
"390","34","32","program_overview","2","A","2023-08-19 13:32:11","2024-11-06 14:11:24","N"
"391","34","33","promotional_video","3","A","2023-08-19 13:32:11","2024-11-06 14:11:24","N"
"392","34","209","textcontent","4","A","2023-08-19 13:33:04","2024-11-06 14:11:24","Y"
"393","34","210","textcontent","5","A","2023-08-19 13:33:27","2025-06-24 12:06:27","Y"
"394","34","211","textcontent","6","A","2023-08-19 13:33:49","2024-11-06 14:11:24","Y"
"395","34","212","textcontent","7","A","2023-08-19 13:34:55","2025-06-24 12:06:08","Y"
"396","34","213","textcontent","8","A","2023-08-19 13:35:32","2024-11-06 14:11:24","Y"
"397","34","214","textcontent","9","A","2023-08-19 13:36:11","2024-11-06 14:11:24","Y"
"398","34","215","textcontent","10","A","2023-08-19 13:36:35","2025-06-24 12:06:58","Y"
"399","34","216","textcontent","12","A","2023-08-19 13:36:56","2024-11-06 14:11:24","Y"
"400","34","217","textcontent","13","A","2023-08-19 13:38:25","2026-02-23 17:02:14","Y"
"401","34","218","textcontent","14","A","2023-08-19 13:39:05","2024-11-06 14:11:24","Y"
"402","34","19","faculty","15","A","2023-08-19 13:40:35","2024-11-06 14:11:23","Y"
"403","34","23","syllabus","16","A","2023-08-19 13:40:51","2024-11-06 14:11:24","Y"
"404","34","31","course_plan","17","A","2023-08-19 13:48:04","2024-11-06 14:11:24","Y"
"405","35","36","banner","1","A","0000-00-00 00:00:00","2024-09-20 15:09:41","N"
"406","35","33","program_overview","2","A","2023-08-31 21:46:39","2024-09-20 15:09:41","N"
"407","35","34","promotional_video","3","A","2023-08-31 21:46:39","2024-09-20 15:09:41","N"
"408","35","219","textcontent","4","A","2023-08-31 21:50:33","2024-09-20 15:09:41","Y"
"409","35","220","textcontent","5","A","2023-08-31 21:50:52","2024-09-20 15:09:41","Y"
"410","35","221","textcontent","6","A","2023-08-31 21:51:15","2025-06-24 15:06:02","Y"
"411","35","222","textcontent","7","A","2023-08-31 21:51:52","2025-06-24 15:06:37","Y"
"412","35","223","textcontent","8","A","2023-08-31 21:52:27","2026-08-03 18:08:30","Y"
"413","35","224","textcontent","9","A","2023-08-31 21:53:44","2025-06-24 15:06:04","Y"
"414","35","225","textcontent","10","A","2023-08-31 21:54:10","2024-09-20 15:09:26","Y"
"415","35","226","textcontent","11","A","2023-08-31 21:54:37","2025-06-24 15:06:21","Y"
"416","35","227","textcontent","12","A","2023-08-31 21:54:50","2024-09-20 15:09:57","Y"
"417","35","228","textcontent","13","A","2023-08-31 21:56:25","2024-09-20 15:09:41","Y"
"418","35","229","textcontent","14","A","2023-08-31 21:56:57","2025-06-24 15:06:54","Y"
"419","35","230","textcontent","15","A","2023-08-31 21:57:35","2026-03-12 14:03:45","Y"
"420","35","231","textcontent","16","A","2023-08-31 21:58:09","2024-09-20 15:09:41","Y"
"421","35","232","textcontent","18","A","2023-08-31 21:58:36","2025-06-24 15:06:34","Y"
"422","35","233","textcontent","19","A","2023-08-31 21:59:06","2025-06-24 15:06:09","Y"
"423","35","20","faculty","19","D","2023-08-31 22:00:58","2023-09-01 17:09:00","Y"
"424","35","32","course_plan","22","A","2023-08-31 22:03:48","2024-09-20 15:09:41","Y"
"425","35","24","syllabus","21","A","2023-09-01 14:49:54","2024-09-20 15:09:41","Y"
"426","36","37","banner","1","A","0000-00-00 00:00:00","2025-12-06 15:12:52","N"
"427","36","34","program_overview","2","A","2023-09-01 16:06:26","2025-12-06 15:12:52","N"
"428","36","35","promotional_video","3","A","2023-09-01 16:06:26","2025-12-06 15:12:52","N"
"429","36","234","textcontent","4","A","2023-09-01 16:08:09","2025-12-06 15:12:52","Y"
"430","36","235","textcontent","5","A","2023-09-01 16:08:30","2025-12-06 15:12:52","Y"
"431","36","236","textcontent","6","A","2023-09-01 16:08:50","2025-12-06 15:12:52","Y"
"432","36","237","textcontent","7","A","2023-09-01 16:09:17","2025-12-06 15:12:52","Y"
"433","36","238","textcontent","8","A","2023-09-01 16:09:37","2025-12-06 15:12:52","Y"
"434","36","239","textcontent","9","A","2023-09-01 16:10:21","2025-12-06 15:12:52","Y"
"435","36","240","textcontent","10","A","2023-09-01 16:11:18","2026-08-03 18:08:45","Y"
"436","36","241","textcontent","11","D","2023-09-01 16:11:54","2025-12-06 15:12:27","Y"
"437","36","242","textcontent","12","A","2023-09-01 16:12:19","2025-12-06 15:12:52","Y"
"438","36","243","textcontent","13","A","2023-09-01 16:14:02","2025-12-06 15:12:52","Y"
"439","36","21","faculty","14","A","2023-09-01 16:15:04","2025-12-06 15:12:52","Y"
"440","36","244","textcontent","15","A","2023-09-01 16:15:28","2025-12-06 15:12:52","Y"
"441","36","25","syllabus","16","A","2023-09-01 16:15:38","2025-12-06 15:12:52","Y"
"442","36","33","course_plan","17","A","2023-09-01 17:16:04","2025-12-06 15:12:52","Y"
"443","35","6","academia_panel","20","A","2023-09-01 17:26:56","2024-09-20 15:09:41","Y"
"444","37","38","banner","1","A","0000-00-00 00:00:00","2026-08-21 14:08:11","N"
"445","37","35","program_overview","2","A","2023-10-13 18:52:33","2024-12-27 15:12:26","N"
"446","37","36","promotional_video","3","A","2023-10-13 18:52:33","2024-12-27 15:12:26","N"
"447","37","245","textcontent","4","A","2023-10-13 18:54:16","2024-12-27 15:12:26","Y"
"448","37","246","textcontent","8","A","2023-10-13 18:54:59","2024-12-27 15:12:26","Y"
"449","37","247","textcontent","9","A","2023-10-13 18:55:30","2024-12-27 15:12:26","Y"
"450","37","248","textcontent","10","A","2023-10-13 18:57:08","2024-12-27 15:12:26","Y"
"451","37","249","textcontent","11","A","2023-10-13 19:10:23","2024-12-27 15:12:26","Y"
"452","37","250","textcontent","12","A","2023-10-13 19:10:58","2024-12-27 15:12:26","Y"
"453","37","251","textcontent","13","A","2023-10-13 19:11:28","2024-12-27 15:12:26","Y"
"454","37","252","textcontent","14","A","2023-10-13 19:12:10","2026-08-03 18:08:10","Y"
"455","37","253","textcontent","15","P","2023-10-13 19:12:40","2026-01-22 21:01:51","Y"
"456","37","254","textcontent","16","A","2023-10-13 19:13:14","2024-12-27 15:12:26","Y"
"457","37","255","textcontent","17","A","2023-10-13 19:13:45","2024-12-27 15:12:26","Y"
"458","37","7","academia_panel","18","A","2023-10-13 19:14:22","2024-12-27 15:12:26","Y"
"459","37","22","faculty","19","A","2023-10-13 19:16:16","2025-04-16 14:04:59","Y"
"460","37","26","syllabus","20","A","2023-10-13 19:16:37","2024-12-27 15:12:26","Y"
"461","37","34","course_plan","21","A","2023-10-13 19:37:38","2024-12-27 15:12:26","Y"
"462","38","39","banner","1","A","0000-00-00 00:00:00","2023-10-13 20:10:36","N"
"463","38","36","program_overview","2","A","2023-10-13 19:46:29",\N,"N"
"464","38","37","promotional_video","3","A","2023-10-13 19:46:29",\N,"N"
"465","38","256","textcontent","4","A","2023-10-13 19:47:35","2025-06-24 13:06:39","Y"
"466","38","257","textcontent","5","A","2023-10-13 19:48:26","2025-06-24 13:06:14","Y"
"467","38","258","textcontent","6","A","2023-10-13 19:49:05",\N,"Y"
"468","38","259","textcontent","7","A","2023-10-13 19:50:06","2025-06-24 13:06:08","Y"
"469","38","260","textcontent","8","A","2023-10-13 19:50:54","2025-06-24 13:06:31","Y"
"470","38","261","textcontent","9","A","2023-10-13 19:51:27","2025-06-24 13:06:03","Y"
"471","38","262","textcontent","10","A","2023-10-13 19:52:07",\N,"Y"
"472","38","263","textcontent","11","P","2023-10-13 19:53:20",\N,"Y"
"473","38","264","textcontent","12","P","2023-10-13 19:54:17","2026-01-22 21:01:03","Y"
"474","38","265","textcontent","13","A","2023-10-13 19:54:54",\N,"Y"
"475","38","266","textcontent","14","A","2023-10-13 19:55:35",\N,"Y"
"476","38","27","syllabus","15","A","2023-10-13 19:58:08",\N,"Y"
"477","38","267","textcontent","16","D","2023-10-13 20:08:08","2023-10-13 20:10:31","Y"
"478","38","35","course_plan","17","A","2023-10-13 20:17:54",\N,"Y"
"479","39","40","banner","1","A","0000-00-00 00:00:00","2023-10-28 17:10:36","N"
"480","39","37","program_overview","2","A","2023-10-28 16:50:53",\N,"N"
"481","39","38","promotional_video","3","A","2023-10-28 16:50:53",\N,"N"
"482","39","268","textcontent","4","A","2023-10-28 16:51:42","2023-10-29 16:10:31","Y"
"483","39","269","textcontent","5","A","2023-10-28 16:52:12","2023-10-29 16:10:52","Y"
"484","39","270","textcontent","6","A","2023-10-28 16:52:39",\N,"Y"
"485","39","271","textcontent","7","A","2023-10-28 16:53:21",\N,"Y"
"486","39","272","textcontent","8","A","2023-10-28 16:53:48",\N,"Y"
"487","39","273","textcontent","9","A","2023-10-28 16:54:52","2023-10-29 17:10:55","Y"
"488","39","274","textcontent","10","A","2023-10-28 16:55:25",\N,"Y"
"489","39","275","textcontent","11","A","2023-10-28 16:56:01",\N,"Y"
"490","39","276","textcontent","12","A","2023-10-28 16:56:30",\N,"Y"
"491","39","277","textcontent","13","A","2023-10-28 16:57:02",\N,"Y"
"492","39","23","faculty","14","A","2023-10-28 16:57:56","2023-10-29 16:10:34","Y"
"493","39","28","syllabus","15","A","2023-10-28 16:58:12",\N,"Y"
"494","40","41","banner","1","A","0000-00-00 00:00:00","2024-09-20 15:09:43","N"
"495","40","38","program_overview","2","A","2023-10-28 17:33:48","2025-01-05 18:01:29","N"
"496","40","39","promotional_video","3","A","2023-10-28 17:33:48","2024-09-20 15:09:43","N"
"497","40","278","textcontent","4","A","2023-10-28 17:36:04","2024-12-08 13:12:08","Y"
"498","40","279","textcontent","8","A","2023-10-28 17:36:39","2024-09-20 15:09:43","Y"
"499","40","280","textcontent","9","A","2023-10-28 17:37:06","2026-08-03 18:08:16","Y"
"500","40","281","textcontent","10","A","2023-10-28 17:37:51","2024-12-08 13:12:45","Y"
"501","40","24","faculty","11","A","2023-10-28 17:40:12","2025-01-05 18:01:56","Y"
"502","40","29","syllabus","12","A","2023-10-28 17:40:27","2024-09-20 15:09:43","Y"
"503","40","36","course_plan","13","A","2023-10-28 18:12:39","2024-09-20 15:09:43","Y"
"504","39","37","course_plan","16","A","2023-10-28 18:13:02",\N,"Y"
"505","41","42","banner","1","A","0000-00-00 00:00:00","2026-03-13 18:03:32","N"
"506","41","39","program_overview","2","A","2023-12-22 19:38:15","2026-03-13 18:03:32","N"
"507","41","40","promotional_video","3","A","2023-12-22 19:38:15","2026-03-13 18:03:32","N"
"508","41","282","textcontent","4","A","2023-12-22 19:41:56","2026-03-13 18:03:32","Y"
"509","41","283","textcontent","5","A","2023-12-22 19:43:43","2026-03-13 18:03:32","Y"
"510","41","284","textcontent","6","A","2023-12-22 19:57:26","2026-08-03 18:08:58","Y"
"511","41","285","textcontent","8","A","2023-12-22 19:58:42","2026-03-13 18:03:32","Y"
"512","41","286","textcontent","10","A","2023-12-22 19:59:54","2026-03-13 18:03:32","Y"
"513","41","30","syllabus","11","A","2023-12-22 20:02:43","2026-03-13 18:03:32","Y"
"514","42","43","banner","1","A","0000-00-00 00:00:00","2025-11-25 17:11:49","N"
"515","42","40","program_overview","2","A","2023-12-22 20:45:41","2025-11-25 17:11:49","N"
"516","42","41","promotional_video","3","A","2023-12-22 20:45:41","2025-11-25 17:11:49","N"
"517","42","287","textcontent","4","A","2023-12-22 20:46:30","2025-11-25 17:11:49","Y"
"518","42","288","textcontent","5","A","2023-12-22 20:48:16","2025-11-25 17:11:49","Y"
"519","42","289","textcontent","6","A","2023-12-22 20:54:30","2026-08-03 18:08:10","Y"
"520","42","290","textcontent","7","A","2023-12-22 20:55:48","2025-11-25 17:11:49","Y"
"521","42","291","textcontent","8","D","2023-12-22 20:55:51","2023-12-22 20:12:32","Y"
"522","42","292","textcontent","9","D","2023-12-22 20:55:54","2023-12-22 20:12:20","Y"
"523","42","293","textcontent","9","A","2023-12-22 20:57:16","2025-11-25 17:11:49","Y"
"524","42","294","textcontent","11","D","2023-12-22 21:02:27","2023-12-22 21:12:16","Y"
"525","42","38","course_plan","12","D","2023-12-22 21:04:35","2023-12-22 21:12:03","Y"
"526","43","44","banner","1","A","0000-00-00 00:00:00","2025-12-06 15:12:01","N"
"527","43","41","program_overview","2","A","2023-12-22 21:06:53","2025-12-06 15:12:01","N"
"528","43","42","promotional_video","3","A","2023-12-22 21:06:53","2025-12-06 15:12:01","N"
"529","43","295","textcontent","4","A","2023-12-22 21:09:14","2025-12-06 15:12:01","Y"
"530","43","296","textcontent","5","A","2023-12-22 21:10:55","2025-12-06 15:12:01","Y"
"531","43","297","textcontent","6","A","2023-12-22 21:12:16","2026-08-03 18:08:18","Y"
"532","43","298","textcontent","8","A","2023-12-22 21:14:09","2025-12-06 15:12:01","Y"
"533","43","299","textcontent","8","D","2023-12-22 21:14:12","2023-12-22 21:12:42","Y"
"534","43","300","textcontent","9","A","2023-12-22 21:16:54","2025-12-06 15:12:01","Y"
"535","43","301","textcontent","10","D","2023-12-22 21:21:22","2023-12-22 21:12:08","Y"
"536","43","39","course_plan","11","D","2023-12-22 21:24:21","2023-12-22 21:12:55","Y"
"537","41","40","course_plan","12","A","2023-12-22 21:24:42","2026-03-13 18:03:32","Y"
"538","42","31","syllabus","10","A","2023-12-22 21:31:30","2025-11-25 17:11:49","Y"
"539","42","41","course_plan","11","A","2023-12-22 21:45:48","2025-11-25 17:11:49","Y"
"540","43","32","syllabus","10","A","2023-12-22 21:47:09","2025-12-06 15:12:01","Y"
"541","43","42","course_plan","11","A","2023-12-22 22:58:24","2025-12-06 15:12:01","Y"
"542","44","45","banner","1","A","0000-00-00 00:00:00","2024-06-08 12:06:06","N"
"543","44","42","program_overview","2","A","2024-01-28 11:37:42","2024-08-08 13:08:19","N"
"544","44","43","promotional_video","3","A","2024-01-28 11:37:42","2024-06-08 12:06:06","N"
"545","44","302","textcontent","6","A","2024-01-28 11:38:27","2024-08-08 13:08:14","Y"
"546","44","303","textcontent","7","A","2024-01-28 11:39:50","2024-08-08 14:08:18","Y"
"547","44","304","textcontent","11","A","2024-01-28 11:42:50","2024-06-08 12:06:45","Y"
"548","44","305","textcontent","10","A","2024-01-28 11:43:11","2024-08-08 13:08:13","Y"
"549","44","25","faculty","12","A","2024-01-28 11:47:19","2024-06-08 14:06:39","Y"
"550","44","33","syllabus","13","A","2024-01-28 11:52:12","2024-06-08 12:06:06","Y"
"551","6","34","syllabus","15","A","2024-02-09 13:41:15","2024-09-15 13:09:00","Y"
"552","33","35","syllabus","15","A","2024-02-09 14:10:07","2025-12-06 16:12:49","Y"
"553","3","36","syllabus","15","A","2024-02-09 15:31:19","2025-11-24 21:11:19","Y"
"554","44","43","course_plan","14","A","2024-02-24 12:19:06","2024-06-08 12:06:06","Y"
"555","45","46","banner","1","A","0000-00-00 00:00:00","2024-03-17 11:03:21","N"
"556","45","43","program_overview","2","A","2024-03-17 10:36:29",\N,"N"
"557","45","44","promotional_video","3","A","2024-03-17 10:36:29",\N,"N"
"558","45","37","syllabus","4","A","2024-03-17 10:36:41",\N,"Y"
"559","45","44","course_plan","5","A","2024-03-17 11:06:50",\N,"Y"
"560","46","47","banner","1","A","0000-00-00 00:00:00","2024-04-14 10:04:05","N"
"561","46","44","program_overview","2","A","2024-04-14 10:00:13","2024-04-14 10:04:05","N"
"562","46","45","promotional_video","3","A","2024-04-14 10:00:13","2024-04-14 10:04:05","N"
"563","46","306","textcontent","4","A","2024-04-14 10:01:26","2024-06-29 15:06:30","Y"
"564","46","307","textcontent","5","A","2024-04-14 10:01:58","2024-04-14 10:04:05","Y"
"565","46","308","textcontent","6","A","2024-04-14 10:05:31","2024-04-14 10:04:05","Y"
"566","46","26","faculty","8","A","2024-04-14 10:06:42","2024-04-14 10:04:05","Y"
"567","46","38","syllabus","9","A","2024-04-14 10:06:59","2024-04-14 10:04:05","Y"
"568","46","45","course_plan","10","A","2024-04-14 10:28:21","2024-04-14 10:04:05","Y"
"569","46","309","textcontent","7","A","2024-04-14 10:37:58","2024-04-14 10:04:05","Y"
"570","47","48","banner","1","A","0000-00-00 00:00:00","2024-04-20 23:04:12","N"
"571","47","45","program_overview","2","A","2024-04-20 23:37:01",\N,"N"
"572","47","46","promotional_video","3","A","2024-04-20 23:37:01",\N,"N"
"573","47","39","syllabus","4","A","2024-04-20 23:37:13",\N,"Y"
"574","47","46","course_plan","5","A","2024-04-20 23:53:15",\N,"Y"
"575","48","49","banner","1","A","0000-00-00 00:00:00","2025-11-25 17:11:38","N"
"576","48","46","program_overview","2","A","2024-05-18 18:30:14","2025-11-25 17:11:38","N"
"577","48","47","promotional_video","3","A","2024-05-18 18:30:14","2025-11-25 17:11:38","N"
"578","48","40","syllabus","4","A","2024-05-18 18:30:26","2025-11-25 17:11:38","Y"
"579","48","47","course_plan","6","A","2024-05-18 18:58:34","2025-11-25 17:11:38","Y"
"580","49","50","banner","1","A","0000-00-00 00:00:00","2024-05-21 17:05:08","N"
"581","49","47","program_overview","2","A","2024-05-21 16:33:14","2024-05-21 17:05:08","N"
"582","49","48","promotional_video","3","A","2024-05-21 16:33:14","2024-05-21 17:05:08","N"
"583","49","310","textcontent","4","A","2024-05-21 16:34:11","2024-05-21 17:05:08","Y"
"584","49","311","textcontent","5","A","2024-05-21 16:34:41","2024-05-21 17:05:08","Y"
"585","49","312","textcontent","6","A","2024-05-21 16:35:06","2024-05-21 17:05:08","Y"
"586","49","313","textcontent","7","A","2024-05-21 16:35:31","2024-05-21 17:05:08","Y"
"587","49","314","textcontent","8","A","2024-05-21 16:35:57","2024-05-21 17:05:08","Y"
"588","49","315","textcontent","9","A","2024-05-21 16:36:26","2024-05-21 17:05:08","Y"
"589","49","316","textcontent","10","A","2024-05-21 16:36:50","2024-05-21 17:05:08","Y"
"590","49","317","textcontent","11","A","2024-05-21 16:37:20","2024-05-21 17:05:08","Y"
"591","49","318","textcontent","12","A","2024-05-21 16:37:52","2024-05-21 17:05:08","Y"
"592","49","319","textcontent","13","A","2024-05-21 16:38:34","2024-05-21 17:05:08","Y"
"593","49","320","textcontent","14","A","2024-05-21 16:38:58","2024-05-21 17:05:08","Y"
"594","49","321","textcontent","15","A","2024-05-21 16:39:24","2024-05-21 17:05:08","Y"
"595","49","8","academia_panel","16","A","2024-05-21 16:40:35","2024-05-21 17:05:08","Y"
"596","49","9","academia_panel","17","D","2024-05-21 16:40:38","2024-05-21 16:05:45","Y"
"597","49","27","faculty","17","A","2024-05-21 16:41:06","2024-05-21 17:05:08","Y"
"598","49","48","course_plan","19","A","2024-05-21 16:42:43","2024-05-21 17:05:08","Y"
"599","49","322","textcontent","20","A","2024-05-21 16:43:02","2024-05-21 17:05:08","Y"
"600","49","41","syllabus","18","A","2024-05-21 16:52:15","2024-05-21 17:05:08","Y"
"601","50","51","banner","1","A","0000-00-00 00:00:00","2024-05-21 18:05:51","N"
"602","50","48","program_overview","2","A","2024-05-21 17:29:17",\N,"N"
"603","50","49","promotional_video","3","A","2024-05-21 17:29:17",\N,"N"
"604","50","323","textcontent","4","A","2024-05-21 17:50:24",\N,"Y"
"605","50","324","textcontent","5","A","2024-05-21 18:02:32",\N,"Y"
"606","50","325","textcontent","6","A","2024-05-21 18:02:56",\N,"Y"
"607","50","326","textcontent","7","A","2024-05-21 18:03:21",\N,"Y"
"608","50","327","textcontent","8","A","2024-05-21 18:03:55",\N,"Y"
"609","50","328","textcontent","9","A","2024-05-21 18:04:22",\N,"Y"
"610","50","28","faculty","10","A","2024-05-21 18:04:51",\N,"Y"
"611","50","329","textcontent","11","A","2024-05-21 18:05:23",\N,"Y"
"612","50","330","textcontent","12","A","2024-05-21 18:05:52",\N,"Y"
"613","50","331","textcontent","13","A","2024-05-21 18:06:19",\N,"Y"
"614","50","42","syllabus","14","A","2024-05-21 18:06:40",\N,"Y"
"615","50","49","course_plan","15","A","2024-05-21 18:17:22",\N,"Y"
"616","51","52","banner","1","A","0000-00-00 00:00:00","2024-05-31 17:05:18","N"
"617","51","49","program_overview","2","A","2024-05-31 16:11:18",\N,"N"
"618","51","50","promotional_video","3","A","2024-05-31 16:11:18",\N,"N"
"619","51","332","textcontent","4","D","2024-05-31 16:11:52","2024-05-31 17:05:53","Y"
"620","51","43","syllabus","5","D","2024-05-31 16:12:04","2024-05-31 17:05:46","Y"
"621","52","53","banner","1","A","0000-00-00 00:00:00","2025-12-06 15:12:28","N"
"622","52","50","program_overview","2","A","2024-06-01 13:44:26","2025-12-06 15:12:28","N"
"623","52","51","promotional_video","3","A","2024-06-01 13:44:26","2025-12-06 15:12:28","N"
"624","53","54","banner","1","A","0000-00-00 00:00:00","2024-06-01 13:06:16","N"
"625","53","51","program_overview","2","A","2024-06-01 13:47:08",\N,"N"
"626","53","52","promotional_video","3","A","2024-06-01 13:47:08",\N,"N"
"627","52","44","syllabus","4","D","2024-06-02 12:45:52","2024-06-02 13:06:37","Y"
"628","51","45","syllabus","6","A","2024-06-02 13:20:55",\N,"Y"
"629","52","46","syllabus","5","A","2024-06-02 13:40:43","2025-12-06 15:12:28","Y"
"630","51","50","course_plan","7","A","2024-06-02 13:44:59",\N,"Y"
"631","52","51","course_plan","10","A","2024-06-02 14:02:28","2025-12-06 15:12:28","Y"
"632","52","52","course_plan","7","D","2024-06-02 14:02:31","2024-06-02 14:06:27","Y"
"633","44","333","textcontent","4","A","2024-06-08 12:07:53","2024-08-08 13:08:58","Y"
"634","44","334","textcontent","9","A","2024-06-08 12:09:25","2024-08-08 14:08:08","Y"
"635","44","335","textcontent","8","A","2024-06-08 12:10:31","2024-08-08 13:08:51","Y"
"636","44","9","testimonials","5","A","2024-06-08 12:27:06","2024-08-08 14:08:07","Y"
"637","54","55","banner","1","A","0000-00-00 00:00:00","2025-12-06 15:12:01","N"
"638","54","52","program_overview","2","A","2024-06-28 14:09:31","2025-12-06 15:12:01","N"
"639","54","53","promotional_video","3","A","2024-06-28 14:09:31","2025-12-06 15:12:01","N"
"640","54","47","syllabus","4","A","2024-06-28 14:09:42","2025-12-06 15:12:01","Y"
"641","54","53","course_plan","6","A","2024-06-28 14:20:18","2025-12-06 15:12:01","Y"
"642","55","56","banner","1","A","0000-00-00 00:00:00","2025-12-06 18:12:13","N"
"643","55","53","program_overview","2","A","2024-06-29 15:10:02","2025-12-06 18:12:13","N"
"644","55","54","promotional_video","3","A","2024-06-29 15:10:02","2025-12-06 18:12:13","N"
"645","55","336","textcontent","6","D","2024-06-29 15:11:27","2025-01-10 14:01:31","Y"
"646","55","337","textcontent","5","A","2024-06-29 15:11:56","2025-12-06 18:12:13","Y"
"647","55","338","textcontent","4","D","2024-06-29 15:12:49","2025-02-07 17:02:47","Y"
"648","55","339","textcontent","9","A","2024-06-29 15:13:25","2025-12-06 18:12:13","Y"
"649","55","29","faculty","12","A","2024-06-29 15:14:11","2025-12-06 18:12:13","Y"
"650","55","48","syllabus","13","A","2024-06-29 15:14:24","2025-12-06 18:12:13","Y"
"651","55","54","course_plan","14","A","2024-06-29 15:40:51","2025-12-06 18:12:13","Y"
"652","56","57","banner","1","A","0000-00-00 00:00:00","2024-07-25 17:07:00","N"
"653","56","54","program_overview","2","A","2024-07-11 16:15:35","2024-07-13 21:07:42","N"
"654","56","55","promotional_video","3","A","2024-07-11 16:15:35","2024-07-13 21:07:42","N"
"655","56","49","syllabus","11","A","2024-07-11 16:22:34","2024-07-13 21:07:42","Y"
"656","56","30","faculty","13","A","2024-07-11 17:34:06","2024-07-13 21:07:42","Y"
"657","56","340","textcontent","18","P","2024-07-11 17:36:42","2024-07-13 21:07:42","Y"
"658","56","341","textcontent","10","A","2024-07-11 18:05:36","2024-07-13 21:07:42","Y"
"659","56","342","textcontent","12","A","2024-07-11 18:08:10","2024-07-16 17:07:17","Y"
"660","56","343","textcontent","17","P","2024-07-11 18:42:15","2024-07-13 21:07:42","Y"
"661","56","344","textcontent","16","P","2024-07-11 18:51:14","2024-07-13 21:07:42","Y"
"662","56","345","textcontent","4","A","2024-07-13 12:58:14","2024-07-25 16:07:23","Y"
"663","56","346","textcontent","5","A","2024-07-13 12:59:05","2024-07-13 21:07:42","Y"
"664","56","347","textcontent","6","A","2024-07-13 12:59:31","2024-07-13 21:07:42","Y"
"665","56","348","textcontent","7","A","2024-07-13 13:00:04","2024-08-14 21:08:00","Y"
"666","56","349","textcontent","8","A","2024-07-13 13:00:41","2024-07-13 21:07:42","Y"
"667","56","350","textcontent","9","A","2024-07-13 13:02:33","2024-08-14 21:08:41","Y"
"668","56","55","course_plan","19","A","2024-07-13 13:06:44","2024-07-25 17:07:13","Y"
"669","56","351","textcontent","18","D","2024-07-13 14:08:05","2024-07-13 14:07:24","Y"
"670","56","352","textcontent","20","P","2024-07-13 14:25:31","2024-07-13 21:07:42","Y"
"671","56","353","textcontent","15","P","2024-07-13 16:48:36","2024-07-25 17:07:22","Y"
"672","56","354","textcontent","14","P","2024-07-13 20:49:19","2024-07-25 18:07:41","Y"
"673","57","58","banner","1","A","0000-00-00 00:00:00","2024-07-14 14:07:18","N"
"674","57","55","program_overview","2","A","2024-07-14 13:50:06",\N,"N"
"675","57","56","promotional_video","3","A","2024-07-14 13:50:06",\N,"N"
"676","57","50","syllabus","4","A","2024-07-14 13:52:01",\N,"Y"
"677","57","56","course_plan","5","A","2024-07-14 14:03:17",\N,"Y"
"678","57","57","course_plan","6","D","2024-07-14 14:03:19","2024-07-14 14:07:40","Y"
"679","57","58","course_plan","7","D","2024-07-14 14:03:22","2024-07-14 14:07:51","Y"
"680","58","59","banner","1","A","0000-00-00 00:00:00","2024-07-25 17:07:54","N"
"681","58","56","program_overview","2","A","2024-07-25 14:05:36","2024-07-25 14:07:00","N"
"682","58","57","promotional_video","3","A","2024-07-25 14:05:36",\N,"N"
"683","58","355","textcontent","4","A","2024-07-25 14:07:21",\N,"Y"
"684","58","356","textcontent","5","A","2024-07-25 14:08:54",\N,"Y"
"685","58","357","textcontent","6","A","2024-07-25 14:09:21",\N,"Y"
"686","58","358","textcontent","7","A","2024-07-25 14:09:51",\N,"Y"
"687","58","359","textcontent","8","A","2024-07-25 14:10:33",\N,"Y"
"688","58","31","faculty","9","A","2024-07-25 14:11:03","2024-07-25 19:07:10","Y"
"689","58","51","syllabus","10","A","2024-07-25 14:11:13",\N,"Y"
"690","58","360","textcontent","11","D","2024-07-25 14:14:35","2024-07-25 17:07:10","Y"
"691","59","60","banner","1","A","0000-00-00 00:00:00","2024-07-25 19:07:10","N"
"692","59","57","program_overview","2","A","2024-07-25 16:17:52","2024-07-25 16:07:51","N"
"693","59","58","promotional_video","3","A","2024-07-25 16:17:52",\N,"N"
"694","59","361","textcontent","4","A","2024-07-25 16:19:09",\N,"Y"
"695","59","362","textcontent","5","A","2024-07-25 16:21:20",\N,"Y"
"696","59","363","textcontent","6","A","2024-07-25 16:21:54",\N,"Y"
"697","59","364","textcontent","7","A","2024-07-25 16:23:53",\N,"Y"
"698","59","52","syllabus","8","A","2024-07-25 16:24:04",\N,"Y"
"699","59","365","textcontent","9","D","2024-07-25 16:35:04","2024-07-25 17:07:12","Y"
"700","58","59","course_plan","12","A","2024-07-25 17:40:29",\N,"Y"
"701","59","60","course_plan","10","A","2024-07-25 17:41:34",\N,"Y"
"702","60","61","banner","1","A","0000-00-00 00:00:00","2025-12-06 18:12:55","N"
"703","60","58","program_overview","2","A","2024-08-14 18:29:46","2025-12-06 18:12:55","N"
"704","60","59","promotional_video","3","A","2024-08-14 18:29:46","2025-12-06 18:12:55","N"
"705","60","53","syllabus","8","A","2024-08-14 18:30:12","2025-12-06 18:12:55","Y"
"706","61","62","banner","1","A","0000-00-00 00:00:00","2024-08-14 22:08:39","N"
"707","61","59","program_overview","2","A","2024-08-14 18:54:29","2024-08-14 22:08:39","N"
"708","61","60","promotional_video","3","A","2024-08-14 18:54:29","2024-08-14 22:08:39","N"
"709","61","54","syllabus","8","A","2024-08-14 18:54:51","2024-08-14 22:08:39","Y"
"710","62","63","banner","1","P","0000-00-00 00:00:00","2024-08-14 19:08:14","Y"
"711","62","55","syllabus","11","D","2024-08-14 19:30:14","2024-08-16 16:08:00","Y"
"712","62","32","faculty","13","P","2024-08-14 19:30:14",\N,"Y"
"713","62","366","textcontent","18","P","2024-08-14 19:30:14",\N,"Y"
"714","62","367","textcontent","10","P","2024-08-14 19:30:14",\N,"Y"
"715","62","368","textcontent","12","P","2024-08-14 19:30:14",\N,"Y"
"716","62","369","textcontent","17","P","2024-08-14 19:30:14",\N,"Y"
"717","62","370","textcontent","16","P","2024-08-14 19:30:14",\N,"Y"
"718","62","371","textcontent","4","P","2024-08-14 19:30:14",\N,"Y"
"719","62","372","textcontent","5","P","2024-08-14 19:30:14",\N,"Y"
"720","62","373","textcontent","6","P","2024-08-14 19:30:14",\N,"Y"
"721","62","374","textcontent","7","P","2024-08-14 19:30:14",\N,"Y"
"722","62","375","textcontent","8","P","2024-08-14 19:30:14",\N,"Y"
"723","62","376","textcontent","9","P","2024-08-14 19:30:14",\N,"Y"
"724","62","61","course_plan","19","P","2024-08-14 19:30:14",\N,"Y"
"725","62","377","textcontent","18","P","2024-08-14 19:30:14",\N,"Y"
"726","62","378","textcontent","20","P","2024-08-14 19:30:14",\N,"Y"
"727","62","379","textcontent","15","P","2024-08-14 19:30:14",\N,"Y"
"728","62","380","textcontent","14","P","2024-08-14 19:30:14",\N,"Y"
"729","63","64","banner","1","P","0000-00-00 00:00:00","2024-08-16 16:08:39","N"
"730","63","56","syllabus","9","D","2024-08-14 19:32:30","2024-08-16 16:08:00","Y"
"731","63","33","faculty","11","P","2024-08-14 19:32:30","2024-08-16 16:08:39","Y"
"732","63","381","textcontent","16","P","2024-08-14 19:32:30","2024-08-16 16:08:39","Y"
"733","63","382","textcontent","8","P","2024-08-14 19:32:30","2024-08-16 16:08:39","Y"
"734","63","383","textcontent","10","P","2024-08-14 19:32:30","2024-08-16 16:08:39","Y"
"735","63","384","textcontent","15","P","2024-08-14 19:32:30","2024-08-16 16:08:39","Y"
"736","63","385","textcontent","14","P","2024-08-14 19:32:30","2024-08-16 16:08:39","Y"
"737","63","386","textcontent","2","A","2024-08-14 19:32:30","2024-08-16 16:08:27","Y"
"738","63","387","textcontent","3","P","2024-08-14 19:32:30","2024-08-16 16:08:39","Y"
"739","63","388","textcontent","4","P","2024-08-14 19:32:30","2024-08-16 16:08:39","Y"
"740","63","389","textcontent","5","P","2024-08-14 19:32:30","2024-08-16 16:08:39","Y"
"741","63","390","textcontent","6","P","2024-08-14 19:32:30","2024-08-16 16:08:39","Y"
"742","63","391","textcontent","7","P","2024-08-14 19:32:30","2024-08-16 16:08:39","Y"
"743","63","62","course_plan","18","A","2024-08-14 19:32:30","2024-08-16 16:08:58","Y"
"744","63","392","textcontent","17","P","2024-08-14 19:32:30","2024-08-16 16:08:39","Y"
"745","63","393","textcontent","19","P","2024-08-14 19:32:30","2024-08-16 16:08:39","Y"
"746","63","394","textcontent","13","P","2024-08-14 19:32:30","2024-08-16 16:08:39","Y"
"747","63","395","textcontent","12","P","2024-08-14 19:32:30","2024-08-16 16:08:39","Y"
"748","60","63","course_plan","16","A","2024-08-14 20:29:49","2025-12-06 18:12:55","Y"
"749","60","64","course_plan","6","D","2024-08-14 20:29:52","2024-08-14 20:08:44","Y"
"750","60","396","textcontent","4","A","2024-08-14 21:37:09","2025-12-06 18:12:55","Y"
"751","60","397","textcontent","5","A","2024-08-14 21:39:22","2025-12-06 18:12:55","Y"
"752","60","398","textcontent","6","A","2024-08-14 21:42:08","2025-12-06 18:12:55","Y"
"753","60","399","textcontent","7","A","2024-08-14 21:42:54","2025-12-06 18:12:55","Y"
"754","61","400","textcontent","4","A","2024-08-14 21:43:29","2025-01-05 19:01:47","Y"
"755","60","401","textcontent","9","A","2024-08-14 21:43:40","2025-12-06 18:12:55","Y"
"756","60","402","textcontent","10","A","2024-08-14 21:44:47","2026-08-03 18:08:41","Y"
"757","61","403","textcontent","5","A","2024-08-14 21:45:12","2025-01-05 19:01:03","Y"
"758","60","404","textcontent","12","A","2024-08-14 21:45:40","2025-12-06 18:12:55","Y"
"759","61","405","textcontent","6","A","2024-08-14 21:46:52","2025-01-05 19:01:21","Y"
"760","60","406","textcontent","13","A","2024-08-14 21:48:08","2025-12-06 18:12:55","Y"
"761","61","407","textcontent","7","A","2024-08-14 21:49:55","2025-01-05 19:01:38","Y"
"762","61","408","textcontent","9","A","2024-08-14 21:50:55","2024-10-22 15:10:46","Y"
"763","61","409","textcontent","10","A","2024-08-14 21:53:44","2026-08-03 18:08:49","Y"
"764","61","410","textcontent","11","A","2024-08-14 22:00:59","2025-01-05 19:01:06","Y"
"765","61","411","textcontent","12","A","2024-08-14 22:02:22","2024-08-14 22:08:39","Y"
"766","60","412","textcontent","14","P","2024-08-14 22:03:51","2025-12-06 18:12:55","Y"
"767","61","36","faculty","13","A","2024-08-14 22:19:05","2024-12-15 12:12:54","Y"
"768","61","65","course_plan","14","A","2024-08-14 22:37:42","2024-08-14 22:08:39","Y"
"769","61","66","course_plan","15","D","2024-08-14 22:37:44","2024-08-14 22:08:15","Y"
"770","60","38","faculty","15","A","2024-08-14 22:44:54","2025-12-06 18:12:55","Y"
"771","63","57","syllabus","20","A","2024-08-16 16:19:21",\N,"Y"
"772","62","58","syllabus","20","A","2024-08-16 16:36:15",\N,"Y"
"773","64","65","banner","1","A","0000-00-00 00:00:00","2024-08-16 21:08:40","N"
"774","64","60","program_overview","2","A","2024-08-16 17:01:00","2024-08-16 19:08:04","N"
"775","64","61","promotional_video","3","A","2024-08-16 17:01:00",\N,"N"
"776","65","66","banner","1","A","0000-00-00 00:00:00","2024-08-16 20:08:18","N"
"777","65","61","program_overview","2","A","2024-08-16 17:01:10","2024-08-16 19:08:46","N"
"778","65","62","promotional_video","3","A","2024-08-16 17:01:10",\N,"N"
"779","65","413","textcontent","4","A","2024-08-16 17:03:46",\N,"Y"
"780","65","414","textcontent","5","A","2024-08-16 17:06:00",\N,"Y"
"781","65","415","textcontent","6","A","2024-08-16 17:06:58",\N,"Y"
"782","65","416","textcontent","7","A","2024-08-16 17:07:27",\N,"Y"
"783","65","417","textcontent","8","D","2024-08-16 17:08:10","2024-08-16 17:08:26","Y"
"784","65","59","syllabus","9","A","2024-08-16 17:08:39",\N,"Y"
"785","66","67","banner","1","A","0000-00-00 00:00:00","2024-08-16 21:08:07","N"
"786","66","62","program_overview","2","A","2024-08-16 17:26:56","2024-08-16 17:08:03","N"
"787","66","63","promotional_video","3","A","2024-08-16 17:26:56",\N,"N"
"788","67","68","banner","1","A","0000-00-00 00:00:00","2024-08-16 17:08:13","N"
"789","67","63","program_overview","2","A","2024-08-16 17:27:13",\N,"N"
"790","67","64","promotional_video","3","A","2024-08-16 17:27:13",\N,"N"
"791","65","418","textcontent","10","A","2024-08-16 17:32:07",\N,"Y"
"792","65","419","textcontent","11","A","2024-08-16 17:33:01",\N,"Y"
"793","65","420","textcontent","12","A","2024-08-16 17:33:34",\N,"Y"
"794","65","421","textcontent","13","A","2024-08-16 17:34:10",\N,"Y"
"795","65","39","faculty","14","A","2024-08-16 17:34:47",\N,"Y"
"796","66","422","textcontent","4","A","2024-08-16 17:37:01",\N,"Y"
"797","66","423","textcontent","5","A","2024-08-16 17:38:24","2024-08-28 15:08:15","Y"
"798","66","424","textcontent","6","A","2024-08-16 17:40:34",\N,"Y"
"799","66","425","textcontent","7","A","2024-08-16 17:42:37",\N,"Y"
"800","66","426","textcontent","8","A","2024-08-16 17:43:17",\N,"Y"
"801","66","427","textcontent","9","A","2024-08-16 18:03:14",\N,"Y"
"802","66","428","textcontent","10","A","2024-08-16 18:04:06",\N,"Y"
"803","66","60","syllabus","11","A","2024-08-16 18:04:36",\N,"Y"
"804","64","429","textcontent","4","A","2024-08-16 18:19:16",\N,"Y"
"805","64","430","textcontent","5","A","2024-08-16 18:19:49",\N,"Y"
"806","64","431","textcontent","6","A","2024-08-16 18:20:41",\N,"Y"
"807","64","432","textcontent","7","A","2024-08-16 18:21:16",\N,"Y"
"808","65","67","course_plan","15","A","2024-08-16 18:29:33",\N,"Y"
"809","64","61","syllabus","8","A","2024-08-16 18:29:55",\N,"Y"
"810","66","433","textcontent","12","A","2024-08-16 18:41:57",\N,"Y"
"811","66","40","faculty","13","A","2024-08-16 18:44:00",\N,"Y"
"812","64","434","textcontent","9","A","2024-08-16 18:46:05",\N,"Y"
"813","64","435","textcontent","10","A","2024-08-16 18:46:41",\N,"Y"
"814","64","436","textcontent","11","A","2024-08-16 18:47:07",\N,"Y"
"815","64","437","textcontent","12","A","2024-08-16 18:47:36",\N,"Y"
"816","64","41","faculty","13","A","2024-08-16 18:48:11",\N,"Y"
"817","64","68","course_plan","14","A","2024-08-16 18:48:27","2024-08-16 18:08:43","Y"
"818","66","69","course_plan","14","A","2024-08-16 18:54:06",\N,"Y"
"819","68","69","banner","1","A","0000-00-00 00:00:00","2024-08-28 09:08:58","Y"
"820","68","438","textcontent","4","P","2024-08-16 22:18:07",\N,"Y"
"821","68","439","textcontent","5","P","2024-08-16 22:18:07",\N,"Y"
"822","68","440","textcontent","6","P","2024-08-16 22:18:07",\N,"Y"
"823","68","441","textcontent","7","P","2024-08-16 22:18:07",\N,"Y"
"824","68","42","faculty","8","P","2024-08-16 22:18:07",\N,"Y"
"825","68","62","syllabus","9","P","2024-08-16 22:18:07",\N,"Y"
"826","68","70","course_plan","10","A","2024-08-16 22:18:07","2024-08-16 22:08:50","Y"
"827","69","70","banner","1","A","0000-00-00 00:00:00","2025-12-06 18:12:15","N"
"828","69","64","program_overview","2","A","2024-08-17 10:47:56","2025-12-06 18:12:15","N"
"829","69","65","promotional_video","3","A","2024-08-17 10:47:56","2025-12-06 18:12:15","N"
"830","69","442","textcontent","4","A","2024-08-17 10:53:05","2025-12-06 18:12:15","Y"
"831","69","10","testimonials","5","A","2024-08-17 10:54:02","2025-12-06 18:12:15","Y"
"832","69","443","textcontent","6","A","2024-08-17 10:56:16","2025-12-06 18:12:15","Y"
"833","69","444","textcontent","7","A","2024-08-17 10:56:41","2025-12-06 18:12:15","Y"
"834","69","445","textcontent","8","A","2024-08-17 10:57:07","2025-12-06 18:12:15","Y"
"835","69","446","textcontent","9","A","2024-08-17 10:57:37","2025-12-06 18:12:15","Y"
"836","69","447","textcontent","10","A","2024-08-17 10:58:10","2025-12-06 18:12:15","Y"
"837","69","43","faculty","12","A","2024-08-17 10:59:15","2025-12-06 18:12:15","Y"
"838","69","63","syllabus","13","A","2024-08-17 10:59:35","2025-12-06 18:12:15","Y"
"839","69","71","course_plan","14","A","2024-08-17 11:05:53","2025-12-06 18:12:15","Y"
"840","70","71","banner","1","A","0000-00-00 00:00:00","2024-08-29 16:08:37","N"
"841","70","65","program_overview","2","A","2024-08-23 18:40:24","2024-10-22 15:10:03","N"
"842","70","66","promotional_video","3","A","2024-08-23 18:40:24",\N,"N"
"843","70","448","textcontent","4","A","2024-08-23 18:41:15","2024-08-23 18:08:57","Y"
"844","70","449","textcontent","5","A","2024-08-23 18:56:35",\N,"Y"
"845","70","450","textcontent","6","A","2024-08-23 18:57:08",\N,"Y"
"846","70","451","textcontent","7","A","2024-08-23 18:57:41","2024-10-22 15:10:02","Y"
"847","70","452","textcontent","8","A","2024-08-23 18:58:15","2024-08-30 16:08:25","Y"
"848","70","453","textcontent","9","A","2024-08-23 18:58:43",\N,"Y"
"849","70","64","syllabus","10","A","2024-08-23 18:59:18",\N,"Y"
"850","70","454","textcontent","11","A","2024-08-23 19:11:16",\N,"Y"
"851","70","44","faculty","12","A","2024-08-23 19:11:51","2024-12-15 12:12:13","Y"
"852","71","72","banner","1","A","0000-00-00 00:00:00","2024-08-29 16:08:05","N"
"853","71","66","program_overview","2","A","2024-08-27 12:46:23","2024-08-27 13:08:31","N"
"854","71","67","promotional_video","3","A","2024-08-27 12:46:23","2024-08-27 13:08:49","N"
"855","71","455","textcontent","4","A","2024-08-27 12:46:49","2024-08-27 13:08:49","Y"
"856","71","456","textcontent","5","A","2024-08-27 12:47:26","2024-08-27 13:08:49","Y"
"857","71","457","textcontent","6","A","2024-08-27 12:47:56","2024-08-27 13:08:49","Y"
"858","71","458","textcontent","7","A","2024-08-27 12:48:25","2024-08-27 13:08:49","Y"
"859","71","459","textcontent","8","A","2024-08-27 12:49:08","2024-10-22 15:10:51","Y"
"860","71","460","textcontent","9","A","2024-08-27 12:49:38","2024-08-27 13:08:49","Y"
"861","71","461","textcontent","10","A","2024-08-27 12:50:07","2024-08-27 13:08:49","Y"
"862","71","462","textcontent","11","A","2024-08-27 12:50:54","2024-08-27 13:08:49","Y"
"863","71","45","faculty","12","A","2024-08-27 12:51:56","2024-12-15 12:12:34","Y"
"864","71","72","course_plan","14","A","2024-08-27 12:54:54","2024-08-27 13:08:49","Y"
"865","71","65","syllabus","13","A","2024-08-27 12:55:08","2024-08-27 13:08:49","Y"
"866","72","73","banner","1","A","0000-00-00 00:00:00","2024-09-21 14:09:43","N"
"867","72","67","program_overview","2","A","2024-08-27 13:16:32","2025-02-19 20:02:05","N"
"868","72","68","promotional_video","3","A","2024-08-27 13:16:32",\N,"N"
"869","73","74","banner","1","A","0000-00-00 00:00:00","2024-08-29 16:08:39","N"
"870","73","68","program_overview","2","A","2024-08-27 13:16:55","2024-08-27 13:08:15","N"
"871","73","69","promotional_video","3","A","2024-08-27 13:16:55",\N,"N"
"872","73","463","textcontent","4","A","2024-08-27 13:18:39",\N,"Y"
"873","73","464","textcontent","5","A","2024-08-27 13:19:06",\N,"Y"
"874","73","465","textcontent","6","A","2024-08-27 13:19:34",\N,"Y"
"875","72","466","textcontent","4","A","2024-08-27 13:19:48","2025-02-07 19:02:55","Y"
"876","73","467","textcontent","7","A","2024-08-27 13:20:05",\N,"Y"
"877","72","468","textcontent","5","A","2024-08-27 13:20:15","2025-02-07 19:02:11","Y"
"878","73","469","textcontent","8","A","2024-08-27 13:20:35","2024-10-22 15:10:33","Y"
"879","72","470","textcontent","6","A","2024-08-27 13:20:36","2025-02-19 20:02:35","Y"
"880","73","471","textcontent","9","A","2024-08-27 13:20:59",\N,"Y"
"881","72","472","textcontent","7","A","2024-08-27 13:21:11","2025-02-07 19:02:57","Y"
"882","73","473","textcontent","10","A","2024-08-27 13:21:25",\N,"Y"
"883","73","474","textcontent","11","A","2024-08-27 13:21:51",\N,"Y"
"884","73","46","faculty","12","A","2024-08-27 13:22:29","2024-12-15 12:12:47","Y"
"885","72","475","textcontent","8","A","2024-08-27 13:23:41","2024-10-22 15:10:29","Y"
"886","72","476","textcontent","9","A","2024-08-27 13:24:13",\N,"Y"
"887","73","66","syllabus","13","A","2024-08-27 13:24:24",\N,"Y"
"888","72","477","textcontent","10","A","2024-08-27 13:24:54","2025-02-07 19:02:17","Y"
"889","72","67","syllabus","11","A","2024-08-27 13:27:37",\N,"Y"
"890","73","73","course_plan","14","A","2024-08-27 13:36:54",\N,"Y"
"891","72","478","textcontent","12","A","2024-08-27 13:41:44",\N,"Y"
"892","72","47","faculty","13","A","2024-08-27 13:42:42","2024-12-15 12:12:28","Y"
"893","72","74","course_plan","14","A","2024-08-27 13:58:22",\N,"Y"
"894","70","75","course_plan","13","A","2024-08-27 18:19:39","2024-10-22 15:10:48","Y"
"895","74","75","banner","1","A","0000-00-00 00:00:00","2024-08-28 15:08:00","N"
"896","74","69","program_overview","2","A","2024-08-28 15:01:30","2024-08-28 15:08:39","N"
"897","74","70","promotional_video","3","A","2024-08-28 15:01:30","2024-08-28 15:08:39","N"
"898","74","479","textcontent","4","A","2024-08-28 15:01:52","2024-08-28 15:08:39","Y"
"899","74","480","textcontent","5","A","2024-08-28 15:02:18","2024-08-28 15:08:39","Y"
"900","74","481","textcontent","6","A","2024-08-28 15:02:46","2024-08-28 15:08:39","Y"
"901","74","482","textcontent","7","A","2024-08-28 15:03:14","2024-08-28 15:08:39","Y"
"902","74","483","textcontent","8","A","2024-08-28 15:03:38","2024-08-28 15:08:39","Y"
"903","74","484","textcontent","9","A","2024-08-28 15:04:10","2024-08-28 15:08:39","Y"
"904","74","485","textcontent","10","A","2024-08-28 15:04:34","2024-08-28 15:08:39","Y"
"905","74","486","textcontent","11","A","2024-08-28 15:05:04","2024-08-28 15:08:39","Y"
"906","74","48","faculty","12","A","2024-08-28 15:05:42","2024-08-28 15:08:39","Y"
"907","74","68","syllabus","13","A","2024-08-28 15:06:16","2024-08-28 15:08:39","Y"
"908","74","76","course_plan","14","A","2024-08-28 15:21:22",\N,"Y"
"909","75","76","banner","1","A","0000-00-00 00:00:00","2024-08-29 17:08:38","N"
"910","75","70","program_overview","2","A","2024-08-29 17:46:29",\N,"N"
"911","75","71","promotional_video","3","A","2024-08-29 17:46:29",\N,"N"
"912","75","77","course_plan","4","A","2024-08-29 17:53:14",\N,"Y"
"913","30","487","textcontent","5","A","2024-09-06 17:43:46","2025-11-25 17:11:57","Y"
"914","30","488","textcontent","13","A","2024-09-06 17:52:37","2025-11-25 17:11:57","Y"
"915","30","11","testimonials","9","A","2024-09-06 17:59:27","2025-11-25 17:11:57","Y"
"916","30","489","textcontent","7","A","2024-09-06 18:05:29","2025-11-25 17:11:57","Y"
"917","76","77","banner","1","A","0000-00-00 00:00:00","2024-09-13 18:09:45","N"
"918","76","71","program_overview","2","A","2024-09-13 16:39:58","2024-09-13 18:09:31","N"
"919","76","72","promotional_video","3","A","2024-09-13 16:39:58",\N,"N"
"920","76","490","textcontent","4","A","2024-09-13 16:40:56",\N,"Y"
"921","76","491","textcontent","5","A","2024-09-13 16:42:31",\N,"Y"
"922","76","492","textcontent","6","A","2024-09-13 16:45:27",\N,"Y"
"923","76","493","textcontent","7","A","2024-09-13 16:54:36",\N,"Y"
"924","76","494","textcontent","8","A","2024-09-13 16:56:51","2024-09-13 18:09:26","Y"
"925","76","49","faculty","9","A","2024-09-13 16:59:14",\N,"Y"
"926","76","69","syllabus","10","A","2024-09-13 17:05:43",\N,"Y"
"927","76","78","course_plan","11","A","2024-09-13 17:20:22",\N,"Y"
"928","77","78","banner","1","A","0000-00-00 00:00:00","2024-09-13 17:09:07","N"
"929","77","72","program_overview","2","A","2024-09-13 17:30:08","2025-04-25 20:04:29","N"
"930","77","73","promotional_video","3","A","2024-09-13 17:30:08",\N,"N"
"931","77","495","textcontent","4","A","2024-09-13 17:30:42",\N,"Y"
"932","77","496","textcontent","5","A","2024-09-13 17:31:07","2025-04-25 20:04:14","Y"
"933","77","497","textcontent","6","A","2024-09-13 17:31:32",\N,"Y"
"934","77","498","textcontent","7","A","2024-09-13 17:32:01","2024-09-13 18:09:51","Y"
"935","77","70","syllabus","8","A","2024-09-13 17:35:11",\N,"Y"
"936","77","79","course_plan","9","A","2024-09-13 17:43:01",\N,"Y"
"937","78","79","banner","1","A","0000-00-00 00:00:00","2024-10-25 11:10:38","N"
"938","78","73","program_overview","2","A","2024-09-13 17:50:31","2024-10-25 11:10:38","N"
"939","78","74","promotional_video","3","A","2024-09-13 17:50:31","2024-10-25 11:10:38","N"
"940","78","499","textcontent","4","A","2024-09-13 17:52:01","2024-11-30 18:11:41","Y"
"941","78","500","textcontent","5","A","2024-09-13 17:52:34","2024-11-30 18:11:48","Y"
"942","78","501","textcontent","7","P","2024-09-13 17:54:04","2024-10-25 11:10:47","N"
"943","78","502","textcontent","8","A","2024-09-13 17:55:01","2024-11-30 19:11:53","Y"
"944","78","503","textcontent","9","A","2024-09-13 17:55:27","2024-11-30 19:11:35","Y"
"945","78","504","textcontent","10","A","2024-09-13 17:58:17","2024-11-30 19:11:37","Y"
"946","78","505","textcontent","11","A","2024-09-13 18:00:53","2024-11-30 19:11:43","Y"
"947","78","506","textcontent","12","A","2024-09-13 18:01:32","2024-10-25 11:10:38","Y"
"948","78","507","textcontent","13","A","2024-09-13 18:02:14","2024-11-30 19:11:42","Y"
"949","78","508","textcontent","14","P","2024-09-13 18:02:41","2024-10-25 11:10:17","Y"
"950","78","50","faculty","15","A","2024-09-13 18:03:36","2024-11-30 19:11:38","Y"
"951","78","71","syllabus","16","A","2024-09-13 18:04:05","2024-10-25 11:10:38","Y"
"952","79","80","banner","1","A","0000-00-00 00:00:00","2025-11-30 14:11:47","N"
"953","79","74","program_overview","2","A","2024-09-13 18:23:22","2025-11-30 14:11:47","N"
"954","79","75","promotional_video","3","A","2024-09-13 18:23:22","2025-11-30 14:11:47","N"
"955","79","509","textcontent","4","A","2024-09-13 18:26:42","2025-11-30 14:11:47","Y"
"956","79","510","textcontent","5","A","2024-09-13 18:27:15","2025-11-30 14:11:47","Y"
"957","79","511","textcontent","6","A","2024-09-13 18:27:57","2025-11-30 14:11:47","Y"
"958","79","512","textcontent","7","A","2024-09-13 18:28:35","2026-08-03 18:08:44","Y"
"959","79","72","syllabus","9","A","2024-09-13 18:28:48","2025-11-30 14:11:47","Y"
"960","79","80","course_plan","10","A","2024-09-13 18:50:22","2025-11-30 14:11:47","Y"
"961","6","513","textcontent","5","A","2024-09-15 12:04:10","2024-09-15 13:09:00","Y"
"962","6","514","textcontent","10","A","2024-09-15 13:11:23","2024-09-15 13:09:00","Y"
"963","6","515","textcontent","13","A","2024-09-15 13:16:18","2024-09-15 13:09:00","Y"
"964","35","12","testimonials","21","D","2024-09-15 15:10:14","2024-09-20 15:09:12","Y"
"965","78","81","course_plan","18","A","2024-09-16 17:28:16","2024-10-25 11:10:38","Y"
"966","80","81","banner","1","A","0000-00-00 00:00:00","2025-12-06 15:12:11","N"
"967","80","75","program_overview","2","A","2024-09-18 18:38:48","2025-12-06 15:12:11","N"
"968","80","76","promotional_video","3","A","2024-09-18 18:38:48","2025-12-06 15:12:11","N"
"969","80","516","textcontent","4","A","2024-09-18 18:41:06","2025-12-06 15:12:11","Y"
"970","80","517","textcontent","5","A","2024-09-18 18:41:42","2025-12-06 15:12:11","Y"
"971","80","518","textcontent","6","A","2024-09-18 18:42:56","2025-12-06 15:12:11","Y"
"972","80","519","textcontent","7","A","2024-09-18 18:44:26","2025-12-06 15:12:11","Y"
"973","80","520","textcontent","8","A","2024-09-18 18:44:59","2025-12-06 15:12:11","Y"
"974","80","521","textcontent","9","A","2024-09-18 18:54:05","2026-08-03 18:08:30","Y"
"975","80","522","textcontent","11","A","2024-09-18 18:55:20","2025-12-06 15:12:11","Y"
"976","80","73","syllabus","13","A","2024-09-18 18:55:36","2025-12-06 15:12:11","Y"
"977","80","82","course_plan","14","A","2024-09-18 19:14:00","2025-12-06 15:12:11","Y"
"978","80","51","faculty","12","A","2024-09-18 19:14:17","2025-12-06 15:12:11","Y"
"979","35","13","testimonials","17","A","2024-09-20 15:20:18","2024-09-20 15:09:30","Y"
"980","40","523","textcontent","5","A","2024-09-20 15:32:29","2024-12-08 13:12:23","Y"
"981","40","524","textcontent","7","A","2024-09-20 15:37:36","2024-12-08 13:12:42","Y"
"982","40","525","textcontent","6","A","2024-09-20 15:40:24","2024-09-20 15:09:09","Y"
"983","81","82","banner","1","A","0000-00-00 00:00:00","2026-01-30 11:01:43","N"
"984","81","76","program_overview","2","A","2024-09-22 06:08:22","2026-01-30 11:01:43","N"
"985","81","77","promotional_video","3","A","2024-09-22 06:08:22","2026-01-30 11:01:43","N"
"986","81","74","syllabus","4","A","2024-09-22 06:08:55","2026-01-30 11:01:43","Y"
"987","81","52","faculty","6","A","2024-09-22 07:46:49","2026-01-30 11:01:43","Y"
"988","81","83","course_plan","7","A","2024-09-22 07:48:50","2026-01-30 11:01:43","Y"
"989","82","83","banner","1","A","0000-00-00 00:00:00","2024-10-24 21:10:53","N"
"990","82","77","program_overview","2","A","2024-09-27 14:04:29","2024-10-24 21:10:53","N"
"991","82","78","promotional_video","3","A","2024-09-27 14:04:29","2024-10-24 21:10:53","N"
"992","82","526","textcontent","6","A","2024-09-27 14:06:00","2024-10-24 21:10:53","Y"
"993","82","527","textcontent","7","A","2024-09-27 14:07:13","2024-10-24 21:10:53","Y"
"994","82","528","textcontent","8","A","2024-09-27 14:07:59","2024-10-24 21:10:53","Y"
"995","82","529","textcontent","9","A","2024-09-27 14:09:55","2025-03-17 16:03:21","Y"
"996","82","530","textcontent","10","A","2024-09-27 14:10:51","2024-10-24 21:10:53","Y"
"997","82","531","textcontent","11","A","2024-09-27 14:11:47","2024-10-24 21:10:53","Y"
"998","82","532","textcontent","12","A","2024-09-27 14:14:24","2024-10-24 21:10:53","Y"
"999","82","533","textcontent","13","A","2024-09-27 14:24:37","2025-05-02 19:05:17","Y"
"1000","82","534","textcontent","14","A","2024-09-27 14:27:00","2024-10-24 21:10:53","Y"
"1001","82","535","textcontent","18","A","2024-09-27 14:29:31","2024-10-24 21:10:53","Y"
"1002","82","53","faculty","15","A","2024-09-27 14:37:18","2025-09-12 18:09:12","Y"
"1003","82","84","course_plan","19","A","2024-09-27 14:49:20","2024-10-24 21:10:53","Y"
"1004","83","84","banner","1","A","0000-00-00 00:00:00","2024-09-27 15:09:31","N"
"1005","83","78","program_overview","2","A","2024-09-27 14:56:31","2024-09-27 14:09:15","N"
"1006","83","79","promotional_video","3","A","2024-09-27 14:56:31",\N,"N"
"1007","83","536","textcontent","4","A","2024-09-27 14:58:47",\N,"Y"
"1008","83","537","textcontent","5","A","2024-09-27 14:59:20",\N,"Y"
"1009","83","538","textcontent","6","A","2024-09-27 14:59:51",\N,"Y"
"1010","82","10","academia_panel","16","A","2024-09-27 15:00:23","2025-05-02 20:05:23","Y"
"1011","83","539","textcontent","7","A","2024-09-27 15:00:34",\N,"Y"
"1012","83","540","textcontent","8","A","2024-09-27 15:00:59",\N,"Y"
"1013","83","541","textcontent","9","A","2024-09-27 15:01:39",\N,"Y"
"1014","83","542","textcontent","10","A","2024-09-27 15:02:21",\N,"Y"
"1015","83","543","textcontent","11","A","2024-09-27 15:02:49",\N,"Y"
"1016","83","544","textcontent","12","A","2024-09-27 15:03:23",\N,"Y"
"1017","83","545","textcontent","13","A","2024-09-27 15:03:52",\N,"Y"
"1018","83","546","textcontent","14","A","2024-09-27 15:04:41",\N,"Y"
"1019","83","11","academia_panel","15","A","2024-09-27 15:06:13",\N,"Y"
"1020","83","75","syllabus","16","A","2024-09-27 15:06:28",\N,"Y"
"1021","83","85","course_plan","17","A","2024-09-27 15:27:41",\N,"Y"
"1022","84","85","banner","1","A","0000-00-00 00:00:00","2024-09-27 15:09:15","N"
"1023","84","79","program_overview","2","A","2024-09-27 15:33:01",\N,"N"
"1024","84","80","promotional_video","3","A","2024-09-27 15:33:01",\N,"N"
"1025","84","76","syllabus","4","A","2024-09-27 15:33:13",\N,"Y"
"1026","84","86","course_plan","5","A","2024-09-27 15:42:27",\N,"Y"
"1027","85","86","banner","1","A","0000-00-00 00:00:00","2024-10-25 11:10:03","N"
"1028","85","80","program_overview","2","A","2024-09-27 15:47:16","2024-10-25 11:10:03","N"
"1029","85","81","promotional_video","3","A","2024-09-27 15:47:16","2024-10-25 11:10:03","N"
"1030","85","547","textcontent","4","A","2024-09-27 15:48:09","2024-10-25 11:10:03","Y"
"1031","85","548","textcontent","5","A","2024-09-27 15:48:34","2024-10-25 11:10:03","Y"
"1032","85","549","textcontent","7","P","2024-09-27 15:50:50","2024-10-25 11:10:22","N"
"1033","85","550","textcontent","8","A","2024-09-27 15:51:24","2024-10-25 11:10:23","Y"
"1034","85","551","textcontent","9","A","2024-09-27 15:51:45","2024-10-25 11:10:44","Y"
"1035","85","552","textcontent","10","A","2024-09-27 15:52:10","2024-10-25 11:10:15","Y"
"1036","85","553","textcontent","11","A","2024-09-27 15:52:38","2024-10-25 11:10:03","Y"
"1037","85","554","textcontent","12","A","2024-09-27 15:53:01","2024-10-25 11:10:03","Y"
"1038","85","555","textcontent","13","A","2024-09-27 15:53:30","2024-10-25 11:10:03","Y"
"1039","85","556","textcontent","14","P","2024-09-27 15:53:59","2024-10-25 11:10:28","Y"
"1040","85","54","faculty","15","A","2024-09-27 15:55:04","2024-10-25 11:10:03","Y"
"1041","85","77","syllabus","16","A","2024-09-27 15:55:16","2024-10-25 11:10:03","Y"
"1042","85","87","course_plan","18","A","2024-09-27 16:09:21","2024-10-25 11:10:03","Y"
"1043","86","87","banner","1","A","0000-00-00 00:00:00","2024-11-26 19:11:37","N"
"1044","86","81","program_overview","2","A","2024-09-27 17:42:19",\N,"N"
"1045","86","82","promotional_video","3","A","2024-09-27 17:42:19",\N,"N"
"1046","86","557","textcontent","4","A","2024-09-27 17:45:17",\N,"Y"
"1047","86","558","textcontent","5","A","2024-09-27 17:47:35",\N,"Y"
"1048","86","559","textcontent","6","A","2024-09-27 17:51:55",\N,"Y"
"1049","86","560","textcontent","7","A","2024-09-27 17:55:29",\N,"Y"
"1050","86","561","textcontent","8","A","2024-09-27 17:56:51",\N,"Y"
"1051","86","562","textcontent","9","A","2024-09-27 17:58:50",\N,"Y"
"1052","86","563","textcontent","10","A","2024-09-27 17:59:36",\N,"Y"
"1053","86","564","textcontent","11","A","2024-09-27 18:02:49",\N,"Y"
"1054","86","565","textcontent","12","A","2024-09-27 18:12:39",\N,"Y"
"1055","86","566","textcontent","13","A","2024-09-27 18:13:39",\N,"Y"
"1056","86","567","textcontent","14","A","2024-09-27 18:18:18","2024-09-27 18:09:44","Y"
"1057","86","568","textcontent","15","A","2024-09-27 18:43:48",\N,"Y"
"1058","86","55","faculty","16","A","2024-09-27 18:48:13",\N,"Y"
"1059","86","88","course_plan","17","A","2024-09-27 18:52:04",\N,"Y"
"1060","87","88","banner","1","A","0000-00-00 00:00:00","2024-10-10 16:10:24","N"
"1061","87","82","program_overview","2","A","2024-10-10 16:02:16",\N,"N"
"1062","87","83","promotional_video","3","A","2024-10-10 16:02:16",\N,"N"
"1063","87","569","textcontent","4","A","2024-10-10 16:02:43",\N,"Y"
"1064","87","570","textcontent","5","A","2024-10-10 16:03:03",\N,"Y"
"1065","87","571","textcontent","6","A","2024-10-10 16:03:25",\N,"Y"
"1066","87","572","textcontent","7","A","2024-10-10 16:07:04",\N,"Y"
"1067","87","573","textcontent","8","A","2024-10-10 16:07:33",\N,"Y"
"1068","87","574","textcontent","9","A","2024-10-10 16:08:11",\N,"Y"
"1069","87","575","textcontent","10","A","2024-10-10 16:08:34",\N,"Y"
"1070","87","576","textcontent","11","A","2024-10-10 16:08:59",\N,"Y"
"1071","87","56","faculty","12","A","2024-10-10 16:09:41","2024-10-10 16:10:33","Y"
"1072","87","12","academia_panel","13","A","2024-10-10 16:16:13",\N,"Y"
"1073","87","78","syllabus","14","A","2024-10-10 16:16:25",\N,"Y"
"1074","87","89","course_plan","15","A","2024-10-10 16:36:52",\N,"Y"
"1075","88","89","banner","1","A","0000-00-00 00:00:00","2024-10-22 16:10:28","N"
"1076","88","83","program_overview","2","A","2024-10-13 18:56:22",\N,"N"
"1077","88","84","promotional_video","3","A","2024-10-13 18:56:22",\N,"N"
"1078","88","577","textcontent","4","A","2024-10-13 19:05:28","2024-10-13 19:10:51","Y"
"1079","88","578","textcontent","5","A","2024-10-13 19:10:34",\N,"Y"
"1080","88","579","textcontent","6","A","2024-10-13 19:17:08",\N,"Y"
"1081","88","580","textcontent","7","A","2024-10-13 19:22:29",\N,"Y"
"1082","88","581","textcontent","8","A","2024-10-13 19:33:08","2024-10-13 21:10:39","Y"
"1083","88","79","syllabus","9","A","2024-10-13 19:33:33",\N,"Y"
"1084","88","57","faculty","10","A","2024-10-13 20:48:24",\N,"Y"
"1085","88","90","course_plan","11","A","2024-10-13 21:17:39",\N,"Y"
"1086","52","582","textcontent","6","A","2024-10-15 14:01:34","2025-12-06 15:12:28","Y"
"1087","52","583","textcontent","7","A","2024-10-15 14:03:59","2025-12-06 15:12:28","Y"
"1088","52","58","faculty","8","A","2024-10-15 14:15:09","2025-12-06 15:12:28","Y"
"1089","52","584","textcontent","4","A","2024-10-15 15:38:04","2025-12-06 15:12:28","Y"
"1090","31","585","textcontent","5","A","2024-10-15 16:51:01","2025-11-25 17:11:09","Y"
"1091","31","586","textcontent","8","A","2024-10-15 16:59:53","2025-11-25 17:11:09","Y"
"1092","31","587","textcontent","14","A","2024-10-15 17:01:37","2025-11-25 17:11:09","Y"
"1093","89","90","banner","1","A","0000-00-00 00:00:00","2024-10-17 14:10:56","N"
"1094","89","84","program_overview","2","A","2024-10-17 14:34:53","2025-04-25 20:04:45","N"
"1095","89","85","promotional_video","3","A","2024-10-17 14:34:53",\N,"N"
"1096","89","588","textcontent","4","A","2024-10-17 14:36:31",\N,"Y"
"1097","89","589","textcontent","5","A","2024-10-17 14:36:54","2025-04-25 20:04:26","Y"
"1098","89","590","textcontent","6","A","2024-10-17 14:37:28",\N,"Y"
"1099","89","591","textcontent","7","A","2024-10-17 14:38:00",\N,"Y"
"1100","89","80","syllabus","8","A","2024-10-17 14:38:09",\N,"Y"
"1101","90","91","banner","1","A","0000-00-00 00:00:00","2024-10-17 15:10:17","N"
"1102","90","85","program_overview","2","A","2024-10-17 14:52:43","2024-10-17 14:10:35","N"
"1103","90","86","promotional_video","3","A","2024-10-17 14:52:43",\N,"N"
"1104","90","592","textcontent","4","A","2024-10-17 14:53:58",\N,"Y"
"1105","90","593","textcontent","5","A","2024-10-17 14:54:45","2024-10-17 14:10:13","Y"
"1106","90","594","textcontent","6","A","2024-10-17 14:56:09",\N,"Y"
"1107","90","595","textcontent","7","A","2024-10-17 14:56:27",\N,"Y"
"1108","90","596","textcontent","8","A","2024-10-17 14:56:57",\N,"Y"
"1109","90","59","faculty","9","A","2024-10-17 14:57:24",\N,"Y"
"1110","90","81","syllabus","10","A","2024-10-17 14:57:36",\N,"Y"
"1111","90","91","course_plan","11","A","2024-10-17 15:02:29",\N,"Y"
"1112","89","92","course_plan","9","A","2024-10-17 15:04:17",\N,"Y"
"1113","91","92","banner","1","A","0000-00-00 00:00:00","2024-12-05 13:12:56","N"
"1114","91","86","program_overview","2","A","2024-10-17 17:34:22","2024-12-05 13:12:56","N"
"1115","91","87","promotional_video","3","A","2024-10-17 17:34:22","2024-12-05 13:12:56","N"
"1116","91","597","textcontent","5","A","2024-10-17 17:34:37","2024-12-05 13:12:56","Y"
"1117","91","93","course_plan","6","A","2024-10-17 17:35:30","2024-12-05 13:12:56","Y"
"1118","92","93","banner","1","A","0000-00-00 00:00:00","2024-10-17 18:10:25","N"
"1119","92","87","program_overview","2","A","2024-10-17 17:48:54","2024-10-17 17:10:17","N"
"1120","92","88","promotional_video","3","A","2024-10-17 17:48:54",\N,"N"
"1121","92","598","textcontent","4","A","2024-10-17 17:53:56",\N,"Y"
"1122","92","599","textcontent","5","A","2024-10-17 17:54:33","2024-10-17 18:10:34","Y"
"1123","92","600","textcontent","6","A","2024-10-17 17:57:19","2024-10-17 18:10:53","Y"
"1124","92","601","textcontent","7","A","2024-10-17 18:03:08","2024-10-17 18:10:15","Y"
"1125","92","602","textcontent","8","A","2024-10-17 18:03:43",\N,"Y"
"1126","92","603","textcontent","9","A","2024-10-17 18:05:25",\N,"Y"
"1127","92","604","textcontent","10","A","2024-10-17 18:06:04",\N,"Y"
"1128","92","605","textcontent","11","A","2024-10-17 18:07:19",\N,"Y"
"1129","92","606","textcontent","12","A","2024-10-17 18:10:21",\N,"Y"
"1130","92","607","textcontent","13","A","2024-10-17 18:11:28",\N,"Y"
"1131","92","608","textcontent","14","A","2024-10-17 18:12:13",\N,"Y"
"1132","92","60","faculty","15","A","2024-10-17 18:12:41","2025-03-25 17:03:37","Y"
"1133","92","609","textcontent","16","A","2024-10-17 18:20:10","2025-03-25 16:03:14","Y"
"1134","92","610","textcontent","17","A","2024-10-17 18:21:09",\N,"Y"
"1135","92","611","textcontent","18","A","2024-10-17 18:22:01",\N,"Y"
"1136","92","94","course_plan","19","A","2024-10-17 18:24:11",\N,"Y"
"1137","93","94","banner","1","A","0000-00-00 00:00:00","2024-10-17 20:10:05","N"
"1138","93","88","program_overview","2","A","2024-10-17 19:52:12","2024-10-17 19:10:10","N"
"1139","93","89","promotional_video","3","A","2024-10-17 19:52:12",\N,"N"
"1140","93","612","textcontent","4","A","2024-10-17 19:55:54",\N,"Y"
"1141","93","613","textcontent","5","A","2024-10-17 19:56:35",\N,"Y"
"1142","93","614","textcontent","6","A","2024-10-17 19:57:32",\N,"Y"
"1143","93","615","textcontent","7","A","2024-10-17 19:58:07",\N,"Y"
"1144","93","616","textcontent","8","A","2024-10-17 19:58:42",\N,"Y"
"1145","93","617","textcontent","9","A","2024-10-17 19:59:22",\N,"Y"
"1146","93","618","textcontent","10","A","2024-10-17 20:00:52",\N,"Y"
"1147","93","619","textcontent","11","A","2024-10-17 20:05:32",\N,"Y"
"1148","93","620","textcontent","12","A","2024-10-17 20:07:07",\N,"Y"
"1149","93","621","textcontent","13","A","2024-10-17 20:07:41","2024-10-17 20:10:23","Y"
"1150","93","95","course_plan","14","A","2024-10-17 20:10:23",\N,"Y"
"1151","94","95","banner","1","A","0000-00-00 00:00:00","2024-10-17 21:10:48","N"
"1152","94","89","program_overview","2","A","2024-10-17 20:17:46",\N,"N"
"1153","94","90","promotional_video","3","A","2024-10-17 20:17:47",\N,"N"
"1154","94","622","textcontent","4","A","2024-10-17 20:19:14",\N,"Y"
"1155","94","623","textcontent","5","A","2024-10-17 20:19:38",\N,"Y"
"1156","94","624","textcontent","6","A","2024-10-17 20:20:07",\N,"Y"
"1157","94","625","textcontent","7","A","2024-10-17 20:20:29",\N,"Y"
"1158","94","626","textcontent","8","A","2024-10-17 20:20:54",\N,"Y"
"1159","94","627","textcontent","9","A","2024-10-17 20:21:21",\N,"Y"
"1160","94","628","textcontent","10","A","2024-10-17 20:21:47",\N,"Y"
"1161","94","629","textcontent","11","A","2024-10-17 20:22:11",\N,"Y"
"1162","94","630","textcontent","12","A","2024-10-17 20:22:41",\N,"Y"
"1163","94","61","faculty","13","A","2024-10-17 20:23:46",\N,"Y"
"1164","94","631","textcontent","14","A","2024-10-17 20:24:13",\N,"Y"
"1165","94","82","syllabus","15","A","2024-10-17 20:24:32",\N,"Y"
"1166","94","96","course_plan","16","A","2024-10-17 21:41:53",\N,"Y"
"1167","95","96","banner","1","A","0000-00-00 00:00:00","2024-10-18 15:10:57","N"
"1168","95","90","program_overview","2","A","2024-10-18 14:32:40","2024-10-18 14:10:02","N"
"1169","95","91","promotional_video","3","A","2024-10-18 14:32:40",\N,"N"
"1170","95","632","textcontent","4","A","2024-10-18 14:34:31",\N,"Y"
"1171","95","633","textcontent","5","A","2024-10-18 14:34:51",\N,"Y"
"1172","95","634","textcontent","6","A","2024-10-18 14:35:15",\N,"Y"
"1173","95","635","textcontent","7","A","2024-10-18 14:35:27","2024-10-18 14:10:08","Y"
"1174","95","636","textcontent","8","A","2024-10-18 14:36:45",\N,"Y"
"1175","95","637","textcontent","9","A","2024-10-18 14:37:18",\N,"Y"
"1176","95","638","textcontent","10","A","2024-10-18 14:37:44",\N,"Y"
"1177","95","639","textcontent","11","A","2024-10-18 14:41:23",\N,"Y"
"1178","95","640","textcontent","12","A","2024-10-18 14:41:55",\N,"Y"
"1179","95","641","textcontent","13","A","2024-10-18 14:42:18",\N,"Y"
"1180","95","642","textcontent","14","A","2024-10-18 14:42:45",\N,"Y"
"1181","95","13","academia_panel","15","A","2024-10-18 14:43:42",\N,"Y"
"1182","95","83","syllabus","16","A","2024-10-18 14:44:00",\N,"Y"
"1183","95","97","course_plan","17","A","2024-10-18 15:05:10",\N,"Y"
"1184","24","14","testimonials","16","A","2024-10-18 15:55:50","2025-11-25 17:11:10","Y"
"1185","11","643","textcontent","5","A","2024-10-18 18:01:02","2025-12-06 15:12:26","Y"
"1186","11","644","textcontent","6","A","2024-10-18 18:55:26","2025-12-06 15:12:26","Y"
"1187","26","645","textcontent","4","A","2024-10-18 19:38:41","2025-11-25 16:11:50","Y"
"1188","26","646","textcontent","5","A","2024-10-18 19:44:42","2025-11-25 16:11:50","Y"
"1189","28","647","textcontent","6","A","2024-10-19 11:35:19","2025-11-25 14:11:38","Y"
"1190","28","15","testimonials","13","A","2024-10-19 11:49:25","2025-11-25 14:11:38","Y"
"1191","28","648","textcontent","8","A","2024-10-19 11:55:22","2025-11-25 14:11:38","Y"
"1192","28","649","textcontent","5","A","2024-10-19 11:57:41","2025-11-25 14:11:38","Y"
"1193","28","62","faculty","11","A","2024-10-19 12:03:00","2025-11-25 14:11:38","Y"
"1194","33","16","testimonials","16","A","2024-10-19 17:40:12","2025-12-06 16:12:49","Y"
"1195","33","650","textcontent","4","A","2024-10-19 18:01:06","2025-12-06 16:12:49","Y"
"1196","33","651","textcontent","8","A","2024-10-19 18:06:55","2025-12-06 16:12:49","Y"
"1197","33","652","textcontent","13","A","2024-10-19 18:15:06","2025-12-06 16:12:49","Y"
"1198","33","653","textcontent","12","D","2024-10-19 21:02:56","2024-10-20 10:10:48","Y"
"1199","33","63","faculty","14","A","2024-10-20 11:12:32","2025-12-06 16:12:49","Y"
"1200","96","97","banner","1","A","0000-00-00 00:00:00","2025-11-25 12:11:23","N"
"1201","96","91","program_overview","2","A","2024-10-20 11:38:07","2025-11-25 12:11:23","N"
"1202","96","92","promotional_video","3","A","2024-10-20 11:38:07","2025-11-25 12:11:23","N"
"1203","96","654","textcontent","4","A","2024-10-20 11:39:27","2025-11-25 12:11:23","Y"
"1204","96","84","syllabus","6","A","2024-10-20 11:40:17","2025-11-25 12:11:23","Y"
"1205","3","655","textcontent","7","A","2024-10-20 11:42:22","2025-11-24 21:11:19","Y"
"1206","96","98","course_plan","7","A","2024-10-20 12:05:10","2025-11-25 12:11:23","Y"
"1207","13","64","faculty","13","A","2024-10-20 13:04:34","2024-10-20 13:10:22","Y"
"1208","13","17","testimonials","14","A","2024-10-20 13:15:47","2024-10-20 13:10:22","Y"
"1209","23","18","testimonials","17","A","2024-10-20 14:09:13","2025-12-06 15:12:08","Y"
"1210","14","19","testimonials","29","A","2024-10-20 15:37:29","2024-10-20 15:10:44","Y"
"1211","25","656","textcontent","8","A","2024-10-20 18:10:43","2025-11-25 12:11:52","Y"
"1212","25","657","textcontent","10","A","2024-10-20 18:30:12","2025-11-25 12:11:52","Y"
"1213","25","658","textcontent","9","A","2024-10-20 18:34:37","2025-11-25 12:11:52","Y"
"1214","12","659","textcontent","5","A","2024-10-21 17:12:02","2024-12-21 15:12:13","Y"
"1215","12","660","textcontent","6","A","2024-10-21 17:18:26","2024-12-21 15:12:07","Y"
"1216","12","65","faculty","16","A","2024-10-21 17:45:34","2024-10-21 17:10:25","Y"
"1217","12","20","testimonials","17","A","2024-10-21 17:56:57","2024-10-21 17:10:25","Y"
"1218","85","661","textcontent","6","A","2024-10-24 19:04:25","2024-10-25 11:10:05","Y"
"1219","85","21","testimonials","17","A","2024-10-24 19:36:01","2024-10-25 11:10:03","Y"
"1220","78","662","textcontent","6","A","2024-10-24 19:40:12","2024-10-25 11:10:49","Y"
"1221","78","22","testimonials","17","A","2024-10-24 19:44:54","2024-10-25 11:10:38","Y"
"1222","8","663","textcontent","6","A","2024-10-24 19:45:57","2025-01-10 15:01:04","Y"
"1223","8","23","testimonials","18","A","2024-10-24 20:01:54","2025-01-10 15:01:04","Y"
"1224","82","24","testimonials","17","A","2024-10-24 21:34:44","2024-10-24 21:10:53","Y"
"1225","82","664","textcontent","4","A","2024-10-24 21:35:59","2024-10-24 21:10:53","Y"
"1226","82","665","textcontent","5","A","2024-10-24 21:36:41","2024-10-24 21:10:53","Y"
"1227","55","666","textcontent","11","D","2024-10-28 18:54:38","2024-10-28 18:10:44","Y"
"1228","55","667","textcontent","4","A","2024-10-28 18:59:53","2025-12-06 18:12:13","Y"
"1229","34","25","testimonials","11","A","2024-11-06 14:41:05","2024-11-07 14:11:29","Y"
"1230","55","668","textcontent","10","A","2024-11-08 18:02:04","2026-08-03 18:08:29","Y"
"1231","97","98","banner","1","A","0000-00-00 00:00:00","2025-12-06 15:12:50","N"
"1232","97","92","program_overview","2","A","2024-11-08 18:44:26","2025-12-06 15:12:50","N"
"1233","97","93","promotional_video","3","A","2024-11-08 18:44:26","2025-12-06 15:12:50","N"
"1234","97","669","textcontent","4","A","2024-11-08 18:45:45","2025-12-06 15:12:50","Y"
"1235","97","670","textcontent","5","A","2024-11-08 18:47:19","2025-12-06 15:12:50","Y"
"1236","97","671","textcontent","6","A","2024-11-08 18:47:48","2025-12-06 15:12:50","Y"
"1237","97","672","textcontent","7","A","2024-11-08 18:48:12","2025-12-06 15:12:50","Y"
"1238","97","673","textcontent","8","A","2024-11-08 18:51:53","2025-12-06 15:12:50","Y"
"1239","97","674","textcontent","10","A","2024-11-08 18:52:26","2025-12-06 15:12:50","Y"
"1240","97","85","syllabus","12","A","2024-11-08 18:53:34","2025-12-06 15:12:50","Y"
"1241","97","675","textcontent","13","A","2024-11-08 18:58:27","2025-12-06 15:12:50","Y"
"1242","97","66","faculty","11","A","2024-11-08 19:01:02","2025-12-06 15:12:50","Y"
"1243","97","99","course_plan","14","A","2024-11-08 19:03:24","2025-12-06 15:12:50","Y"
"1244","98","99","banner","1","A","0000-00-00 00:00:00","2025-12-06 18:12:05","N"
"1245","98","93","program_overview","2","A","2024-11-08 19:08:04","2025-12-06 18:12:05","N"
"1246","98","94","promotional_video","3","A","2024-11-08 19:08:04","2025-12-06 18:12:05","N"
"1247","98","676","textcontent","4","A","2024-11-08 19:09:06","2025-12-06 18:12:05","Y"
"1248","98","677","textcontent","5","A","2024-11-08 19:09:40","2025-12-06 18:12:05","Y"
"1249","98","678","textcontent","6","A","2024-11-08 19:10:01","2025-12-06 18:12:05","Y"
"1250","98","679","textcontent","7","A","2024-11-08 19:10:22","2025-12-06 18:12:05","Y"
"1251","98","680","textcontent","8","A","2024-11-08 19:14:19","2025-12-06 18:12:05","Y"
"1252","98","681","textcontent","10","A","2024-11-08 19:14:50","2025-12-06 18:12:05","Y"
"1253","98","86","syllabus","11","A","2024-11-08 19:37:09","2025-12-06 18:12:05","Y"
"1254","98","682","textcontent","12","A","2024-11-08 19:40:04","2025-12-06 18:12:05","Y"
"1255","98","683","textcontent","12","D","2024-11-08 19:40:15","2025-06-24 15:06:15","Y"
"1256","98","100","course_plan","13","A","2024-11-08 19:52:15","2025-12-06 18:12:05","Y"
"1257","99","100","banner","1","A","0000-00-00 00:00:00","2025-11-30 14:11:55","N"
"1258","99","94","program_overview","2","A","2024-11-08 19:53:25","2025-11-30 14:11:55","N"
"1259","99","95","promotional_video","3","A","2024-11-08 19:53:25","2025-11-30 14:11:55","N"
"1260","99","684","textcontent","4","A","2024-11-08 19:54:55","2025-11-30 14:11:55","Y"
"1261","99","685","textcontent","5","A","2024-11-08 19:55:34","2025-11-30 14:11:55","Y"
"1262","99","686","textcontent","6","A","2024-11-08 19:55:56","2025-11-30 14:11:55","Y"
"1263","99","687","textcontent","7","A","2024-11-08 19:56:59","2025-11-30 14:11:55","Y"
"1264","99","688","textcontent","8","A","2024-11-08 19:59:35","2025-11-30 14:11:55","Y"
"1265","99","689","textcontent","10","A","2024-11-08 20:00:18","2025-11-30 14:11:55","Y"
"1266","97","690","textcontent","13","D","2024-11-09 13:57:59","2025-06-24 14:06:19","Y"
"1267","99","101","course_plan","11","A","2024-11-09 14:00:38","2025-11-30 14:11:55","Y"
"1268","100","101","banner","1","A","0000-00-00 00:00:00","2024-11-22 14:11:20","N"
"1269","100","95","program_overview","2","A","2024-11-22 13:22:25",\N,"N"
"1270","100","96","promotional_video","3","A","2024-11-22 13:22:25",\N,"N"
"1271","100","691","textcontent","4","A","2024-11-22 13:25:03","2024-11-22 15:11:44","Y"
"1272","100","692","textcontent","5","A","2024-11-22 13:25:38","2024-11-22 15:11:00","Y"
"1273","100","693","textcontent","6","A","2024-11-22 13:26:02","2024-11-22 15:11:21","Y"
"1274","100","694","textcontent","7","A","2024-11-22 13:26:29","2024-11-22 15:11:38","Y"
"1275","100","695","textcontent","8","A","2024-11-22 13:26:54","2024-11-22 15:11:56","Y"
"1276","100","696","textcontent","9","A","2024-11-22 13:27:18","2024-11-22 15:11:13","Y"
"1277","100","697","textcontent","10","A","2024-11-22 13:27:51","2024-11-22 15:11:28","Y"
"1278","100","698","textcontent","11","A","2024-11-22 13:29:39","2024-11-22 15:11:58","Y"
"1279","100","699","textcontent","12","A","2024-11-22 13:36:03","2024-11-22 15:11:02","Y"
"1280","100","700","textcontent","13","A","2024-11-22 13:36:42","2024-11-22 15:11:18","Y"
"1281","100","701","textcontent","14","A","2024-11-22 13:37:04","2024-11-22 15:11:18","Y"
"1282","100","67","faculty","15","A","2024-11-22 13:37:54","2024-11-22 15:11:09","Y"
"1283","100","14","academia_panel","16","A","2024-11-22 13:39:00","2024-11-22 17:11:43","Y"
"1284","100","87","syllabus","17","A","2024-11-22 13:40:07",\N,"Y"
"1285","100","102","course_plan","18","A","2024-11-22 14:20:10",\N,"Y"
"1286","101","102","banner","1","A","0000-00-00 00:00:00","2024-11-22 16:11:46","N"
"1287","101","96","program_overview","2","A","2024-11-22 14:34:47","2024-11-22 15:11:22","N"
"1288","101","97","promotional_video","3","A","2024-11-22 14:34:47",\N,"N"
"1289","101","702","textcontent","4","A","2024-11-22 15:35:12",\N,"Y"
"1290","101","703","textcontent","5","A","2024-11-22 15:39:56","2024-11-22 16:11:27","Y"
"1291","101","704","textcontent","6","A","2024-11-22 15:41:13","2024-11-22 16:11:39","Y"
"1292","101","705","textcontent","7","A","2024-11-22 15:43:49","2024-11-22 16:11:05","Y"
"1293","101","706","textcontent","8","A","2024-11-22 15:44:30","2024-11-22 15:11:26","Y"
"1294","101","707","textcontent","9","A","2024-11-22 15:45:09","2024-11-22 15:11:42","Y"
"1295","101","708","textcontent","10","A","2024-11-22 15:46:45",\N,"Y"
"1296","101","709","textcontent","11","A","2024-11-22 15:48:08",\N,"Y"
"1297","101","710","textcontent","12","A","2024-11-22 15:48:33","2024-11-22 16:11:31","Y"
"1298","101","711","textcontent","13","A","2024-11-22 15:49:26","2024-11-22 15:11:22","Y"
"1299","101","712","textcontent","14","A","2024-11-22 15:49:50","2024-11-22 15:11:06","Y"
"1300","101","713","textcontent","15","A","2024-11-22 15:51:16",\N,"Y"
"1301","101","714","textcontent","16","A","2024-11-22 15:52:16",\N,"Y"
"1302","101","715","textcontent","17","A","2024-11-22 15:54:31",\N,"Y"
"1303","101","716","textcontent","18","A","2024-11-22 15:55:05",\N,"Y"
"1304","101","717","textcontent","19","A","2024-11-22 15:55:47",\N,"Y"
"1305","101","68","faculty","20","A","2024-11-22 15:56:47",\N,"Y"
"1306","101","15","academia_panel","21","A","2024-11-22 15:57:29",\N,"Y"
"1307","101","718","textcontent","22","A","2024-11-22 16:12:19","2024-11-22 17:11:51","Y"
"1308","101","103","course_plan","23","A","2024-11-22 16:13:50",\N,"Y"
"1309","91","719","textcontent","4","A","2024-12-05 13:22:37","2024-12-05 13:12:48","Y"
"1310","91","88","syllabus","7","A","2024-12-05 13:28:00",\N,"Y"
"1311","102","103","banner","1","A","0000-00-00 00:00:00","2024-12-06 12:12:25","N"
"1312","102","97","program_overview","2","A","2024-12-06 11:16:19",\N,"N"
"1313","102","98","promotional_video","3","A","2024-12-06 11:16:19",\N,"N"
"1314","102","720","textcontent","4","A","2024-12-06 11:17:12",\N,"Y"
"1315","102","721","textcontent","5","A","2024-12-06 11:18:14",\N,"Y"
"1316","102","722","textcontent","6","A","2024-12-06 11:18:33",\N,"Y"
"1317","102","723","textcontent","7","A","2024-12-06 11:20:30",\N,"Y"
"1318","102","724","textcontent","8","A","2024-12-06 11:20:56",\N,"Y"
"1319","102","725","textcontent","9","A","2024-12-06 11:21:39",\N,"Y"
"1320","102","726","textcontent","10","A","2024-12-06 11:23:01",\N,"Y"
"1321","102","727","textcontent","11","A","2024-12-06 11:27:09",\N,"Y"
"1322","102","728","textcontent","12","A","2024-12-06 11:28:04",\N,"Y"
"1323","102","729","textcontent","13","A","2024-12-06 11:29:40",\N,"Y"
"1324","102","730","textcontent","14","A","2024-12-06 11:30:10",\N,"Y"
"1325","102","69","faculty","15","A","2024-12-06 11:31:02","2025-09-12 18:09:09","Y"
"1326","102","16","academia_panel","16","A","2024-12-06 11:31:46","2025-09-12 18:09:16","Y"
"1327","102","26","testimonials","17","A","2024-12-06 11:32:21",\N,"Y"
"1328","103","104","banner","1","A","0000-00-00 00:00:00","2024-12-06 15:12:20","N"
"1329","103","98","program_overview","2","A","2024-12-06 11:42:38","2024-12-06 15:12:20","N"
"1330","103","99","promotional_video","3","A","2024-12-06 11:42:38","2024-12-06 15:12:20","N"
"1331","103","731","textcontent","4","A","2024-12-06 11:49:34","2024-12-06 15:12:20","Y"
"1332","103","732","textcontent","5","A","2024-12-06 11:51:25","2024-12-06 15:12:20","Y"
"1333","103","733","textcontent","6","A","2024-12-06 11:52:14","2024-12-06 15:12:20","Y"
"1334","103","734","textcontent","7","A","2024-12-06 12:08:49","2024-12-06 15:12:20","Y"
"1335","103","735","textcontent","8","A","2024-12-06 12:12:33","2024-12-06 15:12:20","Y"
"1336","103","736","textcontent","9","A","2024-12-06 12:15:00","2024-12-06 15:12:20","Y"
"1337","102","737","textcontent","18","A","2024-12-06 12:16:32",\N,"Y"
"1338","102","104","course_plan","19","A","2024-12-06 12:17:53",\N,"Y"
"1339","103","89","syllabus","14","A","2024-12-06 12:26:42","2024-12-06 15:12:20","N"
"1340","103","738","textcontent","10","A","2024-12-06 12:27:17","2024-12-06 15:12:20","Y"
"1341","103","739","textcontent","11","A","2024-12-06 12:31:50","2024-12-06 15:12:20","Y"
"1342","103","740","textcontent","12","A","2024-12-06 12:32:53","2024-12-06 15:12:20","Y"
"1343","103","741","textcontent","13","A","2024-12-06 12:33:16","2024-12-06 15:12:20","Y"
"1344","103","70","faculty","17","A","2024-12-06 12:34:10","2024-12-06 15:12:20","Y"
"1345","103","105","course_plan","18","A","2024-12-06 12:37:07","2024-12-06 15:12:20","Y"
"1346","104","105","banner","1","A","0000-00-00 00:00:00","2024-12-06 13:12:34","N"
"1347","104","99","program_overview","2","A","2024-12-06 13:15:53",\N,"N"
"1348","104","100","promotional_video","3","A","2024-12-06 13:15:53",\N,"N"
"1349","104","90","syllabus","4","A","2024-12-06 13:16:03",\N,"Y"
"1350","104","106","course_plan","5","A","2024-12-06 13:26:07",\N,"Y"
"1351","103","742","textcontent","15","A","2024-12-06 15:01:44","2024-12-06 15:12:20","N"
"1352","103","743","textcontent","16","A","2024-12-06 15:01:47","2024-12-06 15:12:20","Y"
"1353","105","106","banner","1","A","0000-00-00 00:00:00","2024-12-19 18:12:16","N"
"1354","105","100","program_overview","2","A","2024-12-19 17:58:45",\N,"N"
"1355","105","101","promotional_video","3","A","2024-12-19 17:58:45",\N,"N"
"1356","105","744","textcontent","4","A","2024-12-19 17:59:01",\N,"Y"
"1357","105","745","textcontent","5","A","2024-12-19 18:00:19",\N,"Y"
"1358","105","746","textcontent","6","A","2024-12-19 18:00:41",\N,"Y"
"1359","105","747","textcontent","7","A","2024-12-19 18:01:05",\N,"Y"
"1360","11","748","textcontent","4","A","2024-12-21 19:00:57","2025-12-06 15:12:26","Y"
"1361","105","107","course_plan","8","A","2024-12-22 11:38:12",\N,"Y"
"1362","106","107","banner","1","A","0000-00-00 00:00:00","2025-06-07 12:06:12","N"
"1363","106","101","program_overview","2","P","2024-12-22 14:23:15","2024-12-22 15:12:24","N"
"1364","106","102","promotional_video","3","A","2024-12-22 14:23:15","2024-12-22 15:12:24","N"
"1365","106","749","textcontent","6","A","2024-12-22 14:24:52","2024-12-22 15:12:53","Y"
"1366","106","750","textcontent","7","A","2024-12-22 14:26:04","2024-12-22 15:12:24","Y"
"1367","106","91","syllabus","5","A","2024-12-22 14:28:56","2024-12-22 15:12:24","Y"
"1368","106","751","textcontent","8","A","2024-12-22 14:48:28","2024-12-22 15:12:24","Y"
"1369","106","752","textcontent","9","P","2024-12-22 14:49:04","2026-01-22 21:01:16","Y"
"1370","106","753","textcontent","10","A","2024-12-22 14:49:46","2024-12-22 15:12:24","Y"
"1371","106","754","textcontent","11","A","2024-12-22 14:52:51","2024-12-22 15:12:24","Y"
"1372","106","108","course_plan","12","A","2024-12-22 14:56:33","2024-12-22 15:12:24","Y"
"1373","106","755","textcontent","4","A","2024-12-22 14:59:59","2024-12-22 15:12:24","Y"
"1374","37","756","textcontent","5","A","2024-12-27 15:06:35","2024-12-27 15:12:26","Y"
"1375","37","757","textcontent","6","A","2024-12-27 15:07:54","2024-12-27 15:12:26","Y"
"1376","37","758","textcontent","7","A","2024-12-27 15:13:09","2024-12-27 15:12:22","Y"
"1377","26","27","testimonials","11","A","2024-12-27 16:59:39","2025-11-25 16:11:50","Y"
"1378","3","71","faculty","14","A","2025-01-05 18:53:39","2025-11-24 21:11:19","Y"
"1379","107","108","banner","1","A","0000-00-00 00:00:00","2025-12-06 15:12:00","N"
"1380","107","102","program_overview","2","A","2025-01-08 14:14:34","2025-12-06 15:12:00","N"
"1381","107","103","promotional_video","3","A","2025-01-08 14:14:34","2025-12-06 15:12:00","N"
"1382","107","759","textcontent","4","A","2025-01-08 14:17:47","2025-12-06 15:12:00","Y"
"1383","107","760","textcontent","5","A","2025-01-08 14:18:25","2025-12-06 15:12:00","Y"
"1384","107","761","textcontent","6","A","2025-01-08 14:19:04","2025-12-06 15:12:00","Y"
"1385","107","762","textcontent","7","A","2025-01-08 14:24:22","2025-12-06 15:12:00","Y"
"1386","107","763","textcontent","8","A","2025-01-08 14:25:23","2025-12-06 15:12:00","Y"
"1387","107","92","syllabus","9","A","2025-01-08 14:26:02","2025-12-06 15:12:00","Y"
"1388","107","764","textcontent","10","A","2025-01-08 14:41:13","2025-12-06 15:12:00","Y"
"1389","107","109","course_plan","12","A","2025-01-08 14:43:25","2025-12-06 15:12:00","Y"
"1390","108","109","banner","1","A","0000-00-00 00:00:00","2025-12-06 14:12:29","N"
"1391","108","103","program_overview","2","A","2025-01-08 14:59:09","2025-12-06 14:12:29","N"
"1392","108","104","promotional_video","3","A","2025-01-08 14:59:09","2025-12-06 14:12:29","N"
"1393","108","765","textcontent","4","A","2025-01-08 15:02:15","2025-12-06 14:12:29","Y"
"1394","108","766","textcontent","5","A","2025-01-08 15:02:54","2025-12-06 14:12:29","Y"
"1395","108","767","textcontent","6","A","2025-01-08 15:03:31","2025-12-06 14:12:29","Y"
"1396","108","768","textcontent","7","A","2025-01-08 15:04:10","2025-12-06 14:12:29","Y"
"1397","108","769","textcontent","8","A","2025-01-08 15:04:49","2025-12-06 14:12:29","Y"
"1398","108","93","syllabus","9","A","2025-01-08 15:04:59","2025-12-06 14:12:29","Y"
"1399","108","770","textcontent","10","A","2025-01-08 15:21:06","2025-12-06 14:12:29","Y"
"1400","108","110","course_plan","12","A","2025-01-08 15:22:45","2025-12-06 14:12:29","Y"
"1401","109","110","banner","1","A","0000-00-00 00:00:00","2025-01-08 15:01:47","N"
"1402","109","104","program_overview","2","A","2025-01-08 15:32:47","2025-06-21 13:06:51","N"
"1403","109","105","promotional_video","3","A","2025-01-08 15:32:47",\N,"N"
"1404","109","771","textcontent","4","A","2025-01-08 15:36:16","2025-01-08 16:01:01","Y"
"1405","109","772","textcontent","5","A","2025-01-08 15:36:55","2025-01-08 16:01:16","Y"
"1406","109","773","textcontent","6","A","2025-01-08 15:37:30","2025-01-08 16:01:16","Y"
"1407","109","774","textcontent","7","A","2025-01-08 15:38:09","2025-01-08 16:01:33","Y"
"1408","109","775","textcontent","8","A","2025-01-08 15:38:46","2025-01-08 16:01:47","Y"
"1409","109","94","syllabus","9","A","2025-01-08 15:38:56",\N,"Y"
"1410","109","776","textcontent","10","A","2025-01-08 15:46:59",\N,"Y"
"1411","109","111","course_plan","11","A","2025-01-08 16:37:45",\N,"Y"
"1412","55","777","textcontent","6","A","2025-01-10 13:29:29","2025-12-06 18:12:13","Y"
"1413","55","778","textcontent","7","A","2025-01-10 13:30:45","2025-12-06 18:12:13","Y"
"1414","55","779","textcontent","8","A","2025-01-10 13:33:33","2025-12-06 18:12:13","Y"
"1415","8","780","textcontent","9","A","2025-01-10 15:44:41","2025-01-10 15:01:04","Y"
"1416","8","781","textcontent","10","A","2025-01-10 15:46:24","2025-06-24 13:06:41","Y"
"1417","110","111","banner","1","A","0000-00-00 00:00:00","2026-08-21 14:08:37","N"
"1418","110","105","program_overview","2","A","2025-02-05 17:24:29","2026-01-31 16:01:21","N"
"1419","110","106","promotional_video","3","A","2025-02-05 17:24:29",\N,"N"
"1420","110","782","textcontent","4","A","2025-02-05 17:27:12","2025-02-05 17:02:32","Y"
"1421","110","783","textcontent","5","A","2025-02-05 17:27:36","2025-02-05 18:02:49","Y"
"1422","110","784","textcontent","6","A","2025-02-05 17:28:03","2025-02-05 17:02:07","Y"
"1423","110","785","textcontent","7","A","2025-02-05 17:28:37","2026-08-03 18:08:09","Y"
"1424","110","786","textcontent","8","A","2025-02-05 17:28:53","2025-02-05 17:02:57","Y"
"1425","110","787","textcontent","9","A","2025-02-05 17:29:16","2025-02-05 17:02:15","Y"
"1426","110","788","textcontent","10","A","2025-02-05 17:29:41","2025-02-05 17:02:31","Y"
"1427","110","789","textcontent","11","A","2025-02-05 17:30:08","2025-02-05 17:02:56","Y"
"1428","110","790","textcontent","12","A","2025-02-05 17:30:35","2025-02-05 17:02:23","Y"
"1429","110","791","textcontent","13","A","2025-02-05 17:30:59","2025-02-05 17:02:38","Y"
"1430","110","792","textcontent","14","A","2025-02-05 17:31:28","2025-02-05 18:02:05","Y"
"1431","110","793","textcontent","15","P","2025-02-05 17:32:15","2026-01-22 21:01:18","Y"
"1432","110","794","textcontent","16","A","2025-02-05 17:41:26","2025-02-05 18:02:34","Y"
"1433","110","795","textcontent","17","A","2025-02-05 17:41:54","2025-02-05 18:02:53","Y"
"1434","110","95","syllabus","18","A","2025-02-05 17:42:19",\N,"Y"
"1435","110","112","course_plan","19","A","2025-02-05 17:52:25",\N,"Y"
"1436","3","796","textcontent","18","A","2025-02-07 15:58:23","2025-11-24 21:11:19","Y"
"1437","111","112","banner","1","A","0000-00-00 00:00:00","2025-02-19 20:02:09","N"
"1438","111","106","program_overview","2","A","2025-02-19 20:27:50","2025-02-19 20:02:33","N"
"1439","111","107","promotional_video","3","A","2025-02-19 20:27:50","2025-02-19 20:02:33","N"
"1440","111","797","textcontent","4","A","2025-02-19 20:29:32","2025-02-19 20:02:33","Y"
"1441","111","798","textcontent","5","A","2025-02-19 20:30:03","2025-02-19 20:02:33","Y"
"1442","111","799","textcontent","6","A","2025-02-19 20:30:37","2025-02-19 20:02:33","Y"
"1443","111","800","textcontent","7","A","2025-02-19 20:30:58","2025-02-19 20:02:33","Y"
"1444","111","801","textcontent","8","A","2025-02-19 20:31:24","2025-02-19 20:02:33","Y"
"1445","111","802","textcontent","9","A","2025-02-19 20:32:10","2026-08-03 18:08:57","Y"
"1446","111","803","textcontent","10","A","2025-02-19 20:32:35","2025-02-19 20:02:33","Y"
"1447","111","804","textcontent","12","A","2025-02-19 20:33:07","2025-02-19 20:02:33","Y"
"1448","111","72","faculty","13","A","2025-02-19 20:33:57","2025-02-19 20:02:33","Y"
"1449","111","96","syllabus","11","A","2025-02-19 20:34:16","2025-02-19 20:02:33","Y"
"1450","111","113","course_plan","14","A","2025-02-19 20:47:15",\N,"Y"
"1451","112","113","banner","1","A","0000-00-00 00:00:00","2026-08-21 14:08:32","N"
"1452","112","107","program_overview","2","A","2025-03-16 08:14:11","2025-11-25 12:11:23","N"
"1453","112","108","promotional_video","3","A","2025-03-16 08:14:11","2025-11-25 12:11:23","N"
"1454","112","97","syllabus","6","A","2025-03-16 08:14:50","2025-11-25 12:11:23","Y"
"1455","112","805","textcontent","4","A","2025-03-16 08:41:33","2025-11-25 12:11:23","Y"
"1456","112","114","course_plan","7","A","2025-03-16 08:43:45","2025-11-25 12:11:23","Y"
"1457","29","1","quick_overview","2","A","2025-03-22 06:31:21","2026-03-20 12:03:10","Y"
"1458","113","114","banner","1","A","0000-00-00 00:00:00","2025-06-07 12:06:43","N"
"1459","113","108","program_overview","2","A","2025-03-30 13:51:50","2025-03-30 14:03:33","N"
"1460","113","109","promotional_video","3","A","2025-03-30 13:51:50","2025-03-30 14:03:33","N"
"1461","113","98","syllabus","5","A","2025-03-30 13:53:59","2025-03-30 14:03:33","Y"
"1462","113","806","textcontent","6","A","2025-03-30 14:29:21","2025-03-30 14:03:33","Y"
"1463","113","115","course_plan","7","A","2025-03-30 14:32:15","2025-03-30 14:03:33","Y"
"1464","113","807","textcontent","4","A","2025-03-30 14:33:21","2025-06-21 14:06:31","Y"
"1465","114","115","banner","1","A","0000-00-00 00:00:00","2025-06-07 12:06:06","N"
"1466","114","109","program_overview","2","A","2025-04-12 11:54:41",\N,"N"
"1467","114","110","promotional_video","3","A","2025-04-12 11:54:41",\N,"N"
"1468","114","99","syllabus","4","A","2025-04-12 11:57:35",\N,"Y"
"1469","114","116","course_plan","5","A","2025-04-12 13:20:09",\N,"Y"
"1470","115","116","banner","1","A","0000-00-00 00:00:00","2025-06-07 12:06:51","N"
"1471","115","110","program_overview","2","A","2025-04-12 14:22:17",\N,"N"
"1472","115","111","promotional_video","3","A","2025-04-12 14:22:17",\N,"N"
"1473","115","100","syllabus","4","A","2025-04-12 14:22:29",\N,"Y"
"1474","115","117","course_plan","5","A","2025-04-12 14:49:16",\N,"Y"
"1475","116","117","banner","1","A","0000-00-00 00:00:00","2026-08-21 14:08:55","N"
"1476","116","111","program_overview","2","A","2025-04-12 15:17:06","2026-02-20 12:02:56","N"
"1477","116","112","promotional_video","3","A","2025-04-12 15:17:06","2026-02-20 12:02:56","N"
"1478","116","101","syllabus","4","A","2025-04-12 15:17:54","2026-02-20 12:02:56","Y"
"1479","116","118","course_plan","6","A","2025-04-12 16:10:25","2026-02-20 12:02:56","Y"
"1480","117","118","banner","1","A","0000-00-00 00:00:00","2026-08-21 14:08:10","N"
"1481","117","112","program_overview","2","P","2025-04-13 12:06:31","2025-12-06 13:12:48","N"
"1482","117","113","promotional_video","3","A","2025-04-13 12:06:31","2025-12-06 13:12:48","N"
"1483","117","102","syllabus","6","A","2025-04-13 12:06:45","2025-12-06 13:12:48","Y"
"1484","117","119","course_plan","7","A","2025-04-13 12:28:12","2025-12-06 13:12:48","Y"
"1485","117","808","textcontent","4","A","2025-04-13 12:33:22","2025-12-06 13:12:48","Y"
"1486","118","119","banner","1","A","0000-00-00 00:00:00","2026-03-03 17:03:16","N"
"1487","118","113","program_overview","2","A","2025-04-20 10:03:46",\N,"N"
"1488","118","114","promotional_video","3","A","2025-04-20 10:03:46",\N,"N"
"1489","118","103","syllabus","4","A","2025-04-20 10:03:58",\N,"Y"
"1490","118","120","course_plan","5","A","2025-04-20 10:43:34",\N,"Y"
"1491","119","120","banner","1","A","0000-00-00 00:00:00","2025-06-07 11:06:59","N"
"1492","119","114","program_overview","2","A","2025-04-20 13:31:36",\N,"N"
"1493","119","115","promotional_video","3","A","2025-04-20 13:31:36",\N,"N"
"1494","119","104","syllabus","4","A","2025-04-20 13:38:02",\N,"Y"
"1495","119","121","course_plan","5","A","2025-04-20 14:13:38",\N,"Y"
"1496","120","121","banner","1","A","0000-00-00 00:00:00","2025-06-02 18:06:24","N"
"1497","120","115","program_overview","2","A","2025-06-01 11:22:41",\N,"N"
"1498","120","116","promotional_video","3","A","2025-06-01 11:22:41",\N,"N"
"1499","120","105","syllabus","4","A","2025-06-01 11:23:18",\N,"Y"
"1500","120","809","textcontent","5","A","2025-06-01 11:52:05","2025-06-01 12:06:22","Y"
"1501","120","122","course_plan","6","A","2025-06-01 12:07:08",\N,"Y"
"1502","121","122","banner","1","A","0000-00-00 00:00:00","2025-11-25 12:11:19","N"
"1503","121","116","program_overview","2","A","2025-07-14 16:31:55","2025-11-25 12:11:19","N"
"1504","121","117","promotional_video","3","A","2025-07-14 16:31:55","2025-11-25 12:11:19","N"
"1505","121","810","textcontent","4","A","2025-07-14 16:32:27","2025-11-25 12:11:19","Y"
"1506","121","811","textcontent","5","A","2025-07-14 16:34:03","2025-11-25 12:11:19","Y"
"1507","121","812","textcontent","6","A","2025-07-14 16:36:31","2025-11-25 12:11:19","Y"
"1508","121","813","textcontent","7","A","2025-07-14 16:39:28","2025-11-25 12:11:19","Y"
"1509","121","814","textcontent","8","A","2025-07-14 16:43:04","2026-01-31 16:01:36","Y"
"1510","121","815","textcontent","9","A","2025-07-14 16:46:49","2025-11-25 12:11:19","Y"
"1511","121","106","syllabus","10","D","2025-07-14 16:48:16","2025-07-14 16:07:32","Y"
"1512","121","816","textcontent","10","A","2025-07-14 16:59:52","2025-11-25 12:11:19","Y"
"1513","121","817","textcontent","11","A","2025-07-14 17:01:05","2025-11-25 12:11:19","Y"
"1514","121","818","textcontent","12","A","2025-07-14 17:01:36","2025-11-25 12:11:19","Y"
"1515","121","123","course_plan","14","A","2025-07-14 17:04:53","2025-11-25 12:11:19","Y"
"1516","122","123","banner","1","A","0000-00-00 00:00:00","2025-11-30 14:11:42","N"
"1517","122","117","program_overview","2","A","2025-07-17 18:28:25","2025-11-30 14:11:42","N"
"1518","122","118","promotional_video","3","A","2025-07-17 18:28:25","2025-11-30 14:11:42","N"
"1519","122","819","textcontent","4","A","2025-07-17 18:29:57","2025-11-30 14:11:42","Y"
"1520","122","820","textcontent","5","A","2025-07-17 18:31:19","2025-11-30 14:11:42","Y"
"1521","122","821","textcontent","6","A","2025-07-17 18:34:25","2025-11-30 14:11:42","Y"
"1522","122","822","textcontent","7","A","2025-07-17 18:35:32","2025-11-30 14:11:42","Y"
"1523","122","823","textcontent","8","A","2025-07-17 18:36:18","2025-11-30 14:11:42","Y"
"1524","122","824","textcontent","9","A","2025-07-17 18:39:15","2025-11-30 14:11:42","Y"
"1525","122","825","textcontent","10","A","2025-07-17 18:40:33","2025-11-30 14:11:42","Y"
"1526","122","107","syllabus","11","D","2025-07-17 18:41:14","2025-07-17 18:07:26","Y"
"1527","122","826","textcontent","11","A","2025-07-17 18:44:56","2025-11-30 14:11:42","Y"
"1528","122","827","textcontent","12","A","2025-07-17 18:46:07","2025-11-30 14:11:42","Y"
"1529","122","828","textcontent","13","A","2025-07-17 18:58:16","2026-01-31 16:01:10","Y"
"1530","122","829","textcontent","14","A","2025-07-17 18:58:54","2026-01-31 16:01:38","Y"
"1531","122","830","textcontent","16","A","2025-07-17 19:00:16","2025-11-30 14:11:42","Y"
"1532","122","124","course_plan","17","A","2025-07-17 19:16:22","2025-11-30 14:11:42","Y"
"1533","123","124","banner","1","A","0000-00-00 00:00:00","2026-08-21 14:08:29","N"
"1534","123","118","program_overview","2","A","2025-07-18 19:25:47","2025-11-25 12:11:17","N"
"1535","123","119","promotional_video","3","A","2025-07-18 19:25:47","2025-11-25 12:11:17","N"
"1536","123","831","textcontent","4","A","2025-07-18 19:34:02","2025-11-25 12:11:17","Y"
"1537","123","832","textcontent","5","A","2025-07-18 19:35:57","2025-11-25 12:11:17","Y"
"1538","123","108","syllabus","8","A","2025-07-18 19:37:28","2025-11-25 12:11:17","Y"
"1539","123","833","textcontent","9","A","2025-07-18 20:00:06","2025-11-25 12:11:17","Y"
"1540","123","834","textcontent","10","A","2025-07-18 20:01:50","2025-11-25 12:11:17","Y"
"1541","123","125","course_plan","6","A","2025-07-18 20:05:45","2025-11-25 12:11:17","Y"
"1542","124","125","banner","1","A","0000-00-00 00:00:00","2026-08-12 15:08:07","N"
"1543","124","119","program_overview","2","A","2025-07-20 12:02:41","2026-08-12 15:08:07","N"
"1544","124","120","promotional_video","3","A","2025-07-20 12:02:41","2026-08-12 15:08:07","N"
"1545","124","835","textcontent","4","D","2025-07-20 12:05:00","2026-08-12 13:08:03","Y"
"1546","124","109","syllabus","5","D","2025-07-20 12:07:13","2026-08-12 13:08:01","Y"
"1547","124","836","textcontent","6","D","2025-07-20 12:37:21","2026-08-12 13:08:19","Y"
"1548","124","837","textcontent","7","D","2025-07-20 12:38:06","2026-08-12 13:08:09","Y"
"1549","124","838","textcontent","8","D","2025-07-20 12:39:13","2026-08-12 13:08:26","Y"
"1550","124","126","course_plan","19","A","2025-07-20 13:52:02","2026-08-12 15:08:07","Y"
"1551","125","126","banner","1","A","0000-00-00 00:00:00","2026-08-13 22:08:08","N"
"1552","125","120","program_overview","2","A","2025-08-10 15:03:29","2026-08-13 22:08:08","N"
"1553","125","121","promotional_video","3","A","2025-08-10 15:03:29","2026-08-13 22:08:08","N"
"1554","125","839","textcontent","5","D","2025-08-10 15:08:38","2026-08-13 21:08:28","Y"
"1555","125","840","textcontent","6","D","2025-08-10 15:12:53","2026-08-13 21:08:08","Y"
"1556","125","841","textcontent","7","D","2025-08-10 15:28:09","2026-08-13 21:08:58","Y"
"1557","125","842","textcontent","8","D","2025-08-10 15:31:01","2026-08-13 21:08:48","Y"
"1558","125","843","textcontent","9","D","2025-08-10 15:33:26","2026-08-13 21:08:40","Y"
"1559","125","127","course_plan","19","A","2025-08-10 15:43:44","2026-08-13 22:08:08","Y"
"1560","126","127","banner","1","A","0000-00-00 00:00:00","2026-01-01 20:01:02","N"
"1561","126","121","program_overview","2","P","2025-08-17 12:55:40","2025-11-25 12:11:27","N"
"1562","126","122","promotional_video","3","A","2025-08-17 12:55:40","2025-11-25 12:11:27","N"
"1563","126","110","syllabus","4","D","2025-08-17 12:57:47","2025-08-17 13:08:46","Y"
"1564","126","111","syllabus","5","D","2025-08-17 13:22:05","2025-08-17 13:08:34","Y"
"1565","126","844","textcontent","5","A","2025-08-17 13:36:44","2025-11-25 12:11:27","Y"
"1566","126","845","textcontent","6","A","2025-08-17 13:37:29","2025-11-25 12:11:27","Y"
"1567","126","846","textcontent","7","A","2025-08-17 13:38:02","2025-11-25 12:11:27","Y"
"1568","126","847","textcontent","8","A","2025-08-17 13:52:43","2025-11-25 12:11:27","Y"
"1569","126","848","textcontent","9","A","2025-08-17 14:00:00","2025-11-25 12:11:27","Y"
"1570","126","849","textcontent","10","A","2025-08-17 14:00:37","2025-11-25 12:11:27","Y"
"1571","126","850","textcontent","11","A","2025-08-17 14:03:48","2025-11-25 12:11:27","Y"
"1572","126","128","course_plan","13","A","2025-08-17 14:08:16","2025-11-25 12:11:27","Y"
"1573","126","851","textcontent","4","A","2025-08-17 14:12:03","2025-11-25 12:11:27","Y"
"1574","127","128","banner","1","A","0000-00-00 00:00:00","2025-08-17 17:08:01","N"
"1575","127","122","program_overview","2","A","2025-08-17 17:21:01",\N,"N"
"1576","127","123","promotional_video","3","A","2025-08-17 17:21:01",\N,"N"
"1577","128","129","banner","1","A","0000-00-00 00:00:00","2026-01-01 20:01:09","N"
"1578","128","123","program_overview","2","A","2025-08-17 17:21:09",\N,"N"
"1579","128","124","promotional_video","3","A","2025-08-17 17:21:09",\N,"N"
"1580","128","852","textcontent","4","A","2025-08-17 17:22:31",\N,"Y"
"1581","128","112","syllabus","5","A","2025-08-17 17:22:40",\N,"Y"
"1582","128","129","course_plan","6","A","2025-08-17 17:39:17",\N,"Y"
"1583","129","130","banner","1","A","0000-00-00 00:00:00","2026-08-21 14:08:05","N"
"1584","129","124","program_overview","2","A","2025-08-31 12:25:25","2025-11-25 14:11:48","N"
"1585","129","125","promotional_video","3","A","2025-08-31 12:25:25","2025-11-25 14:11:48","N"
"1586","129","853","textcontent","4","A","2025-08-31 12:26:20","2025-11-25 14:11:48","Y"
"1587","129","854","textcontent","5","A","2025-08-31 12:26:45","2025-11-25 14:11:48","Y"
"1588","129","855","textcontent","6","A","2025-08-31 12:27:15","2025-11-25 14:11:48","Y"
"1589","129","113","syllabus","8","A","2025-08-31 12:27:32","2025-11-25 14:11:48","Y"
"1590","129","130","course_plan","9","A","2025-08-31 12:49:44","2025-11-25 14:11:48","Y"
"1591","130","131","banner","1","A","0000-00-00 00:00:00","2025-12-01 20:12:31","N"
"1592","130","125","program_overview","2","A","2025-10-31 11:20:54","2025-12-01 20:12:55","N"
"1593","130","126","promotional_video","3","A","2025-10-31 11:20:54","2025-12-01 20:12:31","N"
"1594","130","856","textcontent","6","A","2025-10-31 11:31:01","2025-12-13 15:12:26","Y"
"1595","130","857","textcontent","7","A","2025-10-31 11:40:49","2025-12-13 15:12:35","Y"
"1596","130","858","textcontent","8","A","2025-10-31 11:43:55","2025-12-13 15:12:20","Y"
"1597","130","859","textcontent","10","A","2025-10-31 11:44:45","2025-12-13 15:12:50","Y"
"1598","130","860","textcontent","11","A","2025-10-31 11:45:50","2025-12-13 15:12:29","Y"
"1599","130","861","textcontent","12","A","2025-10-31 11:47:21","2025-12-01 20:12:00","Y"
"1600","130","862","textcontent","13","A","2025-10-31 11:48:55","2025-12-01 20:12:31","Y"
"1601","130","863","textcontent","14","A","2025-10-31 11:54:54","2025-12-01 20:12:31","Y"
"1602","130","864","textcontent","15","A","2025-10-31 11:55:54","2025-12-01 20:12:22","Y"
"1603","130","865","textcontent","16","A","2025-10-31 11:57:54","2025-12-13 15:12:48","Y"
"1604","130","73","faculty","17","A","2025-10-31 11:58:46","2025-12-01 20:12:31","Y"
"1605","130","114","syllabus","18","A","2025-10-31 11:59:03","2025-12-01 20:12:31","Y"
"1606","130","131","course_plan","19","A","2025-10-31 13:26:03","2025-12-01 20:12:31","Y"
"1607","130","866","textcontent","4","A","2025-10-31 13:26:53","2025-12-01 20:12:31","Y"
"1608","131","132","banner","1","A","0000-00-00 00:00:00","2025-11-20 13:11:49","N"
"1609","131","126","program_overview","2","A","2025-10-31 14:25:22","2025-11-20 14:11:50","N"
"1610","131","127","promotional_video","3","A","2025-10-31 14:25:22","2025-10-31 16:10:54","N"
"1611","131","867","textcontent","4","A","2025-10-31 14:29:24","2025-11-20 13:11:26","Y"
"1612","131","868","textcontent","6","A","2025-10-31 15:12:52","2025-10-31 16:10:54","Y"
"1613","131","869","textcontent","7","A","2025-10-31 15:19:00","2025-10-31 16:10:54","Y"
"1614","131","870","textcontent","8","A","2025-10-31 15:21:05","2025-10-31 16:10:54","Y"
"1615","131","871","textcontent","9","A","2025-10-31 15:25:35","2025-10-31 16:10:54","Y"
"1616","131","872","textcontent","10","A","2025-10-31 15:27:00","2025-11-23 16:11:16","Y"
"1617","131","873","textcontent","11","A","2025-10-31 15:32:27","2025-10-31 16:10:54","Y"
"1618","131","874","textcontent","12","A","2025-10-31 15:33:55","2025-10-31 16:10:54","Y"
"1619","131","875","textcontent","13","A","2025-10-31 15:37:36","2025-10-31 16:10:54","Y"
"1620","131","876","textcontent","14","A","2025-10-31 15:38:10","2025-11-26 11:11:29","Y"
"1621","131","115","syllabus","15","A","2025-10-31 15:38:38","2025-10-31 16:10:54","Y"
"1622","131","877","textcontent","16","A","2025-10-31 15:49:18","2025-11-25 17:11:02","Y"
"1623","131","74","faculty","17","A","2025-10-31 15:49:54","2025-10-31 16:10:54","Y"
"1624","131","132","course_plan","18","A","2025-10-31 16:01:54","2025-10-31 16:10:54","Y"
"1625","131","878","textcontent","5","A","2025-10-31 16:36:49","2025-11-23 16:11:38","Y"
"1626","130","879","textcontent","5","A","2025-10-31 16:46:40","2025-12-01 20:12:31","Y"
"1627","132","133","banner","1","A","0000-00-00 00:00:00","2025-11-20 12:11:13","N"
"1628","132","127","program_overview","2","A","2025-11-13 12:51:33","2025-11-20 14:11:01","N"
"1629","132","128","promotional_video","3","A","2025-11-13 12:51:33","2025-11-20 12:11:13","N"
"1630","132","880","textcontent","5","A","2025-11-13 12:52:21","2025-11-20 12:11:13","Y"
"1631","132","881","textcontent","6","A","2025-11-13 12:58:16","2025-11-20 12:11:13","Y"
"1632","132","882","textcontent","7","A","2025-11-13 12:58:57","2025-11-20 12:11:13","Y"
"1633","132","883","textcontent","8","A","2025-11-13 12:59:50","2025-11-20 12:11:13","Y"
"1634","132","884","textcontent","9","A","2025-11-13 13:02:08","2025-11-20 12:11:13","Y"
"1635","132","885","textcontent","10","A","2025-11-13 13:05:10","2025-11-20 12:11:13","Y"
"1636","132","116","syllabus","11","A","2025-11-13 13:05:32","2025-11-20 12:11:13","Y"
"1637","132","886","textcontent","12","A","2025-11-13 13:15:04","2025-11-20 12:11:13","Y"
"1638","132","887","textcontent","13","A","2025-11-13 13:18:04","2025-11-20 12:11:13","Y"
"1639","132","888","textcontent","14","A","2025-11-13 13:19:06","2025-11-20 12:11:13","Y"
"1640","132","889","textcontent","15","A","2025-11-13 13:20:18","2025-11-20 12:11:13","Y"
"1641","132","890","textcontent","16","A","2025-11-13 13:20:45","2025-11-20 12:11:13","Y"
"1642","132","891","textcontent","17","A","2025-11-13 13:21:03","2025-11-26 11:11:00","Y"
"1643","132","75","faculty","18","A","2025-11-13 13:22:58","2025-11-20 12:11:13","Y"
"1644","132","892","textcontent","19","A","2025-11-13 13:26:53","2025-11-20 12:11:13","Y"
"1645","132","893","textcontent","20","A","2025-11-13 13:28:40","2025-11-20 12:11:13","Y"
"1646","132","133","course_plan","21","A","2025-11-13 13:32:13","2025-11-20 12:11:13","Y"
"1647","133","134","banner","1","A","0000-00-00 00:00:00","2025-11-20 12:11:36","N"
"1648","133","128","program_overview","2","A","2025-11-19 18:17:40","2025-11-20 12:11:36","N"
"1649","133","129","promotional_video","3","A","2025-11-19 18:17:40","2025-11-20 12:11:36","N"
"1650","133","894","textcontent","5","A","2025-11-19 18:18:15","2025-11-20 12:11:36","Y"
"1651","133","895","textcontent","6","A","2025-11-19 18:20:43","2025-11-20 12:11:36","Y"
"1652","133","896","textcontent","7","A","2025-11-19 18:25:49","2025-11-20 12:11:36","Y"
"1653","133","897","textcontent","8","A","2025-11-19 18:29:16","2025-11-23 16:11:41","Y"
"1654","133","898","textcontent","9","A","2025-11-19 18:30:30","2025-11-20 12:11:36","Y"
"1655","133","899","textcontent","10","A","2025-11-19 18:31:53","2025-11-20 12:11:36","Y"
"1656","133","900","textcontent","11","A","2025-11-19 18:32:20","2025-11-20 12:11:36","Y"
"1657","133","901","textcontent","12","A","2025-11-19 18:35:00","2025-11-20 12:11:36","Y"
"1658","133","902","textcontent","13","A","2025-11-19 18:35:43","2025-11-20 12:11:36","Y"
"1659","133","903","textcontent","14","A","2025-11-19 18:36:07","2025-11-26 11:11:58","Y"
"1660","133","76","faculty","15","A","2025-11-19 18:36:36","2025-11-20 12:11:36","Y"
"1661","133","117","syllabus","16","A","2025-11-19 18:36:44","2025-11-20 12:11:36","Y"
"1662","133","904","textcontent","17","A","2025-11-19 19:15:47","2025-11-25 17:11:10","Y"
"1663","133","134","course_plan","18","A","2025-11-19 19:18:50","2025-11-20 12:11:36","Y"
"1664","133","905","textcontent","4","A","2025-11-20 12:03:01","2025-11-23 16:11:01","Y"
"1665","132","906","textcontent","4","A","2025-11-20 12:30:22","2025-11-20 13:11:37","Y"
"1666","29","130","promotional_video","3","A","2025-11-21 12:34:35","2025-11-21 12:11:59","N"
"1667","29","129","program_overview","10","A","2025-11-21 12:35:33",\N,"Y"
"1668","29","1","forms","11","A","2025-11-21 12:37:50",\N,"Y"
"1669","29","1","faq","12","A","2025-11-21 12:38:13",\N,"Y"
"1670","29","1","legal_expert","13","A","2025-11-21 12:39:20",\N,"Y"
"1671","29","28","testimonials","14","A","2025-11-21 12:39:49",\N,"Y"
"1672","29","17","academia_panel","15","A","2025-11-21 12:40:18",\N,"Y"
"1673","29","77","faculty","16","A","2025-11-21 12:40:46",\N,"Y"
"1674","29","1","industry","17","A","2025-11-21 12:41:33","2025-11-21 12:11:48","Y"
"1675","3","907","textcontent","13","P","2025-11-24 21:43:24","2026-01-22 21:01:06","Y"
"1676","25","908","textcontent","7","A","2025-11-25 12:04:52","2026-03-12 12:03:44","Y"
"1677","96","909","textcontent","5","P","2025-11-25 12:07:52","2026-01-22 21:01:05","Y"
"1678","112","910","textcontent","5","P","2025-11-25 12:11:06","2026-01-22 21:01:42","Y"
"1679","116","911","textcontent","5","A","2025-11-25 12:13:14","2026-02-23 17:02:03","Y"
"1680","121","912","textcontent","13","P","2025-11-25 12:25:44","2026-01-22 21:01:04","Y"
"1681","123","913","textcontent","7","P","2025-11-25 12:30:50","2026-01-22 21:01:11","Y"
"1682","124","914","textcontent","4","P","2025-11-25 12:33:42","2026-08-12 15:08:07","Y"
"1683","125","915","textcontent","4","P","2025-11-25 12:36:21","2026-08-13 22:08:08","Y"
"1684","126","916","textcontent","12","P","2025-11-25 12:48:21","2026-01-22 21:01:36","Y"
"1685","129","917","textcontent","7","P","2025-11-25 14:09:18","2026-02-20 12:02:18","Y"
"1686","28","918","textcontent","14","P","2025-11-25 14:17:28","2026-01-22 21:01:35","Y"
"1687","31","919","textcontent","11","A","2025-11-25 17:12:29","2026-02-23 17:02:17","Y"
"1688","48","920","textcontent","5","P","2025-11-25 17:16:01","2026-01-22 21:01:46","Y"
"1689","24","921","textcontent","17","A","2025-11-25 17:19:50","2026-03-12 12:03:26","Y"
"1690","42","922","textcontent","8","P","2025-11-25 17:41:57","2026-01-22 21:01:59","Y"
"1691","30","923","textcontent","10","A","2025-11-25 17:57:55","2026-02-23 17:02:37","Y"
"1692","134","135","banner","1","A","0000-00-00 00:00:00","2025-11-28 13:11:51","N"
"1693","134","130","program_overview","2","A","2025-11-28 10:57:32","2025-11-28 13:11:24","N"
"1694","134","131","promotional_video","3","A","2025-11-28 10:57:32",\N,"N"
"1695","135","136","banner","1","A","0000-00-00 00:00:00","2025-12-06 16:12:15","N"
"1696","135","131","program_overview","2","A","2025-11-28 11:25:50","2025-12-06 16:12:15","N"
"1697","135","132","promotional_video","3","A","2025-11-28 11:25:50","2025-12-06 16:12:15","N"
"1698","134","924","textcontent","4","A","2025-11-28 11:53:49",\N,"Y"
"1699","135","925","textcontent","4","D","2025-11-28 11:54:11","2025-11-28 11:11:38","Y"
"1700","134","926","textcontent","5","A","2025-11-28 11:55:00","2025-11-28 13:11:43","Y"
"1701","134","927","textcontent","6","A","2025-11-28 11:55:48","2025-11-28 13:11:56","Y"
"1702","134","928","textcontent","7","A","2025-11-28 11:56:34",\N,"Y"
"1703","134","929","textcontent","8","A","2025-11-28 11:57:48",\N,"Y"
"1704","134","930","textcontent","9","A","2025-11-28 11:58:33","2025-11-28 13:11:15","Y"
"1705","134","931","textcontent","10","A","2025-11-28 12:11:58","2025-11-28 13:11:32","Y"
"1706","134","932","textcontent","11","A","2025-11-28 12:55:37",\N,"Y"
"1707","134","933","textcontent","12","A","2025-11-28 13:03:20",\N,"Y"
"1708","134","934","textcontent","13","A","2025-11-28 13:04:59","2025-11-28 13:11:55","Y"
"1709","134","935","textcontent","14","A","2025-11-28 13:05:40",\N,"Y"
"1710","134","936","textcontent","15","A","2025-11-28 13:06:20","2025-11-28 13:11:21","Y"
"1711","134","937","textcontent","16","A","2025-11-28 13:06:46",\N,"Y"
"1712","134","938","textcontent","17","A","2025-11-28 13:07:06",\N,"Y"
"1713","134","78","faculty","18","A","2025-11-28 13:07:58",\N,"Y"
"1714","134","939","textcontent","19","A","2025-11-28 13:08:51","2025-12-02 10:12:04","Y"
"1715","134","135","course_plan","20","A","2025-11-28 13:14:52",\N,"Y"
"1716","135","940","textcontent","4","A","2025-11-28 13:30:25","2025-12-06 16:12:15","Y"
"1717","135","941","textcontent","5","A","2025-11-28 13:32:03","2025-12-06 16:12:15","Y"
"1718","135","942","textcontent","6","A","2025-11-28 13:32:22","2025-12-06 16:12:15","Y"
"1719","135","118","syllabus","8","A","2025-11-28 13:32:31","2025-12-06 16:12:15","Y"
"1720","135","136","course_plan","9","A","2025-11-28 14:28:51","2025-12-06 16:12:15","Y"
"1721","122","943","textcontent","15","P","2025-11-30 13:49:42","2026-01-22 21:01:54","Y"
"1722","79","944","textcontent","8","P","2025-11-30 14:19:20","2026-01-22 21:01:21","Y"
"1723","99","945","textcontent","9","P","2025-11-30 14:58:57","2026-01-22 21:01:35","Y"
"1724","130","946","textcontent","9","A","2025-12-01 20:54:13","2025-12-01 20:12:31","Y"
"1725","117","947","textcontent","5","P","2025-12-06 13:49:46","2026-01-22 21:01:21","Y"
"1726","115","948","textcontent","6","P","2025-12-06 13:52:08","2026-01-22 21:01:01","Y"
"1727","114","949","textcontent","6","P","2025-12-06 13:53:57","2026-01-22 21:01:24","Y"
"1728","113","950","textcontent","8","P","2025-12-06 13:56:05","2026-01-22 21:01:59","Y"
"1729","109","951","textcontent","12","P","2025-12-06 14:02:39","2026-01-22 21:01:40","Y"
"1730","108","952","textcontent","11","P","2025-12-06 14:04:54","2026-01-22 21:01:38","Y"
"1731","107","953","textcontent","11","P","2025-12-06 15:07:34","2026-01-22 21:01:36","Y"
"1732","81","954","textcontent","5","A","2025-12-06 15:11:36","2026-03-12 12:03:33","Y"
"1733","54","955","textcontent","5","P","2025-12-06 15:12:52","2026-01-22 21:01:54","Y"
"1734","41","956","textcontent","7","P","2025-12-06 15:14:45","2026-03-13 18:03:32","Y"
"1735","36","957","textcontent","11","P","2025-12-06 15:17:05","2026-01-22 21:01:15","Y"
"1736","57","958","textcontent","8","P","2025-12-06 15:20:03","2026-01-22 21:01:03","Y"
"1737","47","959","textcontent","6","P","2025-12-06 15:20:53","2026-01-22 21:01:18","Y"
"1738","97","960","textcontent","9","P","2025-12-06 15:25:34","2026-01-22 21:01:39","Y"
"1739","80","961","textcontent","10","P","2025-12-06 15:27:59","2026-01-22 21:01:00","Y"
"1740","23","962","textcontent","12","P","2025-12-06 15:29:49","2026-01-22 21:01:22","Y"
"1741","52","963","textcontent","9","P","2025-12-06 15:38:02","2026-01-31 16:01:06","Y"
"1742","11","964","textcontent","13","A","2025-12-06 15:40:01","2026-03-12 14:03:54","Y"
"1743","43","965","textcontent","7","P","2025-12-06 15:42:50","2026-01-22 21:01:01","Y"
"1744","45","966","textcontent","6","P","2025-12-06 15:44:08","2026-01-22 21:01:07","Y"
"1745","135","967","textcontent","7","P","2025-12-06 16:39:59","2026-01-22 21:01:40","Y"
"1746","33","968","textcontent","12","P","2025-12-06 16:42:38","2026-01-22 21:01:41","Y"
"1747","98","969","textcontent","9","P","2025-12-06 18:21:51","2026-01-22 21:01:03","Y"
"1748","60","970","textcontent","11","P","2025-12-06 18:39:24","2026-01-22 21:01:30","Y"
"1749","55","971","textcontent","11","P","2025-12-06 18:42:02","2026-01-22 21:01:21","Y"
"1750","69","972","textcontent","11","P","2025-12-06 18:44:04","2026-01-22 21:01:47","Y"
"1751","128","973","textcontent","7","P","2025-12-09 17:07:08","2026-01-22 21:01:28","Y"
"1752","136","137","banner","1","A","0000-00-00 00:00:00","2025-12-18 14:12:15","N"
"1753","136","132","program_overview","2","A","2025-12-18 13:57:26","2025-12-18 14:12:15","N"
"1754","136","133","promotional_video","3","A","2025-12-18 13:57:26","2025-12-18 14:12:15","N"
"1755","136","974","textcontent","4","A","2025-12-18 13:58:00","2025-12-18 14:12:15","Y"
"1756","136","975","textcontent","5","A","2025-12-18 13:59:11","2025-12-18 14:12:15","Y"
"1757","136","976","textcontent","6","A","2025-12-18 13:59:43","2025-12-18 14:12:15","Y"
"1758","136","977","textcontent","7","A","2025-12-18 14:00:46","2025-12-18 14:12:15","Y"
"1759","136","978","textcontent","8","A","2025-12-18 14:01:56","2025-12-18 14:12:15","Y"
"1760","136","979","textcontent","9","A","2025-12-18 14:06:55","2025-12-18 14:12:15","Y"
"1761","136","980","textcontent","10","A","2025-12-18 14:11:13","2025-12-18 14:12:15","Y"
"1762","136","119","syllabus","11","A","2025-12-18 14:11:24","2025-12-18 14:12:15","Y"
"1763","136","981","textcontent","12","A","2025-12-18 14:25:30","2025-12-18 14:12:15","Y"
"1764","136","982","textcontent","13","A","2025-12-18 14:27:57","2025-12-18 14:12:15","Y"
"1765","136","983","textcontent","14","A","2025-12-18 14:28:41","2025-12-18 14:12:15","Y"
"1766","136","984","textcontent","15","A","2025-12-18 14:30:39","2025-12-18 14:12:15","Y"
"1767","136","985","textcontent","16","A","2025-12-18 14:31:01","2025-12-18 14:12:15","Y"
"1768","136","986","textcontent","17","A","2025-12-18 14:31:20","2025-12-18 14:12:15","Y"
"1769","136","79","faculty","18","A","2025-12-18 14:31:49","2025-12-18 14:12:15","Y"
"1770","136","987","textcontent","19","A","2025-12-18 14:36:31","2025-12-18 14:12:15","Y"
"1771","136","988","textcontent","20","A","2025-12-18 14:37:25","2025-12-19 09:12:17","Y"
"1772","136","137","course_plan","21","A","2025-12-18 14:46:18","2025-12-18 14:12:15","Y"
"1773","137","138","banner","1","A","0000-00-00 00:00:00","2026-03-03 17:03:06","N"
"1774","137","133","program_overview","2","A","2026-02-01 13:53:33",\N,"N"
"1775","137","134","promotional_video","3","A","2026-02-01 13:53:33",\N,"N"
"1776","137","120","syllabus","4","A","2026-02-01 13:53:56",\N,"Y"
"1777","137","989","textcontent","5","A","2026-02-01 14:15:49",\N,"Y"
"1778","137","138","course_plan","6","A","2026-02-01 14:20:05",\N,"Y"
"1779","29","990","textcontent","18","A","2026-02-19 18:03:42","2026-02-23 16:02:02","Y"
"1780","41","80","faculty","9","A","2026-03-13 18:37:13","2026-03-13 18:03:32","Y"
"1781","138","139","banner","1","A","0000-00-00 00:00:00","2026-08-10 17:08:17","N"
"1782","138","134","program_overview","2","A","2026-08-02 20:12:52",\N,"N"
"1783","138","135","promotional_video","3","A","2026-08-02 20:12:52",\N,"N"
"1784","138","991","textcontent","4","A","2026-08-02 20:13:30",\N,"Y"
"1785","138","992","textcontent","5","A","2026-08-02 20:14:00",\N,"Y"
"1786","138","993","textcontent","6","A","2026-08-02 20:14:18",\N,"Y"
"1787","138","994","textcontent","7","A","2026-08-02 20:14:54",\N,"Y"
"1788","138","995","textcontent","8","A","2026-08-02 20:24:37",\N,"Y"
"1789","138","996","textcontent","9","A","2026-08-02 20:25:11",\N,"Y"
"1790","138","997","textcontent","10","A","2026-08-02 20:26:08","2026-08-10 18:08:38","Y"
"1791","138","998","textcontent","11","A","2026-08-02 20:26:59","2026-08-10 18:08:02","Y"
"1792","138","121","syllabus","12","A","2026-08-02 20:27:09",\N,"Y"
"1793","138","999","textcontent","13","A","2026-08-10 16:30:25",\N,"Y"
"1794","138","1000","textcontent","14","A","2026-08-10 16:35:16","2026-08-10 18:08:09","Y"
"1795","138","1001","textcontent","15","A","2026-08-10 16:37:45","2026-08-10 18:08:37","Y"
"1796","138","1002","textcontent","16","A","2026-08-10 16:38:22","2026-08-10 19:08:43","Y"
"1797","138","1003","textcontent","17","A","2026-08-10 16:38:41",\N,"Y"
"1798","138","1004","textcontent","18","A","2026-08-10 16:39:38",\N,"Y"
"1799","138","81","faculty","19","A","2026-08-10 16:40:09","2026-08-10 16:08:03","Y"
"1800","138","1005","textcontent","20","A","2026-08-10 16:41:42","2026-08-10 19:08:29","Y"
"1801","138","139","course_plan","21","A","2026-08-10 16:50:03",\N,"Y"
"1802","139","140","banner","1","A","0000-00-00 00:00:00","2026-08-10 17:08:03","N"
"1803","139","135","program_overview","2","A","2026-08-10 17:15:03",\N,"N"
"1804","139","136","promotional_video","3","A","2026-08-10 17:15:03",\N,"N"
"1805","139","1006","textcontent","4","A","2026-08-10 17:15:53",\N,"Y"
"1806","139","1007","textcontent","5","A","2026-08-10 17:17:08",\N,"Y"
"1807","139","1008","textcontent","6","A","2026-08-10 17:17:47",\N,"Y"
"1808","139","1009","textcontent","7","A","2026-08-10 17:18:21","2026-08-10 18:08:23","Y"
"1809","139","1010","textcontent","8","A","2026-08-10 17:18:43",\N,"Y"
"1810","139","1011","textcontent","9","A","2026-08-10 17:30:50","2026-08-10 18:08:03","Y"
"1811","139","1012","textcontent","10","A","2026-08-10 17:31:20","2026-08-10 18:08:21","Y"
"1812","139","122","syllabus","11","A","2026-08-10 17:31:29",\N,"Y"
"1813","139","1013","textcontent","12","A","2026-08-10 17:40:58","2026-08-10 17:08:59","Y"
"1814","139","1014","textcontent","13","A","2026-08-10 17:43:59","2026-08-10 18:08:36","Y"
"1815","139","1015","textcontent","14","A","2026-08-10 17:44:19","2026-08-10 18:08:23","Y"
"1816","139","1016","textcontent","15","A","2026-08-10 17:44:57","2026-08-10 18:08:51","Y"
"1817","139","1017","textcontent","16","A","2026-08-10 17:45:21",\N,"Y"
"1818","139","1018","textcontent","17","A","2026-08-10 17:46:29",\N,"Y"
"1819","139","82","faculty","18","A","2026-08-10 17:47:32",\N,"Y"
"1820","139","1019","textcontent","19","A","2026-08-10 17:47:55","2026-08-10 18:08:35","Y"
"1821","139","140","course_plan","20","A","2026-08-10 17:52:24",\N,"Y"
"1822","124","1020","textcontent","5","A","2026-08-12 13:39:27","2026-08-12 15:08:07","Y"
"1823","124","1021","textcontent","6","A","2026-08-12 13:39:52","2026-08-12 15:08:07","Y"
"1824","124","1022","textcontent","7","A","2026-08-12 13:43:03","2026-08-12 15:08:07","Y"
"1825","124","1023","textcontent","8","A","2026-08-12 13:50:59","2026-08-12 15:08:07","Y"
"1826","124","1024","textcontent","10","A","2026-08-12 13:53:03","2026-08-12 15:08:07","Y"
"1827","124","1025","textcontent","11","A","2026-08-12 14:01:17","2026-08-12 15:08:07","Y"
"1828","124","123","syllabus","17","D","2026-08-12 14:01:37","2026-08-12 14:08:19","Y"
"1829","124","124","syllabus","12","A","2026-08-12 14:03:57","2026-08-12 15:08:07","Y"
"1830","124","1026","textcontent","9","A","2026-08-12 15:05:44","2026-08-12 15:08:07","Y"
"1831","124","1027","textcontent","13","A","2026-08-12 15:14:48","2026-08-12 15:08:07","Y"
"1832","124","1028","textcontent","14","A","2026-08-12 15:15:22","2026-08-12 15:08:07","Y"
"1833","124","1029","textcontent","15","A","2026-08-12 15:16:27","2026-08-12 15:08:07","Y"
"1834","124","1030","textcontent","16","A","2026-08-12 15:16:47","2026-08-12 15:08:07","Y"
"1835","124","1031","textcontent","17","A","2026-08-12 15:18:44","2026-08-12 15:08:07","Y"
"1836","124","1032","textcontent","18","A","2026-08-12 15:20:28","2026-08-12 15:08:07","Y"
"1837","125","1033","textcontent","5","A","2026-08-13 21:53:45","2026-08-13 22:08:08","Y"
"1838","125","1034","textcontent","6","A","2026-08-13 21:54:23","2026-08-13 22:08:08","Y"
"1839","125","1035","textcontent","7","A","2026-08-13 21:55:09","2026-08-13 22:08:08","Y"
"1840","125","1036","textcontent","8","A","2026-08-13 21:55:37","2026-08-13 22:08:05","Y"
"1841","125","1037","textcontent","9","A","2026-08-13 21:57:03","2026-08-13 22:08:08","Y"
"1842","125","1038","textcontent","10","A","2026-08-13 21:58:16","2026-08-13 22:08:34","Y"
"1843","125","1039","textcontent","11","A","2026-08-13 21:58:42","2026-08-13 22:08:17","Y"
"1844","125","125","syllabus","12","A","2026-08-13 22:00:00","2026-08-13 22:08:08","Y"
"1845","125","1040","textcontent","13","A","2026-08-13 22:08:09","2026-08-13 22:08:08","Y"
"1846","125","1041","textcontent","14","A","2026-08-13 22:08:39","2026-08-13 22:08:32","Y"
"1847","125","1042","textcontent","15","A","2026-08-13 22:09:07","2026-08-13 22:08:47","Y"
"1848","125","1043","textcontent","16","A","2026-08-13 22:09:36","2026-08-13 22:08:03","Y"
"1849","125","1044","textcontent","18","A","2026-08-13 22:10:04","2026-08-13 22:08:08","Y"
"1850","125","1045","textcontent","17","A","2026-08-13 22:10:32","2026-08-13 22:08:20","Y"
"1851","140","141","banner","1","A","0000-00-00 00:00:00","2026-08-16 12:08:47","N"
"1852","140","136","program_overview","2","A","2026-08-16 09:46:18","2026-08-16 12:08:47","N"
"1853","140","137","promotional_video","3","A","2026-08-16 09:46:18","2026-08-16 12:08:47","N"
"1854","140","1046","textcontent","4","A","2026-08-16 09:52:24","2026-08-16 12:08:47","Y"
"1855","140","1047","textcontent","5","A","2026-08-16 09:52:40","2026-08-16 12:08:47","Y"
"1856","140","1048","textcontent","6","A","2026-08-16 09:53:14","2026-08-16 12:08:47","Y"
"1857","140","1049","textcontent","7","A","2026-08-16 09:53:48","2026-08-16 12:08:47","Y"
"1858","140","1050","textcontent","8","A","2026-08-16 09:54:03","2026-08-16 12:08:47","Y"
"1859","140","1051","textcontent","9","A","2026-08-16 09:54:18","2026-08-16 12:08:47","Y"
"1860","140","126","syllabus","10","A","2026-08-16 09:54:28","2026-08-16 12:08:47","Y"
"1861","140","1052","textcontent","11","A","2026-08-16 09:56:44","2026-08-16 12:08:30","Y"
"1862","140","1053","textcontent","12","A","2026-08-16 09:57:21","2026-08-16 12:08:47","Y"
"1863","140","83","faculty","13","A","2026-08-16 09:57:59","2026-08-16 12:08:47","Y"
"1864","141","142","banner","1","A","0000-00-00 00:00:00","2026-08-16 10:08:00","N"
"1865","141","137","program_overview","2","A","2026-08-16 09:59:12",\N,"N"
"1866","141","138","promotional_video","3","A","2026-08-16 09:59:12",\N,"N"
"1867","141","1054","textcontent","4","A","2026-08-16 09:59:32",\N,"Y"
"1868","141","1055","textcontent","5","A","2026-08-16 09:59:46",\N,"Y"
"1869","141","1056","textcontent","6","A","2026-08-16 10:00:25","2026-08-16 12:08:11","Y"
"1870","141","1057","textcontent","7","A","2026-08-16 10:00:37","2026-08-16 12:08:13","Y"
"1871","141","1058","textcontent","8","A","2026-08-16 10:00:51",\N,"Y"
"1872","141","1059","textcontent","9","A","2026-08-16 10:01:08","2026-08-16 12:08:30","Y"
"1873","141","1060","textcontent","10","A","2026-08-16 10:01:23","2026-08-16 12:08:56","Y"
"1874","141","127","syllabus","11","A","2026-08-16 10:01:28",\N,"Y"
"1875","141","1061","textcontent","12","A","2026-08-16 10:03:05","2026-08-16 12:08:06","Y"
"1876","141","1062","textcontent","13","A","2026-08-16 10:03:21",\N,"Y"
"1877","141","1063","textcontent","14","A","2026-08-16 10:03:40","2026-08-16 12:08:35","Y"
"1878","141","1064","textcontent","15","A","2026-08-16 10:03:55",\N,"Y"
"1879","141","1065","textcontent","16","A","2026-08-16 10:04:11","2026-08-16 12:08:15","Y"
"1880","141","1066","textcontent","17","A","2026-08-16 10:04:32",\N,"Y"
"1881","141","1067","textcontent","18","A","2026-08-16 10:04:55",\N,"Y"
"1882","141","84","faculty","19","A","2026-08-16 10:05:40",\N,"Y"
"1883","141","1068","textcontent","20","A","2026-08-16 10:05:56","2026-08-16 12:08:19","Y"
"1884","141","141","course_plan","21","A","2026-08-16 10:09:01",\N,"Y"
"1885","140","142","course_plan","19","A","2026-08-16 10:09:11","2026-08-16 12:08:47","Y"
"1886","140","1069","textcontent","14","A","2026-08-16 12:16:46","2026-08-16 12:08:47","Y"
"1887","140","1070","textcontent","15","A","2026-08-16 12:17:40","2026-08-16 12:08:47","Y"
"1888","140","1071","textcontent","16","A","2026-08-16 12:18:00","2026-08-16 12:08:47","Y"
"1889","140","1072","textcontent","17","A","2026-08-16 12:18:17","2026-08-16 12:08:47","Y"
"1890","140","1073","textcontent","18","A","2026-08-16 12:19:40","2026-08-16 12:08:47","Y"
"1891","142","143","banner","1","A","0000-00-00 00:00:00","2026-08-21 18:08:45","N"
"1892","142","138","program_overview","2","A","2026-08-21 16:15:17","2026-08-21 16:08:34","N"
"1893","142","139","promotional_video","3","A","2026-08-21 16:15:17",\N,"N"
"1894","142","1074","textcontent","4","A","2026-08-21 16:17:01","2026-08-21 18:08:54","Y"
"1895","142","1075","textcontent","5","A","2026-08-21 16:17:28",\N,"Y"
"1896","142","1076","textcontent","6","A","2026-08-21 16:18:20","2026-08-21 18:08:50","Y"
"1897","142","1077","textcontent","7","A","2026-08-21 16:20:35","2026-08-21 18:08:16","Y"
"1898","142","1078","textcontent","8","A","2026-08-21 16:22:57",\N,"Y"
"1899","142","1079","textcontent","9","A","2026-08-21 16:24:11",\N,"Y"
"1900","142","1080","textcontent","10","A","2026-08-21 16:25:03","2026-08-21 18:08:12","Y"
"1901","142","1081","textcontent","11","A","2026-08-21 16:32:48","2026-08-21 16:08:04","Y"
"1902","142","1082","textcontent","12","A","2026-08-21 16:34:01","2026-08-21 18:08:33","Y"
"1903","142","1083","textcontent","13","A","2026-08-21 16:34:33",\N,"Y"
"1904","142","1084","textcontent","14","A","2026-08-21 16:37:55",\N,"Y"
"1905","142","85","faculty","15","A","2026-08-21 16:38:40","2026-08-21 18:08:57","Y"
"1906","142","1085","textcontent","16","A","2026-08-21 17:50:53","2026-08-21 17:08:36","Y"
"1907","142","1086","textcontent","17","A","2026-08-21 17:55:37","2026-08-21 19:08:49","Y"
"1908","142","128","syllabus","18","A","2026-08-21 17:55:43",\N,"Y"
"1909","142","143","course_plan","19","A","2026-08-21 18:11:34",\N,"Y"
