"id","course_id","course_program_name","program_overview_order","program_overview_selected","selected_ids","status","createdOn","updatedOn"
"1","2","Program Overview",,,,"A","2022-12-09 19:02:31",
"2","3","Key Highlights","""""","{""program_overview"":[{""refId"":1,""icon"":""key-highlights-1672896291.svg"",""txt"":""Comprehensive training on essential skills for startup environments and virtual assistant roles."",""allowed"":1},{""refId"":2,""icon"":""key-highlights-1672896291.svg"",""txt"":""Practical modules covering project management, digital marketing, and client communication."",""allowed"":1},{""refId"":3,""icon"":""key-highlights-1672896291.svg"",""txt"":""Emphasis on hands-on experience through real-world projects and scenarios."",""allowed"":1},{""refId"":4,""icon"":""key-highlights-1672896291.svg"",""txt"":""Opportunities for networking and mentorship with industry professionals."",""allowed"":1},{""refId"":5,""icon"":""key-highlights-1672896291.svg"",""txt"":""Access to resources and tools to enhance productivity and efficiency."",""allowed"":1}]}","""1,2,3,4,5""","A","2022-12-09 19:07:00","2024-10-20 11:10:51"
"3","4","Program Overview",,,,"A","2022-12-13 12:50:02",
"4","5","Program Overview",,,,"A","2022-12-13 14:42:34",
"5","6","Program Overview","""""","{""program_overview"":[{""refId"":1,""icon"":""key-highlights-1672896291.svg"",""txt"":""<b>Individual Profile Assessment:<\/b> We assess each student\u2019s profile to identify strengths and areas for improvement, offering personalized guidance throughout the course."",""allowed"":1},{""refId"":2,""icon"":""key-highlights-1672896291.svg"",""txt"":""<b>Building Thought Leadership:<\/b>  Learn to position yourself as an industry expert by creating valuable content, engaging in public speaking, writing articles, and using social media effectively."",""allowed"":1},{""refId"":3,""icon"":""key-highlights-1672896291.svg"",""txt"":""<b>Crafting unique digital presence:<\/b>  Master strategies to build and manage your online reputation, handle criticism, and leverage social media for professional networking."",""allowed"":1},{""refId"":4,""icon"":""key-highlights-1672896291.svg"",""txt"":""<b>Optimum and exciting applications of AI Tools:<\/b> Explore innovative ways to apply AI in planning, creating, and managing social media content for personal branding."",""allowed"":1},{""refId"":5,""icon"":""key-highlights-1672896291.svg"",""txt"":""<b>Interactive Classes with Live Demonstrations:<\/b> Gain hands-on experience through live demonstrations of personal branding strategies and tools."",""allowed"":1},{""refId"":6,""icon"":""key-highlights-1672896291.svg"",""txt"":""<b>Expert Instructors and Guest Lectures:<\/b>Learn from experienced instructors and guest speakers with real-world insights into personal branding for corporate leaders."",""allowed"":1},{""refId"":7,""icon"":""key-highlights-1672896291.svg"",""txt"":""<b>Guided Approach:<\/b>Enjoy ongoing support with personalized feedback and guidance tailored to your unique goals throughout the course."",""allowed"":1},{""refId"":8,""icon"":""key-highlights-1672896291.svg"",""txt"":""<b>Holistic course curriculum:<\/b> Build a strong personal brand with SEO-friendly content creation, networking, and reputation management for both short- and long-term success."",""allowed"":1},{""refId"":9,""icon"":""key-highlights-1672896291.svg"",""txt"":""<b>No social media Background Required:<\/b> This course is beginner-friendly and designed for those with no prior knowledge of social media or branding."",""allowed"":1},{""refId"":10,""icon"":""key-highlights-1672896291.svg"",""txt"":""<b>Master Networking:<\/b>  Learn practical strategies to expand your professional network and build meaningful relationships to boost your personal brand."",""allowed"":1}]}","""1,2,3,4,5,6,7,8,9,10""","A","2022-12-14 16:21:40","2024-11-30 18:11:39"
"6","7","Program Overview",,,,"A","2022-12-14 16:51:38",
"7","8","Program Overview","""""","{""program_overview"":[{""refId"":1,""icon"":""key-highlights-1672896291.svg"",""txt"":""Comprehensive Knowledge: The course provides a comprehensive understanding of the remote freelancing industry, covering all essential aspects from creating a profile to securing projects. You'll gain in-depth knowledge and insights into the industry, setting a strong foundation for success."",""allowed"":1},{""refId"":2,""icon"":""key-highlights-1672896291.svg"",""txt"":""Profile Building Expertise: Learn how to create an outstanding profile that effectively showcases your skills and expertise. Craft a compelling bio, curate an impressive portfolio, and optimize your profile to attract potential clients."",""allowed"":1},{""refId"":3,""icon"":""key-highlights-1672896291.svg"",""txt"":""High-Demand Skill Identification: Discover the most sought-after skills in the remote freelancing market. By identifying and highlighting these high-demand skills, you increase your chances of attracting lucrative work and standing out from the competition."",""allowed"":1},{""refId"":4,""icon"":""key-highlights-1672896291.svg"",""txt"":""Effective Proposal Writing: Master the art of writing compelling proposals that grab the attention of clients. You'll learn proven techniques to articulate your value proposition, demonstrate your capabilities, and win projects consistently."",""allowed"":1},{""refId"":5,""icon"":""key-highlights-1672896291.svg"",""txt"":""Competitive Rate Setting: Understand how to set competitive rates that position you favorably against your competitors. You'll learn the factors influencing pricing decisions, enabling you to negotiate rates that reflect your skills and value."",""allowed"":1},{""refId"":6,""icon"":""key-highlights-1672896291.svg"",""txt"":""Sample Work Creation: Gain insights into creating impressive sample work that showcases your abilities to potential clients. By curating a strong portfolio, you'll instill trust and credibility, increasing your chances of securing projects."",""allowed"":1},{""refId"":7,""icon"":""key-highlights-1672896291.svg"",""txt"":""Outreach Strategies: Learn effective outreach strategies to expand your network and connect with potential clients. The course covers cold emailing techniques and utilizing social media platforms like LinkedIn, Facebook, Twitter, Instagram, and YouTube to find work and assist clients."",""allowed"":1},{""refId"":8,""icon"":""key-highlights-1672896291.svg"",""txt"":""Track Record Building: Understand the importance of building a strong track record as a freelancer. You'll learn techniques to consistently deliver high-quality work, gather positive reviews, and establish a reputation that attracts more clients and opportunities."",""allowed"":1},{""refId"":9,""icon"":""key-highlights-1672896291.svg"",""txt"":""CV Building and Interview Preparation: Receive guidance on building an impressive CV tailored for freelance work. Additionally, the course will help you prepare for client interviews, equipping you with the skills to effectively communicate your expertise and secure projects."",""allowed"":1},{""refId"":10,""icon"":""key-highlights-1672896291.svg"",""txt"":""Ongoing Support and Guidance: Skill Arbitrage provides ongoing support and guidance throughout the course and beyond. You'll have access to resources, updates, and a community of fellow freelancers, allowing you to continue learning and growing even after completing the course."",""allowed"":1}]}","""1,2,3,4,5,6,7,8,9,10""","P","2022-12-14 17:30:56","2023-06-27 17:06:23"
"8","9","Program Overview",,,,"A","2022-12-14 18:09:20",
"9","10","Program Overview",,,,"A","2022-12-14 19:00:59",
"10","11","Program Overview","""""","{""program_overview"":[{""refId"":1,""icon"":""key-highlights-1672896291.svg"",""txt"":""This course is for those who want to learn how to get remote international opportunities from fast-growing startups as HRs."",""allowed"":1},{""refId"":2,""icon"":""key-highlights-1672896291.svg"",""txt"":""This course is of great help to someone who is looking for growth in the current job or wants to upskill in this fast-paced industry"",""allowed"":1},{""refId"":3,""icon"":""key-highlights-1672896291.svg"",""txt"":""Whether you are a beginner, intermediate or already have some expertise & experience in the field of HR but want to acquire mastery, we will take care of your learning needs. For absolute beginners we have special classes to bring them up to the mark."",""allowed"":1},{""refId"":4,""icon"":""key-highlights-1672896291.svg"",""txt"":""We do not teach theories and case studies of HR in this course beyond passing references where you need to know. The focus is on practical skills so you can do real work\/freelancing work that is done in companies, startups, MNCs. For that, whatever you need to learn, we will teach you."",""allowed"":1},{""refId"":5,""icon"":""key-highlights-1672896291.svg"",""txt"":""In 24 weeks, master 50+ most important and most sought-after professional skills"",""allowed"":1},{""refId"":6,""icon"":""key-highlights-1672896291.svg"",""txt"":""The focus here is on practicing knowledge of skills, getting that evaluated and improving on the same."",""allowed"":1},{""refId"":7,""icon"":""key-highlights-1672896291.svg"",""txt"":""Learn to draft important legal documents like Employment Contracts, ESOP amongst others in multiple jurisdictions like USA, Dubai, Singapore etc.."",""allowed"":1},{""refId"":8,""icon"":""key-highlights-1672896291.svg"",""txt"":""Attend two live sessions a week for 6 months, and work on realistic assignments that you will face in real-time situations."",""allowed"":1},{""refId"":9,""icon"":""key-highlights-1672896291.svg"",""txt"":""Get one-on-one feedback on the policies and strategies you prepare. "",""allowed"":1},{""refId"":10,""icon"":""key-highlights-1672896291.svg"",""txt"":""Also, get trained on how to draft different policies and employee handbooks to streamline HR process in any organization"",""allowed"":1},{""refId"":11,""icon"":""key-highlights-1672896291.svg"",""txt"":""Get internships, freelance work, and jobs based on skills we discuss in class."",""allowed"":1},{""refId"":15,""icon"":""key-highlights-1672896291.svg"",""txt"":""HR professionals\/Freshers who are struggling to earn well or get a well-paid job, this course can really help you. Learning professional skills can rapidly change your earning potential."",""allowed"":1},{""refId"":16,""icon"":""key-highlights-1672896291.svg"",""txt"":""Learn practical insights from industry experts, some of them with decades of experience, and get your doubts cleared on the spot."",""allowed"":1},{""refId"":17,""icon"":""key-highlights-1672896291.svg"",""txt"":""Get access to 200+ high quality templates that you can actually use to work with clients"",""allowed"":1}]}","""1,2,3,4,5,6,7,8,9,10,11,15,16,17""","P","2022-12-25 13:05:19","2024-12-21 19:12:16"
"11","12","Program Overview",,,,"A","2022-12-27 17:32:09",
"12","13","Program Overview",,,,"A","2022-12-28 12:44:12",
"13","14","Program Overview","""""","{""program_overview"":[{""refId"":38,""icon"":""key-highlights-1672896291.svg"",""txt"":""Learn how to conduct disciplinary proceedings, including appreciation of evidence and drafting various kinds of notices and orders"",""allowed"":1},{""refId"":39,""icon"":""key-highlights-1672896291.svg"",""txt"":""Learn how to draft various kinds of organizational policies, employment and consultancy contracts, manpower supply contracts, etc."",""allowed"":1},{""refId"":41,""icon"":""key-highlights-1672896291.svg"",""txt"":""Learn how to check contractor compliance and shield your organization from defaults by contractors"",""allowed"":1},{""refId"":42,""icon"":""key-highlights-1672896291.svg"",""txt"":""Learn how to respond to notices by various statutory authorities - labour commissioners, ESI and PF authorities, etc. and what to do if proceedings are initiated before labour commissioners or labour courts"",""allowed"":1},{""refId"":43,""icon"":""key-highlights-1672896291.svg"",""txt"":""Prepare foolproof documentary trails to defend the organization effectively in the event of legal proceedings"",""allowed"":1},{""refId"":44,""icon"":""key-highlights-1672896291.svg"",""txt"":""Develop competence in industrial relations and disputes, dealing with trade unions, handling conciliations, bipartite and tripartite settlements, etc."",""allowed"":1},{""refId"":45,""icon"":""key-highlights-1672896291.svg"",""txt"":""Simulation case studies on compliance requirements under the Payment of Gratuity Act, Employees State Insurance Act, Contract Labour Act, Shops and Establishments Act"",""allowed"":1},{""refId"":46,""icon"":""key-highlights-1672896291.svg"",""txt"":""Learn how to draft briefing notes on critical labour issues for management and external lawyers"",""allowed"":1},{""refId"":48,""icon"":""key-highlights-1672896291.svg"",""txt"":""Perform practical exercises on termination of employment, maternity benefits, POSH Act, CSR work, ESOP plan etc."",""allowed"":1},{""refId"":49,""icon"":""key-highlights-1672896291.svg"",""txt"":""Master the new Labour Codes and ongoing developments"",""allowed"":1}]}","""38,39,41,42,43,44,45,46,48,49""","A","2022-12-28 13:22:17","2022-12-28 13:12:53"
"14","15","Program Overview",,,,"A","2023-01-04 11:32:27",
"15","16","Program Overview",,,,"A","2023-01-11 13:03:47",
"16","17","Program Overview",,,,"A","2023-01-28 12:51:05",
"17","18","Program Overview",,,,"A","2023-02-19 15:54:23",
"18","19","Program Overview",,,,"A","2023-03-16 17:09:11",
"19","20","Program Overview","""""","{""program_overview"":[{""refId"":1,""icon"":""key-highlights-1672896291.svg"",""txt"":""Stay Updated with Latest AI Trends: Join this course to stay ahead of the curve and learn about the latest trends in AI. Enhance your efficiency by leveraging the power of AI technologies."",""allowed"":1},{""refId"":2,""icon"":""key-highlights-1672896291.svg"",""txt"":""Unique Applications of AI Tools: Discover innovative ways to utilize AI tools to their fullest extent. Gain practical knowledge and insights into how AI can be applied in various domains."",""allowed"":1},{""refId"":3,""icon"":""key-highlights-1672896291.svg"",""txt"":""No Technical Background Required: Don't worry if you have no prior knowledge of AI or a technical background. This course is designed to teach AI from a user perspective, focusing on practical applications rather than technical details."",""allowed"":1},{""refId"":4,""icon"":""key-highlights-1672896291.svg"",""txt"":""Self-Sufficiency in AI Tool Usage: Become self-sufficient in using AI tools, enabling you to apply these techniques to upcoming updates and advancements in AI. Develop the skills necessary to adapt and thrive in an evolving AI landscape."",""allowed"":1},{""refId"":5,""icon"":""key-highlights-1672896291.svg"",""txt"":""Interactive Classes with Live Demonstrations: Experience engaging and interactive classes where AI tools will be demonstrated live. Learn by seeing practical examples and gain hands-on experience."",""allowed"":1},{""refId"":6,""icon"":""key-highlights-1672896291.svg"",""txt"":""Opportunities for Freelance Work: This comprehensive course not only equips you with AI tool skills but also provides opportunities to generate freelance work. Unlock the potential to offer AI-related services to clients and expand your professional opportunities."",""allowed"":1},{""refId"":7,""icon"":""key-highlights-1672896291.svg"",""txt"":""Expert Instructors and Guest Lectures: Learn from experienced and knowledgeable instructors who have expertise in AI and its practical applications. Our faculty members bring real-world experience and industry insights to the course, ensuring a high-quality learning experience."",""allowed"":1},{""refId"":8,""icon"":""key-highlights-1672896291.svg"",""txt"":""Explore the work of business optimization through a large number of AI tools"",""allowed"":1},{""refId"":9,""icon"":""key-highlights-1672896291.svg"",""txt"":""Dynamic course syllabus to keep up with the evolving field of Artificial Intelligence "",""allowed"":1}]}","""1,2,3,4,5,6,7,8,9""","A","2023-03-23 12:42:57","2023-06-27 15:06:07"
"20","21","Program Overview",,,,"A","2023-04-10 18:59:43",
"21","22","Program Overview",,,,"A","2023-04-19 13:57:20",
"22","23","Key Highlights","""""","{""program_overview"":[{""refId"":1,""icon"":""key-highlights-1672896291.svg"",""txt"":""<b>Comprehensive Curriculum:<\/b> Covering all major aspects of compliance including legal, ethical, and regulatory frameworks."",""allowed"":1},{""refId"":2,""icon"":""key-highlights-1672896291.svg"",""txt"":""<b>Practical Application:<\/b> Real-world case studies, interactive sessions, and practical exercises to apply your knowledge."",""allowed"":1},{""refId"":3,""icon"":""key-highlights-1672896291.svg"",""txt"":""<b>Certification:<\/b> Earn a recognized certification to boost your credentials and advance your career."",""allowed"":1},{""refId"":4,""icon"":""key-highlights-1672896291.svg"",""txt"":""<b>Emerging Trends: <\/b>Staying updated with the latest trends and changes in U.S. corporate compliance."",""allowed"":1},{""refId"":5,""icon"":""key-highlights-1672896291.svg"",""txt"":""<b>Flexible Learning:<\/b> Online modules that you can complete at your own pace."",""allowed"":1},{""refId"":6,""icon"":""key-highlights-1672896291.svg"",""txt"":""<b>Career Advancement: <\/b>Equip yourself with the skills and knowledge to excel in your role and advance your career."",""allowed"":1},{""refId"":7,""icon"":""key-highlights-1672896291.svg"",""txt"":""<b>Interactive Content:<\/b> Engaging videos, quizzes, and discussion forums to enhance learning."",""allowed"":1}]}","""1,2,3,4,5,6,7""","A","2023-04-19 15:44:58","2024-10-20 14:10:42"
"23","24","Key highlights","""""","{""program_overview"":[{""refId"":1,""icon"":""key-highlights-1672896291.svg"",""txt"":""<b>Stay Updated on IRS Changes:<\/b> Master the latest IRS regulations and tax updates with our all-inclusive US Tax Compliance course."",""allowed"":1},{""refId"":2,""icon"":""key-highlights-1672896291.svg"",""txt"":""<b>Accessible to All: <\/b>No prior experience? No problem! Our beginner-friendly course simplifies tax concepts with interactive lessons and live examples."",""allowed"":1},{""refId"":3,""icon"":""key-highlights-1672896291.svg"",""txt"":""<b>Freelance Opportunities Await: <\/b>Equip yourself with skills to offer freelance tax services and boost your income potential."",""allowed"":1},{""refId"":4,""icon"":""key-highlights-1672896291.svg"",""txt"":""<b>Learn from Experts:<\/b> Gain insights from seasoned instructors and guest lecturers with real-world tax compliance expertise."",""allowed"":1},{""refId"":5,""icon"":""key-highlights-1672896291.svg"",""txt"":""<b>Practical Knowledge:<\/b> Dive into real-world scenarios with case studies that prepare you for hands-on tax challenges."",""allowed"":1},{""refId"":6,""icon"":""key-highlights-1672896291.svg"",""txt"":""<b>Comprehensive and Career-Focused:<\/b> Build a strong foundation in US Tax Compliance to enhance your career or start a freelance journey."",""allowed"":1}]}","""1,2,3,4,5,6""","A","2023-04-19 16:57:51","2024-12-21 18:12:39"
"24","25","Key Highlights","""""","{""program_overview"":[{""refId"":1,""icon"":""key-highlights-1672896291.svg"",""txt"":""<b>Accessible to All:<\/b> No technical background needed; the course caters to various skill levels."",""allowed"":1},{""refId"":2,""icon"":""key-highlights-1672896291.svg"",""txt"":""<b>Expert-Led Training:<\/b> Learn from experienced professionals who bring real-world insights."",""allowed"":1},{""refId"":3,""icon"":""key-highlights-1672896291.svg"",""txt"":""<b>Freelance Support:<\/b> Gain insights into freelancing, including how to succeed in the market."",""allowed"":1},{""refId"":4,""icon"":""key-highlights-1672896291.svg"",""txt"":""<b>Career Assistance: <\/b>Get help with job searching, resume crafting, and interview prep."",""allowed"":1},{""refId"":5,""icon"":""key-highlights-1672896291.svg"",""txt"":""<b>Case Studies: <\/b>Tackle real-life case studies to bridge theory with practical application."",""allowed"":1},{""refId"":6,""icon"":""key-highlights-1672896291.svg"",""txt"":""<b>Weekly Assignments:<\/b> Engage in regular assignments to deepen understanding and skills."",""allowed"":1},{""refId"":7,""icon"":""key-highlights-1672896291.svg"",""txt"":""<b>Doubt Resolution:<\/b> Benefit from ongoing support to address questions and clarify doubts."",""allowed"":1}]}","""1,2,3,4,5,6,7""","A","2023-04-20 12:23:34","2024-12-28 17:12:10"
"25","26","Program Overview","""""","{""program_overview"":[{""refId"":1,""icon"":""key-highlights-1672896291.svg"",""txt"":""Enhance your career by improving Business English communication skills in the corporate world."",""allowed"":1},{""refId"":2,""icon"":""key-highlights-1672896291.svg"",""txt"":""Build competence in English for effective global workplace communication."",""allowed"":1},{""refId"":3,""icon"":""key-highlights-1672896291.svg"",""txt"":""Learn to write professional documents such as reports and business letters with precision."",""allowed"":1},{""refId"":4,""icon"":""key-highlights-1672896291.svg"",""txt"":""Gain knowledge of industry-specific vocabulary and formal communication for career growth."",""allowed"":1},{""refId"":5,""icon"":""key-highlights-1672896291.svg"",""txt"":""Attend interactive live online classes twice a week with doubt-clearing sessions."",""allowed"":1},{""refId"":6,""icon"":""key-highlights-1672896291.svg"",""txt"":""Benefit from a tailored Business English course focusing on communication, negotiations, presentations, and industry-specific jargon."",""allowed"":1},{""refId"":7,""icon"":""key-highlights-1672896291.svg"",""txt"":""Complete assignments with time-bound evaluations to improve learning."",""allowed"":1},{""refId"":8,""icon"":""key-highlights-1672896291.svg"",""txt"":""Sharpen oratory skills with dedicated pronunciation sessions, feedback, and tips."",""allowed"":1}]}","""1,2,3,4,5,6,7,8""","A","2023-04-28 20:04:45","2026-01-31 16:01:41"
"26","27","Program Overview",,,,"A","2023-05-20 13:30:23",
"27","28","Key Highlights","""""","{""program_overview"":[{""refId"":1,""icon"":""key-highlights-1672896291.svg"",""txt"":""Designed for busy professionals, with classes scheduled after work hours to integrate seamlessly into daily routines."",""allowed"":1},{""refId"":2,""icon"":""key-highlights-1672896291.svg"",""txt"":""Covers a wide range of topics, including AI applications for content generation, social media, market research, and knowledge management."",""allowed"":1},{""refId"":3,""icon"":""key-highlights-1672896291.svg"",""txt"":""Tailored for senior professionals to leverage AI for personal branding, productivity, and professional excellence."",""allowed"":1},{""refId"":4,""icon"":""key-highlights-1672896291.svg"",""txt"":""Focuses on practical skills, teaching participants to use AI tools for idea generation, research, content creation, and workflow management."",""allowed"":1},{""refId"":5,""icon"":""key-highlights-1672896291.svg"",""txt"":""Emphasizes hands-on learning through practical exercises and live online classes for real-world application."",""allowed"":1},{""refId"":6,""icon"":""key-highlights-1672896291.svg"",""txt"":""Highlights how AI can enhance efficiency and productivity, giving participants a competitive edge."",""allowed"":1},{""refId"":7,""icon"":""key-highlights-1672896291.svg"",""txt"":""Offers a full refund if participants follow the course for a month and don\u2019t find it valuable, ensuring program quality."",""allowed"":1}]}","""1,2,3,4,5,6,7""","A","2023-05-21 12:12:52","2024-12-27 18:12:48"
"28","30","Key Highlights","""""","{""program_overview"":[{""refId"":1,""icon"":""key-highlights-1672896291.svg"",""txt"":""<b>Broad Accessibility:<\/b> Suitable for students from fields like commerce, economics, finance, and accounting."",""allowed"":1},{""refId"":2,""icon"":""key-highlights-1672896291.svg"",""txt"":""<b>US GAAP Proficiency:<\/b> Master US Generally Accepted Accounting Principles and key accounting software to access US-based accounting roles."",""allowed"":1},{""refId"":3,""icon"":""key-highlights-1672896291.svg"",""txt"":""<b>Remote Job Opportunities:<\/b> Ideal for degree holders (CA, CS, MBA) looking to tap into the expanding remote job market."",""allowed"":1},{""refId"":4,""icon"":""key-highlights-1672896291.svg"",""txt"":""<b>Income Potential:<\/b> Earn up to $2000 per month with growth opportunities, ideal for students and remote professionals."",""allowed"":1}]}","""1,2,3,4""","A","2023-08-03 16:55:45","2024-12-08 13:12:57"
"29","31","Program Overview","""""","{""program_overview"":[{""refId"":1,""icon"":""key-highlights-1672896291.svg"",""txt"":""<b>AI Trends:<\/b> Stay current with AI advancements and improve your efficiency."",""allowed"":1},{""refId"":2,""icon"":""key-highlights-1672896291.svg"",""txt"":""<b>AI Applications:<\/b> Discover and utilize AI tools across various fields for practical insights."",""allowed"":1},{""refId"":3,""icon"":""key-highlights-1672896291.svg"",""txt"":""<b>Accessibility:<\/b> No technical background needed; the course focuses on practical AI uses."",""allowed"":1},{""refId"":4,""icon"":""key-highlights-1672896291.svg"",""txt"":""<b>Independence with AI Tools:<\/b> Learn to use AI tools autonomously and adapt to new technologies."",""allowed"":1},{""refId"":5,""icon"":""key-highlights-1672896291.svg"",""txt"":""<b>Interactive Learning:<\/b> Engage in classes with live AI tool demonstrations for experiential learning."",""allowed"":1},{""refId"":6,""icon"":""key-highlights-1672896291.svg"",""txt"":""<b>Freelance Opportunities:<\/b> Acquire AI skills to start freelance work and broaden your professional scope."",""allowed"":1},{""refId"":7,""icon"":""key-highlights-1672896291.svg"",""txt"":""<b>Expert Instruction:<\/b> Learn from experienced instructors with real-world AI insights and guest lectures."",""allowed"":1}]}","""1,2,3,4,5,6,7""","A","2023-08-03 20:03:21","2024-12-14 18:12:07"
"30","32","Program Overview",,,,"A","2023-08-04 13:33:51",
"31","33","Key Highlights","""""","{""program_overview"":[{""refId"":1,""icon"":""key-highlights-1672896291.svg"",""txt"":""<b>Master Content Marketing Trends:<\/b> Keep up with the latest content marketing trends to craft impactful content that engages your audience."",""allowed"":1},{""refId"":2,""icon"":""key-highlights-1672896291.svg"",""txt"":""<b>Leverage AI in Content Creation:<\/b>  Use AI tools to streamline creation, optimize strategies, and boost engagement."",""allowed"":1},{""refId"":3,""icon"":""key-highlights-1672896291.svg"",""txt"":""<b>No Prior Experience Needed:<\/b> This course offers practical strategies for all skill levels, from beginners to seasoned marketers."",""allowed"":1},{""refId"":4,""icon"":""key-highlights-1672896291.svg"",""txt"":""<b>Interactive Classes<\/b> Participate in live, practical classes for hands-on content marketing experience."",""allowed"":1},{""refId"":5,""icon"":""key-highlights-1672896291.svg"",""txt"":""<b>Freelance Opportunities: <\/b>Acquire skills for freelance content marketing and create a client-attracting portfolio."",""allowed"":1},{""refId"":6,""icon"":""key-highlights-1672896291.svg"",""txt"":""<b>Expert Instructors<\/b> Learn content marketing through real-world insights from industry experts and guest lectures."",""allowed"":1},{""refId"":7,""icon"":""key-highlights-1672896291.svg"",""txt"":""<b>Dynamic Curriculum:<\/b> Benefit from a constantly updated curriculum that reflects the latest content marketing trends."",""allowed"":1},{""refId"":8,""icon"":""key-highlights-1672896291.svg"",""txt"":""<b>Real-World Projects:<\/b> Implement your skills in real-world projects to build a professional portfolio."",""allowed"":1}]}","""1,2,3,4,5,6,7,8""","A","2023-08-10 17:04:23","2025-02-07 16:02:32"
"32","34","Program Overview",,,,"A","2023-08-19 13:32:11",
"33","35","Program Overview","""""","{""program_overview"":[{""refId"":1,""icon"":""key-highlights-1672896291.svg"",""txt"":""This course allows you to understand International Legal Framework. You will be introduced to the legal principles and regulations governing international contracts, including international trade laws, international conventions, and treaties."",""allowed"":1},{""refId"":2,""icon"":""key-highlights-1672896291.svg"",""txt"":""Regardless of your level of expertise and experience, this course will help you explore the basic elements of a contract in an international setting. Identifying and analysing essential contract clauses in international agreements."",""allowed"":1},{""refId"":3,""icon"":""key-highlights-1672896291.svg"",""txt"":""This course will also help you examine the principles of jurisdiction and choice of law in international contracts, including the application of conflict of laws rules and the significance of international arbitration."",""allowed"":1},{""refId"":4,""icon"":""key-highlights-1672896291.svg"",""txt"":""One of the unique features of this course is that it recognizes and addresses communication styles, and business practices that may impact contract negotiations and drafting when dealing with international parties."",""allowed"":1},{""refId"":5,""icon"":""key-highlights-1672896291.svg"",""txt"":""By the end of the course, you will be proficient in useful techniques for drafting clear, concise, and enforceable international contracts, including the effective use of defined terms, precise language, and avoiding ambiguous or conflicting provisions."",""allowed"":1},{""refId"":6,""icon"":""key-highlights-1672896291.svg"",""txt"":""This course offers you knowledge of risk management and contractual protections such as understanding risk allocation, liability limitations, indemnification clauses, insurance provisions, and other mechanisms to mitigate potential risks in international transactions."",""allowed"":1}]}","""1,2,3,4,5,6""","A","2023-08-31 21:46:39","2023-08-31 21:08:43"
"34","36","Program Overview",,,,"A","2023-09-01 16:06:26",
"35","37","Program Overview",,,,"A","2023-10-13 18:52:33",
"36","38","Program Overview",,,,"A","2023-10-13 19:46:29",
"37","39","Program Overview",,,,"A","2023-10-28 16:50:53",
"38","40","Program Overview","""""","{""program_overview"":[{""refId"":1,""icon"":""key-highlights-1672896291.svg"",""txt"":""<b>Stay Updated with AI Trends:<\/b> Join to learn the latest AI trends and boost efficiency with AI technologies."",""allowed"":1},{""refId"":2,""icon"":""key-highlights-1672896291.svg"",""txt"":""<b>Unique AI Applications:<\/b> Explore innovative AI applications across various domains, gaining practical insights."",""allowed"":1},{""refId"":3,""icon"":""key-highlights-1672896291.svg"",""txt"":""<b>No Technical Background Needed:<\/b> Learn AI from a user perspective; focus on practical use, not technical details."",""allowed"":1},{""refId"":4,""icon"":""key-highlights-1672896291.svg"",""txt"":""<b> Self-Sufficiency in AI Tools:<\/b> Gain skills to adapt to AI advancements and use tools independently."",""allowed"":1},{""refId"":5,""icon"":""key-highlights-1672896291.svg"",""txt"":""<b> Interactive Classes with Live Demos:<\/b> Engage in classes with live AI tool demonstrations and hands-on learning."",""allowed"":1},{""refId"":6,""icon"":""key-highlights-1672896291.svg"",""txt"":""<b>Freelance Work Opportunities:<\/b> This course prepares you to offer AI-related freelance services and grow professionally."",""allowed"":1},{""refId"":7,""icon"":""key-highlights-1672896291.svg"",""txt"":""<b>Expert Instructors & Guest Lectures: <\/b>Learn from AI experts, gaining real-world insights and industry knowledge."",""allowed"":1},{""refId"":8,""icon"":""key-highlights-1672896291.svg"",""txt"":""<b>Dynamic Syllabus:<\/b> A constantly updated curriculum to match the evolving AI landscape."",""allowed"":1}]}","""1,2,3,4,5,6,7,8""","A","2023-10-28 17:33:48","2025-01-05 18:01:29"
"39","41","Program Overview",,,,"A","2023-12-22 19:38:15",
"40","42","Program Overview",,,,"A","2023-12-22 20:45:41",
"41","43","Program Overview",,,,"A","2023-12-22 21:06:53",
"42","44","Program Overview","""""","{""program_overview"":[{""refId"":1,""icon"":""key-highlights-1672896291.svg"",""txt"":""Stay updated with Latest Social Media Trends: Join this course to stay ahead of the curve and learn about the latest trends in Social Media management and content creation. "",""allowed"":1},{""refId"":2,""icon"":""key-highlights-1672896291.svg"",""txt"":""Unique Applications of AI Tools: Discover innovative ways to utilise AI tools to their fullest extent. Gain practical knowledge and insights into how AI can be applied in various domains of social media management and lead generation."",""allowed"":1},{""refId"":3,""icon"":""key-highlights-1672896291.svg"",""txt"":""No Technical Background Required: Don't worry if you have no prior knowledge of Social Media or a technical background. This course is designed to teach the ins and outs of social media, focusing on practical applications."",""allowed"":1},{""refId"":4,""icon"":""key-highlights-1672896291.svg"",""txt"":""Interactive Classes with Live Demonstrations: Experience engaging and interactive classes where different strategies and skills of social media management and content creation will be demonstrated live. Learn by seeing practical examples and gain hands-on experience."",""allowed"":1},{""refId"":5,""icon"":""key-highlights-1672896291.svg"",""txt"":""Opportunities for Freelance Work: This comprehensive course not only equips you with social media management skills but also provides opportunities to generate freelance work. Unlock the potential to offer social media-related services to clients and expand your professional opportunities."",""allowed"":1},{""refId"":6,""icon"":""key-highlights-1672896291.svg"",""txt"":""Expert Instructors and Guest Lectures: Learn from experienced and knowledgeable instructors who have expertise in Social Media and its practical applications. Our faculty members bring real-world experience and industry insights to the course, ensuring a high-quality learning experience."",""allowed"":1}]}","""1,2,3,4,5,6""","A","2024-01-28 11:37:42","2024-08-08 13:08:19"
"43","45","Program Overview",,,,"A","2024-03-17 10:36:29",
"44","46","Program Overview",,,,"A","2024-04-14 10:00:13",
"45","47","Program Overview",,,,"A","2024-04-20 23:37:01",
"46","48","Program Overview",,,,"A","2024-05-18 18:30:14",
"47","49","Program Overview",,,,"A","2024-05-21 16:33:14",
"48","50","Program Overview",,,,"A","2024-05-21 17:29:17",
"49","51","Program Overview",,,,"A","2024-05-31 16:11:18",
"50","52","KEY HIGHLIGHTS","""""","{""program_overview"":[{""refId"":1,""icon"":""key-highlights-1672896291.svg"",""txt"":""<b>Tailored for Engineers:<\/b> Custom strategies designed specifically for engineers to enhance networking and job hunting within their field."",""allowed"":1},{""refId"":2,""icon"":""key-highlights-1672896291.svg"",""txt"":""<b>Real-World Networking:<\/b> Techniques to establish connections within professional organizations and industry groups."",""allowed"":1},{""refId"":3,""icon"":""key-highlights-1672896291.svg"",""txt"":""<b>Job Search Strategies:<\/b>Effective use of job boards and company career pages tailored to the engineering industry."",""allowed"":1},{""refId"":4,""icon"":""key-highlights-1672896291.svg"",""txt"":""<b>Advanced Networking: <\/b> Strategies focused on long-term relationship building and maintaining professional connections."",""allowed"":1},{""refId"":5,""icon"":""key-highlights-1672896291.svg"",""txt"":""<b>Personal Branding:<\/b> Development of a unique value proposition to showcase your engineering skills and experiences."",""allowed"":1},{""refId"":6,""icon"":""key-highlights-1672896291.svg"",""txt"":""<b>Interactive Classes with Live Demonstrations:<\/b> Engaging, live-demo classes on social media management and content creation, offering practical, hands-on learning experiences."",""allowed"":1},{""refId"":7,""icon"":""key-highlights-1672896291.svg"",""txt"":""<b>Expert Instructors and Guest Lectures:<\/b> Instruction from experienced experts knowledgeable in practical applications within the field."",""allowed"":1}]}","""1,2,3,4,5,6,7""","A","2024-06-01 13:44:26","2024-12-14 18:12:35"
"51","53","Program Overview",,,,"A","2024-06-01 13:47:08",
"52","54","Program Overview",,,,"A","2024-06-28 14:09:31",
"53","55","Program Overview","""""","{""program_overview"":[{""refId"":1,""icon"":""key-highlights-1672896291.svg"",""txt"":""<b>Master Video Marketing Strategies:<\/b> Learn to plan, create, and execute video marketing strategies that drive brand awareness, engagement, and lead generation."",""allowed"":1},{""refId"":2,""icon"":""key-highlights-1672896291.svg"",""txt"":""<b>Leverage AI for Video Production:<\/b> Utilize AI-powered tools like Descript, Adobe Express, and Canva to streamline video scripting, editing, and content repurposing."",""allowed"":1},{""refId"":3,""icon"":""key-highlights-1672896291.svg"",""txt"":""<b>Professional-Quality Video Creation:<\/b> Gain hands-on experience in shooting, lighting, and editing with industry-standard tools like Premiere Pro and DaVinci Resolve."",""allowed"":1},{""refId"":4,""icon"":""key-highlights-1672896291.svg"",""txt"":""<b>Social Media Video Mastery:<\/b> Create high-performing reels, YouTube shorts, ads, memes, and motion graphics for maximum audience engagement and conversion."",""allowed"":1},{""refId"":5,""icon"":""key-highlights-1672896291.svg"",""txt"":""<b>Monetize Your Video Skills:<\/b> Learn how to land high-paying clients, secure freelance projects, and create investor pitch videos to grow your career."",""allowed"":1},{""refId"":6,""icon"":""key-highlights-1672896291.svg"",""txt"":""<b>Optimize Video Sales Funnels:<\/b> Design and implement high-converting Video Sales Letter (VSL) funnels, test ad creatives, and improve video ad performance."",""allowed"":1}]}","""1,2,3,4,5,6""","A","2024-06-29 15:10:02","2025-02-07 17:02:15"
"54","56","Program Overview","""""","{""program_overview"":[{""refId"":1,""icon"":""key-highlights-1672896291.svg"",""txt"":""This course enables you to build your profile and work as a data analyst with startups, SMEs and large companies, top executives, as a well paid freelancer, and other remote opportunities."",""allowed"":1},{""refId"":2,""icon"":""key-highlights-1672896291.svg"",""txt"":""You don\u2019t have to be a software engineer, data scientist or lawyer to benefit from international remote work - people having skills and building profile in the ways taught in this course are always in great demand"",""allowed"":1},{""refId"":3,""icon"":""key-highlights-1672896291.svg"",""txt"":""Escape the office cubicle, exhausting daily commute and being forced to live in cramped spaces. After building such an online profile you can get a lot of freelance work which you can do while travelling the world, or living wherever you wish. "",""allowed"":1},{""refId"":4,""icon"":""key-highlights-1672896291.svg"",""txt"":""We can help you to get a very flexible job\/ paid internships\/ freelance work\/ remote opportunities that enables you to boost your earning potential while having time for your family and loved ones."",""allowed"":1},{""refId"":5,""icon"":""key-highlights-1672896291.svg"",""txt"":""We will teach in demand skills like machine learning and AI that will make you an integral part of big data companies and ensure that you are paid at least $40-$65 per hour"",""allowed"":1},{""refId"":6,""icon"":""key-highlights-1672896291.svg"",""txt"":""All the skills to do such work can be learned in 6 months provided that your English communication skills are upto the mark. Knowing a foreign language can be a bonus."",""allowed"":1},{""refId"":7,""icon"":""key-highlights-1672896291.svg"",""txt"":""We have helped more than 5000 students and professionals from India to get remote jobs and freelance work in the US, UK, Canada, Europe, Australia, the Middle East and other places. You could be our next success story!"",""allowed"":1}]}","""1,2,3,4,5,6,7""","A","2024-07-11 16:15:35","2024-07-13 20:07:54"
"55","57","Program Overview",,,,"A","2024-07-14 13:50:06",
"56","58","Program Overview","""""","{""program_overview"":[{""refId"":1,""icon"":""key-highlights-1672896291.svg"",""txt"":""Individual Profile Assessment: We understand that personal branding is a highly individualized process. Therefore, we conduct a comprehensive assessment of each student's current profile, strengths, and areas for improvement. This assessment forms the basis for personalized guidance and recommendations throughout the course."",""allowed"":1},{""refId"":2,""icon"":""key-highlights-1672896291.svg"",""txt"":""Guided Approach: Our course is not a one-time event but a continuous journey. We provide ongoing support and guidance as students progress through their personal brand-building process. Our experienced instructors are available to answer questions, provide feedback, and offer personalized advice tailored to each student's unique goals and circumstances."",""allowed"":1},{""refId"":3,""icon"":""key-highlights-1672896291.svg"",""txt"":""Holistic Approach: Personal branding extends beyond mere online presence. We take a holistic approach that encompasses both online and offline aspects of personal branding. Our curriculum covers topics such as public speaking, networking, professional image, and reputation management, ensuring that students develop a well-rounded personal brand that resonates in all aspects of their professional lives."",""allowed"":1},{""refId"":4,""icon"":""key-highlights-1672896291.svg"",""txt"":""Building Thought Leadership: Thought leadership is a crucial aspect of personal branding for corporate leaders. We dedicate a significant portion of our course to developing thought leadership skills. Students will learn how to identify their areas of expertise, create compelling content, and position themselves as industry experts through public speaking engagements, writing articles, participating in industry events, and leveraging social media platforms."",""allowed"":1},{""refId"":5,""icon"":""key-highlights-1672896291.svg"",""txt"":""Managing Digital Presence: In today's digital world, online reputation plays a critical role in personal branding. We offer comprehensive guidance on managing and enhancing one's online reputation. Students will learn effective strategies to build a positive online presence, handle online criticism or negative reviews, and leverage social media platforms for professional networking and personal brand promotion."",""allowed"":1},{""refId"":6,""icon"":""key-highlights-1672896291.svg"",""txt"":""Networking Strategies: Networking is an essential component of personal branding for leaders. We provide practical techniques and frameworks to help students build meaningful professional relationships and expand their networks. Students will learn how to leverage networking opportunities, both online and offline, to enhance their personal brand, establish connections with influential individuals, and create opportunities for career advancement."",""allowed"":1}]}","""1,2,3,4,5,6""","A","2024-07-25 14:05:36","2024-07-25 14:07:00"
"57","59","Program Overview","""""","{""program_overview"":[{""refId"":1,""icon"":""key-highlights-1672896291.svg"",""txt"":""In-Depth Curriculum: Engage with a rigorous curriculum that covers advanced machine learning algorithms, deep learning techniques, and state-of-the-art large language models (LLMs) such as GPT-4. The course also includes detailed modules on prompt engineering for optimizing AI responses and sophisticated methods in automatic data analytics, including predictive modeling and data-driven decision making."",""allowed"":1},{""refId"":2,""icon"":""key-highlights-1672896291.svg"",""txt"":""Live Code-Along Sessions: Participate in live coding sessions where instructors demonstrate complex AI models and data analytics techniques in real time. These sessions emphasize practical implementation using Python, TensorFlow, PyTorch, and other industry-standard tools, allowing you to follow along and apply the concepts immediately."",""allowed"":1},{""refId"":3,""icon"":""key-highlights-1672896291.svg"",""txt"":""Industry-Experienced Instructors: Learn from AI specialists and data scientists who have significant industry experience. Our instructors have contributed to notable AI projects and bring practical knowledge of deploying machine learning models, fine-tuning LLMs, and leveraging data analytics in enterprise environments."",""allowed"":1},{""refId"":4,""icon"":""key-highlights-1672896291.svg"",""txt"":""Capstone Projects and Real-World Applications: Work on capstone projects that mimic real-world scenarios and business challenges. These projects involve building and deploying AI models, optimizing LLMs for specific tasks, and creating automated data analytics pipelines. By the end of the course, you will have a portfolio demonstrating your ability to solve complex problems using AI and data analytics."",""allowed"":1},{""refId"":5,""icon"":""key-highlights-1672896291.svg"",""txt"":""Advanced Tools and Technologies: Gain hands-on experience with advanced AI and data analytics tools and platforms. The course includes training on cloud-based AI services (such as AWS SageMaker, Google AI Platform, and Azure Machine Learning), data visualization tools (like Tableau and Power BI), and collaborative environments (such as Jupyter Notebooks and GitHub)."",""allowed"":1}]}","""1,2,3,4,5""","A","2024-07-25 16:17:52","2024-07-25 16:07:51"
"58","60","Program Overview","""""","{""program_overview"":[{""refId"":1,""icon"":""key-highlights-1672896291.svg"",""txt"":""This course enables you to build your profile and work as a data analyst with startups, SMEs and large companies, top executives, as a well paid freelancer, and other remote opportunities."",""allowed"":1},{""refId"":2,""icon"":""key-highlights-1672896291.svg"",""txt"":""You don\u2019t have to be a software engineer, data scientist or lawyer to benefit from international remote work - people having skills and building profile in the ways taught in this course are always in great demand"",""allowed"":1},{""refId"":3,""icon"":""key-highlights-1672896291.svg"",""txt"":""We can help you to get a very flexible job\/ paid internships\/ freelance work\/ remote opportunities that enables you to boost your earning potential while having time for your family and loved ones."",""allowed"":1},{""refId"":4,""icon"":""key-highlights-1672896291.svg"",""txt"":""We will teach in demand skills like machine learning and AI that will make you an integral part of big data companies and ensure that you are paid at least $40-$65 per hour"",""allowed"":1},{""refId"":5,""icon"":""key-highlights-1672896291.svg"",""txt"":""All the skills to do such work can be learned in 6 months provided that your English communication skills are upto the mark. Knowing a foreign language can be a bonus."",""allowed"":1},{""refId"":6,""icon"":""key-highlights-1672896291.svg"",""txt"":""We have helped more than 5000 students and professionals from India to get remote jobs and freelance work in the US, UK, Canada, Europe, Australia, the Middle East and other places. You could be our next success story!"",""allowed"":1}]}","""1,2,3,4,5,6""","A","2024-08-14 18:29:46","2024-08-14 22:08:50"
"59","61","Program Overview","""""","{""program_overview"":[{""refId"":1,""icon"":""key-highlights-1672896291.svg"",""txt"":""This course enables you to build your profile and work as a data analyst with startups, SMEs and large companies, top executives, as a well paid freelancer, and other remote opportunities."",""allowed"":1},{""refId"":2,""icon"":""key-highlights-1672896291.svg"",""txt"":""You don\u2019t have to be a software engineer, data scientist or lawyer to benefit from international remote work - people having skills and building profile in the ways taught in this course are always in great demand"",""allowed"":1},{""refId"":3,""icon"":""key-highlights-1672896291.svg"",""txt"":""Escape the office cubicle, exhausting daily commute and being forced to live in cramped spaces. After building such an online profile you can get a lot of freelance work which you can do while travelling the world, or living wherever you wish. "",""allowed"":1},{""refId"":4,""icon"":""key-highlights-1672896291.svg"",""txt"":""We can help you to get a very flexible job\/ paid internships\/ freelance work\/ remote opportunities that enables you to boost your earning potential while having time for your family and loved ones."",""allowed"":1},{""refId"":5,""icon"":""key-highlights-1672896291.svg"",""txt"":""We will teach in demand skills like machine learning and AI that will make you an integral part of big data companies and ensure that you are paid at least $40-$65 per hour"",""allowed"":1},{""refId"":6,""icon"":""key-highlights-1672896291.svg"",""txt"":""All the skills to do such work can be learned in 6 months provided that your English communication skills are upto the mark. Knowing a foreign language can be a bonus."",""allowed"":1},{""refId"":7,""icon"":""key-highlights-1672896291.svg"",""txt"":""We have helped more than 5000 students and professionals from India to get remote jobs and freelance work in the US, UK, Canada, Europe, Australia, the Middle East and other places. You could be our next success story!"",""allowed"":1}]}","""1,2,3,4,5,6,7""","A","2024-08-14 18:54:29","2024-08-14 22:08:03"
"60","64","Program Overview","""""","{""program_overview"":[{""refId"":1,""icon"":""key-highlights-1672896291.svg"",""txt"":""This course enables you to build your profile and work as a data analyst with startups, SMEs and large companies, top executives, as a well paid freelancer, and other remote opportunities."",""allowed"":1},{""refId"":2,""icon"":""key-highlights-1672896291.svg"",""txt"":""You don\u2019t have to be a software engineer, data scientist or lawyer to benefit from international remote work - people having skills and building profile in the ways taught in this course are always in great demand"",""allowed"":1},{""refId"":3,""icon"":""key-highlights-1672896291.svg"",""txt"":""We can help you to get a very flexible job\/ paid internships\/ freelance work\/ remote opportunities that enables you to boost your earning potential while having time for your family and loved ones."",""allowed"":1},{""refId"":4,""icon"":""key-highlights-1672896291.svg"",""txt"":""We will teach in demand skills like machine learning and AI that will make you an integral part of big data companies and ensure that you are paid at least $40-$65 per hour"",""allowed"":1},{""refId"":5,""icon"":""key-highlights-1672896291.svg"",""txt"":""All the skills to do such work can be learned in 6 months provided that your English communication skills are upto the mark. Knowing a foreign language can be a bonus."",""allowed"":1},{""refId"":6,""icon"":""key-highlights-1672896291.svg"",""txt"":""We have helped more than 5000 students and professionals from India to get remote jobs and freelance work in the US, UK, Canada, Europe, Australia, the Middle East and other places. You could be our next success story!"",""allowed"":1}]}","""1,2,3,4,5,6""","A","2024-08-16 17:01:00","2024-08-16 19:08:04"
"61","65","Program Overview","""""","{""program_overview"":[{""refId"":1,""icon"":""key-highlights-1672896291.svg"",""txt"":""This course enables you to build your profile and work as a data analyst with startups, SMEs and large companies, top executives, as a well paid freelancer, and other remote opportunities."",""allowed"":1},{""refId"":2,""icon"":""key-highlights-1672896291.svg"",""txt"":""You don\u2019t have to be a software engineer, data scientist or lawyer to benefit from international remote work - people having skills and building profile in the ways taught in this course are always in great demand"",""allowed"":1},{""refId"":3,""icon"":""key-highlights-1672896291.svg"",""txt"":""We can help you to get a very flexible job\/ paid internships\/ freelance work\/ remote opportunities that enables you to boost your earning potential while having time for your family and loved ones."",""allowed"":1},{""refId"":4,""icon"":""key-highlights-1672896291.svg"",""txt"":""We will teach in demand skills like machine learning and AI that will make you an integral part of big data companies and ensure that you are paid at least $40-$65 per hour"",""allowed"":1},{""refId"":5,""icon"":""key-highlights-1672896291.svg"",""txt"":""All the skills to do such work can be learned in 6 months provided that your English communication skills are upto the mark. Knowing a foreign language can be a bonus."",""allowed"":1},{""refId"":6,""icon"":""key-highlights-1672896291.svg"",""txt"":""We have helped more than 5000 students and professionals from India to get remote jobs and freelance work in the US, UK, Canada, Europe, Australia, the Middle East and other places. You could be our next success story!"",""allowed"":1}]}","""1,2,3,4,5,6""","A","2024-08-16 17:01:10","2024-08-16 19:08:46"
"62","66","Program Overview","""""","{""program_overview"":[{""refId"":1,""icon"":""key-highlights-1672896291.svg"",""txt"":""This course enables you to build your profile and work as a data analyst with startups, SMEs and large companies, top executives, as a well paid freelancer, and other remote opportunities."",""allowed"":1},{""refId"":2,""icon"":""key-highlights-1672896291.svg"",""txt"":""You don\u2019t have to be a software engineer, data scientist or lawyer to benefit from international remote work - people having skills and building profile in the ways taught in this course are always in great demand"",""allowed"":1},{""refId"":3,""icon"":""key-highlights-1672896291.svg"",""txt"":""Escape the office cubicle, exhausting daily commute and being forced to live in cramped spaces. After building such an online profile you can get a lot of freelance work which you can do while travelling the world, or living wherever you wish. "",""allowed"":1},{""refId"":4,""icon"":""key-highlights-1672896291.svg"",""txt"":""We can help you to get a very flexible job\/ paid internships\/ freelance work\/ remote opportunities that enables you to boost your earning potential while having time for your family and loved ones."",""allowed"":1},{""refId"":5,""icon"":""key-highlights-1672896291.svg"",""txt"":""We will teach in demand skills like machine learning and AI that will make you an integral part of big data companies and ensure that you are paid at least $40-$65 per hour"",""allowed"":1},{""refId"":6,""icon"":""key-highlights-1672896291.svg"",""txt"":""All the skills to do such work can be learned in 6 months provided that your English communication skills are upto the mark. Knowing a foreign language can be a bonus."",""allowed"":1},{""refId"":7,""icon"":""key-highlights-1672896291.svg"",""txt"":""We have helped more than 5000 students and professionals from India to get remote jobs and freelance work in the US, UK, Canada, Europe, Australia, the Middle East and other places. You could be our next success story!"",""allowed"":1}]}","""1,2,3,4,5,6,7""","A","2024-08-16 17:26:56","2024-08-16 17:08:03"
"63","67","Program Overview",,,,"A","2024-08-16 17:27:13",
"64","69","Program Overview","""""","{""program_overview"":[{""refId"":1,""icon"":""key-highlights-1672896291.svg"",""txt"":""<b>Stay updated with Latest Social Media Trends:<\/b> Learn the latest in social media management and content creation to stay ahead in the industry."",""allowed"":1},{""refId"":2,""icon"":""key-highlights-1672896291.svg"",""txt"":""<b>Leverage AI Tools:<\/b> Explore innovative applications of AI tools for social media management and lead generation, no prior experience needed."",""allowed"":1},{""refId"":3,""icon"":""key-highlights-1672896291.svg"",""txt"":""<b>Beginner-Friendly:<\/b> This course requires no technical background and focuses on practical knowledge of social media."",""allowed"":1},{""refId"":4,""icon"":""key-highlights-1672896291.svg"",""txt"":""<b>Interactive and Live Demonstrations: <\/b>Engage in classes with live demos to learn social media strategies and content creation effectively."",""allowed"":1},{""refId"":5,""icon"":""key-highlights-1672896291.svg"",""txt"":""<b>Freelance Opportunities: <\/b>Gain skills in social media management and unlock potential freelance opportunities to expand your career."",""allowed"":1},{""refId"":6,""icon"":""key-highlights-1672896291.svg"",""txt"":""<b>Expert Instruction:<\/b> Benefit from courses taught by experienced instructors and guest lectures, offering industry insights and real-world applications."",""allowed"":1}]}","""1,2,3,4,5,6""","A","2024-08-17 10:47:56","2025-01-10 17:01:59"
"65","70","Program Overview","""""","{""program_overview"":[{""refId"":1,""icon"":""key-highlights-1672896291.svg"",""txt"":""This course enables you to build your profile and work as a data analyst with startups, SMEs and large companies, top executives, as a well paid freelancer, and other remote opportunities."",""allowed"":1},{""refId"":2,""icon"":""key-highlights-1672896291.svg"",""txt"":""You don\u2019t have to be a software engineer, data scientist or lawyer to benefit from international remote work - people having skills and building profile in the ways taught in this course are always in great demand"",""allowed"":1},{""refId"":3,""icon"":""key-highlights-1672896291.svg"",""txt"":""Escape the office cubicle, exhausting daily commute and being forced to live in cramped spaces. After building such an online profile you can get a lot of freelance work which you can do while travelling the world, or living wherever you wish. "",""allowed"":1},{""refId"":4,""icon"":""key-highlights-1672896291.svg"",""txt"":""We can help you to get a very flexible job\/ paid internships\/ freelance work\/ remote opportunities that enables you to boost your earning potential while having time for your family and loved ones."",""allowed"":1},{""refId"":5,""icon"":""key-highlights-1672896291.svg"",""txt"":""We will teach in demand skills like machine learning and AI that will make you an integral part of big data companies and ensure that you are paid at least $40-$65 per hour"",""allowed"":1},{""refId"":6,""icon"":""key-highlights-1672896291.svg"",""txt"":""All the skills to do such work can be learned in 6 months provided that your communication skills are upto the mark. Knowing a foreign language can be a bonus."",""allowed"":1},{""refId"":7,""icon"":""key-highlights-1672896291.svg"",""txt"":""We have helped more than 5000 students and professionals to get remote jobs and freelance work. You could be our next success story!"",""allowed"":1}]}","""1,2,3,4,5,6,7""","A","2024-08-23 18:40:24","2024-10-22 15:10:03"
"66","71","Program Overview","""""","{""program_overview"":[{""refId"":1,""icon"":""key-highlights-1672896291.svg"",""txt"":""This course enables you to build your profile and work as a data analyst with startups, SMEs and large companies, top executives, as a well paid freelancer, and other remote opportunities."",""allowed"":1},{""refId"":2,""icon"":""key-highlights-1672896291.svg"",""txt"":""You don\u2019t have to be a software engineer, data scientist or lawyer to benefit from international remote work - people having skills and building profile in the ways taught in this course are always in great demand"",""allowed"":1},{""refId"":3,""icon"":""key-highlights-1672896291.svg"",""txt"":""We can help you to get a very flexible job\/ paid internships\/ freelance work\/ remote opportunities that enables you to boost your earning potential while having time for your family and loved ones."",""allowed"":1},{""refId"":4,""icon"":""key-highlights-1672896291.svg"",""txt"":""We will teach in demand skills like machine learning and AI that will make you an integral part of big data companies and ensure that you are paid at least $40-$65 per hour"",""allowed"":1},{""refId"":5,""icon"":""key-highlights-1672896291.svg"",""txt"":""All the skills to do such work can be learned in 6 months provided that your English communication skills are upto the mark. Knowing a foreign language can be a bonus."",""allowed"":1},{""refId"":6,""icon"":""key-highlights-1672896291.svg"",""txt"":""We have helped more than 5000 students and professionals from India to get remote jobs and freelance work in the US, UK, Canada, Europe, Australia, the Middle East and other places. You could be our next success story!"",""allowed"":1}]}","""1,2,3,4,5,6""","A","2024-08-27 12:46:23","2024-08-27 13:08:31"
"67","72","Program Overview","""""","{""program_overview"":[{""refId"":1,""icon"":""key-highlights-1672896291.svg"",""txt"":""This course enables you to build your profile and work as a data analyst with startups, SMEs and large companies, top executives, as a well paid freelancer, and other remote opportunities."",""allowed"":1},{""refId"":2,""icon"":""key-highlights-1672896291.svg"",""txt"":""You don\u2019t have to be a software engineer, data scientist or lawyer to benefit from international remote work - people having skills and building profile in the ways taught in this course are always in great demand"",""allowed"":1},{""refId"":3,""icon"":""key-highlights-1672896291.svg"",""txt"":""You don\u2019t have to be a software engineer, data scientist or lawyer to benefit from international remote work - people having skills and building profile in the ways taught in this course are always in great demand"",""allowed"":1},{""refId"":4,""icon"":""key-highlights-1672896291.svg"",""txt"":""You don\u2019t have to be a software engineer, data scientist or lawyer to benefit from international remote work - people having skills and building profile in the ways taught in this course are always in great demand"",""allowed"":1},{""refId"":5,""icon"":""key-highlights-1672896291.svg"",""txt"":""We will teach in demand skills like machine learning and AI that will make you an integral part of big data companies and ensure that you are paid at least $40-$65 per hour"",""allowed"":1},{""refId"":6,""icon"":""key-highlights-1672896291.svg"",""txt"":""We will teach in demand skills like machine learning and AI that will make you an integral part of big data companies and ensure that you are paid at least $40-$65 per hour"",""allowed"":1},{""refId"":7,""icon"":""key-highlights-1672896291.svg"",""txt"":""We will teach in demand skills like machine learning and AI that will make you an integral part of big data companies and ensure that you are paid at least $40-$65 per hour"",""allowed"":1}]}","""1,2,3,4,5,6,7""","A","2024-08-27 13:16:32","2025-02-19 20:02:05"
"68","73","Program Overview","""""","{""program_overview"":[{""refId"":1,""icon"":""key-highlights-1672896291.svg"",""txt"":""This course enables you to build your profile and work as a data analyst with startups, SMEs and large companies, top executives, as a well paid freelancer, and other remote opportunities."",""allowed"":1},{""refId"":2,""icon"":""key-highlights-1672896291.svg"",""txt"":""You don\u2019t have to be a software engineer, data scientist or lawyer to benefit from international remote work - people having skills and building profile in the ways taught in this course are always in great demand"",""allowed"":1},{""refId"":3,""icon"":""key-highlights-1672896291.svg"",""txt"":""We can help you to get a very flexible job\/ paid internships\/ freelance work\/ remote opportunities that enables you to boost your earning potential while having time for your family and loved ones."",""allowed"":1},{""refId"":4,""icon"":""key-highlights-1672896291.svg"",""txt"":""We will teach in demand skills like machine learning and AI that will make you an integral part of big data companies and ensure that you are paid at least $40-$65 per hour"",""allowed"":1},{""refId"":5,""icon"":""key-highlights-1672896291.svg"",""txt"":""All the skills to do such work can be learned in 6 months provided that your English communication skills are upto the mark. Knowing a foreign language can be a bonus."",""allowed"":1},{""refId"":6,""icon"":""key-highlights-1672896291.svg"",""txt"":""We have helped more than 5000 students and professionals from India to get remote jobs and freelance work in the US, UK, Canada, Europe, Australia, the Middle East and other places. You could be our next success story!"",""allowed"":1}]}","""1,2,3,4,5,6""","A","2024-08-27 13:16:55","2024-08-27 13:08:15"
"69","74","Program Overview",,,,"A","2024-08-28 15:01:30",
"70","75","Program Overview",,,,"A","2024-08-29 17:46:29",
"71","76","Program Overview","""""","{""program_overview"":[{""refId"":1,""icon"":""key-highlights-1672896291.svg"",""txt"":""Individual Profile Assessment: We understand that personal branding is a highly individualized process. Therefore, we conduct a comprehensive assessment of each student's current profile, strengths, and areas for improvement. This assessment forms the basis for personalized guidance and recommendations throughout the course."",""allowed"":1},{""refId"":2,""icon"":""key-highlights-1672896291.svg"",""txt"":""Guided Approach: Our course is not a one-time event but a continuous journey. We provide ongoing support and guidance as students progress through their personal brand-building process. Our experienced instructors are available to answer questions, provide feedback, and offer personalized advice tailored to each student's unique goals and circumstances."",""allowed"":1},{""refId"":3,""icon"":""key-highlights-1672896291.svg"",""txt"":""Holistic Approach: Personal branding extends beyond mere online presence. We take a holistic approach that encompasses both online and offline aspects of personal branding. Our curriculum covers topics such as public speaking, networking, professional image, and reputation management, ensuring that students develop a well-rounded personal brand that resonates in all aspects of their professional lives."",""allowed"":1},{""refId"":4,""icon"":""key-highlights-1672896291.svg"",""txt"":""Building Thought Leadership: Thought leadership is a crucial aspect of personal branding for corporate leaders. We dedicate a significant portion of our course to developing thought leadership skills. Students will learn how to identify their areas of expertise, create compelling content, and position themselves as industry experts through public speaking engagements, writing articles, participating in industry events, and leveraging social media platforms."",""allowed"":1},{""refId"":5,""icon"":""key-highlights-1672896291.svg"",""txt"":""Managing Digital Presence: In today's digital world, online reputation plays a critical role in personal branding. We offer comprehensive guidance on managing and enhancing one's online reputation. Students will learn effective strategies to build a positive online presence, handle online criticism or negative reviews, and leverage social media platforms for professional networking and personal brand promotion."",""allowed"":1},{""refId"":6,""icon"":""key-highlights-1672896291.svg"",""txt"":""Networking Strategies: Networking is an essential component of personal branding for leaders. We provide practical techniques and frameworks to help students build meaningful professional relationships and expand their networks. Students will learn how to leverage networking opportunities, both online and offline, to enhance their personal brand, establish connections with influential individuals, and create opportunities for career advancement."",""allowed"":1}]}","""1,2,3,4,5,6""","A","2024-09-13 16:39:58","2024-09-13 18:09:31"
"72","77","Program Overview","""""","{""program_overview"":[{""refId"":1,""icon"":""key-highlights-1672896291.svg"",""txt"":""<b>Practical, Use-Case Driven Curriculum: <\/b> Learn to write effective prompts, build AI-powered websites, design content, automate tasks, and create video scripts, email campaigns, and visual assets, all using cutting-edge AI tools like ChatGPT, Claude, Canva AI, Gamma, and Zapier."",""allowed"":1},{""refId"":2,""icon"":""key-highlights-1672896291.svg"",""txt"":""<b>Prompt Engineering Mastery: <\/b> Understand the science behind crafting high-performing prompts. From role-based instructions to zero-shot\/few-shot learning, the course explores the art of interacting with AI to get accurate, contextual, and meaningful responses across domains like marketing, writing, design, and sales."",""allowed"":1},{""refId"":3,""icon"":""key-highlights-1672896291.svg"",""txt"":""<b>Prompt Engineering Mastery: <\/b> Understand the science behind crafting high-performing prompts. From role-based instructions to zero-shot\/few-shot learning, the course explores the art of interacting with AI to get accurate, contextual, and meaningful responses across domains like marketing, writing, design, and sales."",""allowed"":1},{""refId"":4,""icon"":""key-highlights-1672896291.svg"",""txt"":""<b>Real-World Case Studies & Projects: <\/b> Each module includes practical assignments like creating a blog series, designing a brand kit, building an email campaign, or generating a lead-magnet eBook, all designed to help you build a strong, client-ready portfolio."",""allowed"":1},{""refId"":5,""icon"":""key-highlights-1672896291.svg"",""txt"":""<b>AI for Business & Career Growth: <\/b> Learn how to ethically use AI to save time, boost productivity, and drive impact. Get trained in automating workflows, streamlining customer service, designing pitch decks, and tailoring marketing campaigns \u2014 skills valued by startups, freelancers, and agencies alike."",""allowed"":1}]}","""1,2,3,4,5""","A","2024-09-13 17:30:08","2025-04-25 20:04:29"
"73","78","Program Overview",,,,"A","2024-09-13 17:50:31",
"74","79","Program Overview","""""","{""program_overview"":[{""refId"":1,""icon"":""key-highlights-1672896291.svg"",""txt"":""<b>Practical, Use-Case Driven Curriculum: <\/b> Learn to write effective prompts, build AI-powered websites, design content, automate tasks, and create video scripts, email campaigns, and visual assets, all using cutting-edge AI tools like ChatGPT, Claude, Canva AI, Gamma, and Zapier."",""allowed"":1},{""refId"":2,""icon"":""key-highlights-1672896291.svg"",""txt"":""<b>Prompt Engineering Mastery: <\/b> Understand the science behind crafting high-performing prompts. From role-based instructions to zero-shot\/few-shot learning, the course explores the art of interacting with AI to get accurate, contextual, and meaningful responses across domains like marketing, writing, design, and sales."",""allowed"":1},{""refId"":3,""icon"":""key-highlights-1672896291.svg"",""txt"":""<b> Live Tool Demonstrations: <\/b> Witness the power of AI tools through live, interactive demos. Whether it\u2019s generating brand creatives with Adobe Firefly, Leonardo AI, creating scripts with Jasper, Claude, or building chatbot workflows via WhatsApp and Slack, you\u2019ll be applying as you learn."",""allowed"":1},{""refId"":4,""icon"":""key-highlights-1672896291.svg"",""txt"":""<b>Real-World Case Studies & Projects: <\/b> Each module includes practical assignments like creating a blog series, designing a brand kit, building an email campaign, or generating a lead-magnet eBook, all designed to help you build a strong, client-ready portfolio."",""allowed"":1},{""refId"":5,""icon"":""key-highlights-1672896291.svg"",""txt"":""<b>AI for Business & Career Growth: <\/b> Learn how to ethically use AI to save time, boost productivity, and drive impact. Get trained in automating workflows, streamlining customer service, designing pitch decks, and tailoring marketing campaigns \u2014 skills valued by startups, freelancers, and agencies alike."",""allowed"":1}]}","""1,2,3,4,5""","A","2024-09-13 18:23:22","2025-04-16 18:04:15"
"75","80","Program Overview","""""","{""program_overview"":[{""refId"":1,""icon"":""key-highlights-1672896291.svg"",""txt"":""<b>Build a Strong Professional Profile:<\/b> Enhance your career with the skills to work in diverse settings, from startups to large enterprises, and access well-paid freelance or remote opportunities."",""allowed"":1},{""refId"":2,""icon"":""key-highlights-1672896291.svg"",""txt"":""<b>Learn In-Demand Skills Without a Technical Degree: <\/b> Gain critical, globally sought-after skills in business analytics across various sectors, no technical degree required."",""allowed"":1},{""refId"":3,""icon"":""key-highlights-1672896291.svg"",""txt"":""<b>Flexible Job Opportunities for Career Growth:<\/b> Secure internships, freelance projects, or remote jobs that boost earning potential and allow for personal and professional growth."",""allowed"":1},{""refId"":4,""icon"":""key-highlights-1672896291.svg"",""txt"":""<b>Work from Anywhere: <\/b>Enjoy the freedom to work globally on freelance or remote projects, promoting a balanced lifestyle away from traditional office settings."",""allowed"":1},{""refId"":5,""icon"":""key-highlights-1672896291.svg"",""txt"":""<b>Master Business Analytics:<\/b> Acquire key skills in data visualization, statistical analysis, and predictive modeling, making you a valuable asset with earnings potential of $40 to $65 per hour."",""allowed"":1},{""refId"":6,""icon"":""key-highlights-1672896291.svg"",""txt"":""<b>Accelerated Real-World Learning: <\/b>Complete a curriculum designed to sharpen your business analytics skills within 6 months, preparing you for strategic decision-making roles."",""allowed"":1},{""refId"":7,""icon"":""key-highlights-1672896291.svg"",""txt"":""<b>Join a Community of Professionals:<\/b> Become part of a network that has helped over 5,000 individuals secure remote and freelance jobs internationally."",""allowed"":1}]}","""1,2,3,4,5,6,7""","A","2024-09-18 18:38:48","2025-01-10 17:01:24"
"76","81","Program Overview",,,,"A","2024-09-22 06:08:22",
"77","82","Program Overview",,,,"A","2024-09-27 14:04:29",
"78","83","Program Overview","""""","{""program_overview"":[{""refId"":1,""icon"":""key-highlights-1672896291.svg"",""txt"":""This course allows you to understand International Legal Framework. You will be introduced to the legal principles and regulations governing international contracts, including international trade laws, international conventions, and treaties."",""allowed"":1},{""refId"":2,""icon"":""key-highlights-1672896291.svg"",""txt"":""Regardless of your level of expertise and experience, this course will help you explore the basic elements of a contract in an international setting. Identifying and analysing essential contract clauses in international agreements."",""allowed"":1},{""refId"":3,""icon"":""key-highlights-1672896291.svg"",""txt"":""This course will also help you examine the principles of jurisdiction and choice of law in international contracts, including the application of conflict of laws rules and the significance of international arbitration."",""allowed"":1},{""refId"":4,""icon"":""key-highlights-1672896291.svg"",""txt"":""One of the unique features of this course is that it recognizes and addresses communication styles, and business practices that may impact contract negotiations and drafting when dealing with international parties."",""allowed"":1},{""refId"":5,""icon"":""key-highlights-1672896291.svg"",""txt"":""By the end of the course, you will be proficient in useful techniques for drafting clear, concise, and enforceable international contracts, including the effective use of defined terms, precise language, and avoiding ambiguous or conflicting provisions."",""allowed"":1},{""refId"":6,""icon"":""key-highlights-1672896291.svg"",""txt"":""This course offers you knowledge of risk management and contractual protections such as understanding risk allocation, liability limitations, indemnification clauses, insurance provisions, and other mechanisms to mitigate potential risks in international transactions."",""allowed"":1}]}","""1,2,3,4,5,6""","A","2024-09-27 14:56:31","2024-09-27 14:09:15"
"79","84","Program Overview",,,,"A","2024-09-27 15:33:01",
"80","85","Program Overview",,,,"A","2024-09-27 15:47:16",
"81","86","Program Overview",,,,"A","2024-09-27 17:42:19",
"82","87","Program Overview",,,,"A","2024-10-10 16:02:16",
"83","88","Program Overview",,,,"A","2024-10-13 18:56:22",
"84","89","Program Overview","""""","{""program_overview"":[{""refId"":1,""icon"":""key-highlights-1672896291.svg"",""txt"":""<b>Practical, Use-Case Driven Curriculum: <\/b> Learn to write effective prompts, build AI-powered websites, design content, automate tasks, and create video scripts, email campaigns, and visual assets, all using cutting-edge AI tools like ChatGPT, Claude, Canva AI, Gamma, and Zapier."",""allowed"":1},{""refId"":2,""icon"":""key-highlights-1672896291.svg"",""txt"":""<b>Prompt Engineering Mastery: <\/b> Understand the science behind crafting high-performing prompts. From role-based instructions to zero-shot\/few-shot learning, the course explores the art of interacting with AI to get accurate, contextual, and meaningful responses across domains like marketing, writing, design, and sales."",""allowed"":1},{""refId"":3,""icon"":""key-highlights-1672896291.svg"",""txt"":""<b> Live Tool Demonstrations: <\/b> Witness the power of AI tools through live, interactive demos. Whether it\u2019s generating brand creatives with Adobe Firefly, Leonardo AI, creating scripts with Jasper, Claude, or building chatbot workflows via WhatsApp and Slack, you\u2019ll be applying as you learn."",""allowed"":1},{""refId"":4,""icon"":""key-highlights-1672896291.svg"",""txt"":""<b>Real-World Case Studies & Projects: <\/b> Each module includes practical assignments like creating a blog series, designing a brand kit, building an email campaign, or generating a lead-magnet eBook, all designed to help you build a strong, client-ready portfolio."",""allowed"":1},{""refId"":5,""icon"":""key-highlights-1672896291.svg"",""txt"":""<b>AI for Business & Career Growth: <\/b> Learn how to ethically use AI to save time, boost productivity, and drive impact. Get trained in automating workflows, streamlining customer service, designing pitch decks, and tailoring marketing campaigns \u2014 skills valued by startups, freelancers, and agencies alike."",""allowed"":1}]}","""1,2,3,4,5""","A","2024-10-17 14:34:53","2025-04-25 20:04:45"
"85","90","Program Overview","""""","{""program_overview"":[{""refId"":1,""icon"":""key-highlights-1672896291.svg"",""txt"":""Individual Profile Assessment: We understand that personal branding is a highly individualized process. Therefore, we conduct a comprehensive assessment of each student's current profile, strengths, and areas for improvement. This assessment forms the basis for personalized guidance and recommendations throughout the course."",""allowed"":1},{""refId"":2,""icon"":""key-highlights-1672896291.svg"",""txt"":""Guided Approach: Our course is not a one-time event but a continuous journey. We provide ongoing support and guidance as students progress through their personal brand-building process. Our experienced instructors are available to answer questions, provide feedback, and offer personalized advice tailored to each student's unique goals and circumstances."",""allowed"":1},{""refId"":3,""icon"":""key-highlights-1672896291.svg"",""txt"":""Holistic Approach: Personal branding extends beyond mere online presence. We take a holistic approach that encompasses both online and offline aspects of personal branding. Our curriculum covers topics such as public speaking, networking, professional image, and reputation management, ensuring that students develop a well-rounded personal brand that resonates in all aspects of their professional lives."",""allowed"":1},{""refId"":4,""icon"":""key-highlights-1672896291.svg"",""txt"":""Building Thought Leadership: Thought leadership is a crucial aspect of personal branding for corporate leaders. We dedicate a significant portion of our course to developing thought leadership skills. Students will learn how to identify their areas of expertise, create compelling content, and position themselves as industry experts through public speaking engagements, writing articles, participating in industry events, and leveraging social media platforms."",""allowed"":1},{""refId"":5,""icon"":""key-highlights-1672896291.svg"",""txt"":""Managing Digital Presence: In today's digital world, online reputation plays a critical role in personal branding. We offer comprehensive guidance on managing and enhancing one's online reputation. Students will learn effective strategies to build a positive online presence, handle online criticism or negative reviews, and leverage social media platforms for professional networking and personal brand promotion."",""allowed"":1},{""refId"":6,""icon"":""key-highlights-1672896291.svg"",""txt"":""Networking Strategies: Networking is an essential component of personal branding for leaders. We provide practical techniques and frameworks to help students build meaningful professional relationships and expand their networks. Students will learn how to leverage networking opportunities, both online and offline, to enhance their personal brand, establish connections with influential individuals, and create opportunities for career advancement."",""allowed"":1}]}","""1,2,3,4,5,6""","A","2024-10-17 14:52:43","2024-10-17 14:10:35"
"86","91","Program Overview",,,,"A","2024-10-17 17:34:22",
"87","92","Program Overview","""""","{""program_overview"":[{""refId"":1,""icon"":""key-highlights-1672896291.svg"",""txt"":""NCA assesses the qualifications of all internationally trained lawyers and legal graduates."",""allowed"":1},{""refId"":2,""icon"":""key-highlights-1672896291.svg"",""txt"":""NCA qualification is essential for anyone who wants to be a lawyer in Canada. It demonstrates that you have the knowledge and skills necessary to be a successful lawyer in the Canadian legal system."",""allowed"":1},{""refId"":3,""icon"":""key-highlights-1672896291.svg"",""txt"":""SkillArbitrage offers a variety of resources and support to help students succeed in the NCA process. These resources include live online classes,mock practice exams, and one-on-one tutoring."",""allowed"":1},{""refId"":4,""icon"":""key-highlights-1672896291.svg"",""txt"":""SkillArbitrage offers competitive pricing for its NCA preparation courses."",""allowed"":1},{""refId"":5,""icon"":""key-highlights-1672896291.svg"",""txt"":""SkillArbitrage offers a variety of learning options,such as relevant material for all the subjects. This allows students to learn at their own pace and in a way that best suits their needs."",""allowed"":1},{""refId"":6,""icon"":""key-highlights-1672896291.svg"",""txt"":""SkillArbitrage's NCA preparation materials are created by experts. These materials are designed to help students learn the material and prepare for the exams."",""allowed"":1},{""refId"":7,""icon"":""key-highlights-1672896291.svg"",""txt"":""SkillArbitrage's NCA preparation team is available to provide students with personalised support. This support includes mentoring, counselling, and giving a roadmap to students."",""allowed"":1}]}","""1,2,3,4,5,6,7""","A","2024-10-17 17:48:54","2024-10-17 17:10:17"
"88","93","Program Overview","""""","{""program_overview"":[{""refId"":1,""icon"":""key-highlights-1672896291.svg"",""txt"":""Barrister and Solicitor is the ultimate step to enter into the Canadian Legal system as a Lawyer after obtaining the Certificate of Qualification from the Federation of Law Societies of Canada after qualifying the National Committee of Accreditation."",""allowed"":1},{""refId"":2,""icon"":""key-highlights-1672896291.svg"",""txt"":""Passing the Barrister solicitor exam is essential for anyone who wants to be a Licensed lawyer in Canada. It demonstrates that you have the required skills and ethics necessary to be successfully called to the Bar Society."",""allowed"":1},{""refId"":3,""icon"":""key-highlights-1672896291.svg"",""txt"":""SkillArbitrage offers a variety of resources and support to help students succeed in the Ontario Barrister and Solicitor exam. These resources include live online classes, mock practice exams, and one-on-one counselling."",""allowed"":1},{""refId"":4,""icon"":""key-highlights-1672896291.svg"",""txt"":""SkillArbitrage offers a variety of learning options, such as relevant material for all the subjects. This allows students to learn at their own pace and in a way that best suits their needs."",""allowed"":1},{""refId"":5,""icon"":""key-highlights-1672896291.svg"",""txt"":""SkillArbitrge's Ontario Barrister and Solicitor preparation materials are created by experts. These materials are designed to help students learn the material and prepare for the exams."",""allowed"":1},{""refId"":6,""icon"":""key-highlights-1672896291.svg"",""txt"":""SkillArbitrage's Ontario Barrister and Solicitor preparation team is available to provide students with personalised support. This support includes mentoring, counselling, and giving a roadmap to students."",""allowed"":1},{""refId"":7,""icon"":""key-highlights-1672896291.svg"",""txt"":""We are India\u2019s first legal education company that is going to train students to take the LSO\u2019s Barrister and Solicitor examination."",""allowed"":1}]}","""1,2,3,4,5,6,7""","A","2024-10-17 19:52:12","2024-10-17 19:10:10"
"89","94","Program Overview",,,,"A","2024-10-17 20:17:46",
"90","95","Program Overview","""""","{""program_overview"":[{""refId"":1,""icon"":""key-highlights-1672896291.svg"",""txt"":""This course allows you to understand International Legal Framework. You will be introduced to the legal principles and regulations governing international contracts, including international trade laws, international conventions, and treaties."",""allowed"":1},{""refId"":2,""icon"":""key-highlights-1672896291.svg"",""txt"":""Regardless of your level of expertise and experience, this course will help you explore the basic elements of a contract in an international setting. Identifying and analysing essential contract clauses in international agreements."",""allowed"":1},{""refId"":3,""icon"":""key-highlights-1672896291.svg"",""txt"":""This course will also help you examine the principles of jurisdiction and choice of law in international contracts, including the application of conflict of laws rules and the significance of international arbitration."",""allowed"":1},{""refId"":4,""icon"":""key-highlights-1672896291.svg"",""txt"":""One of the unique features of this course is that it recognizes and addresses communication styles, and business practices that may impact contract negotiations and drafting when dealing with international parties."",""allowed"":1},{""refId"":5,""icon"":""key-highlights-1672896291.svg"",""txt"":""By the end of the course, you will be proficient in useful techniques for drafting clear, concise, and enforceable international contracts, including the effective use of defined terms, precise language, and avoiding ambiguous or conflicting provisions."",""allowed"":1},{""refId"":6,""icon"":""key-highlights-1672896291.svg"",""txt"":""This course offers you knowledge of risk management and contractual protections such as understanding risk allocation, liability limitations, indemnification clauses, insurance provisions, and other mechanisms to mitigate potential risks in international transactions."",""allowed"":1}]}","""1,2,3,4,5,6""","A","2024-10-18 14:32:40","2024-10-18 14:10:02"
"91","96","Program Overview",,,,"A","2024-10-20 11:38:07",
"92","97","Key Highlights","""""","{""program_overview"":[{""refId"":1,""icon"":""key-highlights-1672896291.svg"",""txt"":""<b>Secure Global Nursing Opportunities:<\/b>  By passing the NCLEX exam, you\nopen doors to a multitude of job opportunities in nursing in the USA, Canada\nand Australia!"",""allowed"":1},{""refId"":2,""icon"":""key-highlights-1672896291.svg"",""txt"":""<b>Unlock Flexible Job Options:<\/b>  As a licensed nurse abroad, you can explore\nvarious nursing job types, offering a flexible career, good working conditions\nand work-life balance."",""allowed"":1},{""refId"":3,""icon"":""key-highlights-1672896291.svg"",""txt"":""<b>Expert Instructors and Guest Lectures:<\/b> \u00a0Learn from experienced and\nknowledgeable professional nurses who have expertise in preparing students\nfor the exam. They themselves have also given the exam before and excelled."",""allowed"":1},{""refId"":4,""icon"":""key-highlights-1672896291.svg"",""txt"":""<b>Master Essential Nursing Skills:<\/b>  Develop key nursing skills such as patient\nsafety, nursing regulations, and clinical reasoning, all vital for passing the\nNCLEX exam."",""allowed"":1}]}","""1,2,3,4""","A","2024-11-08 18:44:26","2024-11-09 14:11:36"
"93","98","Key Highlights","""""","{""program_overview"":[{""refId"":1,""icon"":""key-highlights-1672896291.svg"",""txt"":""<b>Access Global Opportunities:<\/b>  A high IELTS score opens doors for studying abroad, securing job roles, and migrating to countries like the UK, Australia, and Canada."",""allowed"":1},{""refId"":2,""icon"":""key-highlights-1672896291.svg"",""txt"":""<b>Expert Instructors and Personalized Feedback:<\/b>  Learn from experienced instructors who have guided hundreds of students to achieve top IELTS scores."",""allowed"":1},{""refId"":3,""icon"":""key-highlights-1672896291.svg"",""txt"":""<b>Comprehensive Skill Development:<\/b>  Master the essential skills of listening, reading, writing, and speaking English, crucial for achieving a high IELTS score."",""allowed"":1}]}","""1,2,3""","A","2024-11-08 19:08:04","2024-11-09 14:11:21"
"94","99","Key Highlights","""""","{""program_overview"":[{""refId"":1,""icon"":""key-highlights-1672896291.svg"",""txt"":""<b>Streamlined Visa Guidance:<\/b>  Step-by-step assistance for understanding and completing visa applications, including documentation, interview preparation, and legal requirements."",""allowed"":1},{""refId"":2,""icon"":""key-highlights-1672896291.svg"",""txt"":""<b>Expert Job Search Strategies:<\/b>  Learn how to effectively market your nursing skills, prepare a standout resume, and leverage online job portals and networking for international opportunities."",""allowed"":1},{""refId"":3,""icon"":""key-highlights-1672896291.svg"",""txt"":""<b>Global Nursing Demand Insight:<\/b>  Gain a deep understanding of the nursing job market trends and high-demand roles in countries like the USA, Australia, and Canada."",""allowed"":1},{""refId"":4,""icon"":""key-highlights-1672896291.svg"",""txt"":""<b>Personalized Support:<\/b>  Access to one-on-one sessions with visa experts and career counselors for tailored advice based on your profile and target country."",""allowed"":1}]}","""1,2,3,4""","A","2024-11-08 19:53:25","2024-11-09 14:11:58"
"95","100","Program Overview",,,,"A","2024-11-22 13:22:25",
"96","101","Program Overview","""""","{""program_overview"":[{""refId"":1,""icon"":""key-highlights-1672896291.svg"",""txt"":""Mentorship towards building online presence as a paralegal through various freelancing platforms as well as through sources such as LinkedIn, Twitter, etc."",""allowed"":1},{""refId"":2,""icon"":""key-highlights-1672896291.svg"",""txt"":""Additional readings will be circulated along with online reading material on concepts discussed during sessions."",""allowed"":1},{""refId"":3,""icon"":""key-highlights-1672896291.svg"",""txt"":""We do not teach case laws and sections of specific acts or statutes in this course beyond passing references where you need to know. Focus is on practical skills so you can do real legal work that is done by paralegals in law firms, lawyer\u2019s chambers, legal departments in MNCs and over freelancing platforms. For that, whatever you need to learn, we will teach you."",""allowed"":1},{""refId"":4,""icon"":""key-highlights-1672896291.svg"",""txt"":""Learn practical insights from industry experts, some of them with decades of experience, and get your doubts cleared on the spot."",""allowed"":1},{""refId"":5,""icon"":""key-highlights-1672896291.svg"",""txt"":""Live online guest sessions by experienced international practitioners. Anecdotal discussions also take place regarding their specific field of expertise."",""allowed"":1},{""refId"":6,""icon"":""key-highlights-1672896291.svg"",""txt"":""Simulation exercises and assignments based on transactions that a paralegal would be dealing with on a day to day basis."",""allowed"":1},{""refId"":7,""icon"":""key-highlights-1672896291.svg"",""txt"":""Get internships, freelance work and jobs based on your outstanding drafting skills."",""allowed"":1},{""refId"":8,""icon"":""key-highlights-1672896291.svg"",""txt"":""Get access to 100+ high quality templates that you can actually use to work with clients"",""allowed"":1},{""refId"":9,""icon"":""key-highlights-1672896291.svg"",""txt"":""Lawyers who are struggling to earn well or get a well-paid job, this course can really help you and rapidly change your earning potential."",""allowed"":1}]}","""1,2,3,4,5,6,7,8,9""","A","2024-11-22 14:34:47","2024-11-22 15:11:22"
"97","102","Program Overview",,,,"A","2024-12-06 11:16:19",
"98","103","Program Overview",,,,"A","2024-12-06 11:42:38",
"99","104","Program Overview",,,,"A","2024-12-06 13:15:53",
"100","105","Program Overview",,,,"A","2024-12-19 17:58:45",
"101","106","Program Overview","""""","{""program_overview"":[{""refId"":1,""icon"":""key-highlights-1672896291.svg"",""txt"":""This course is designed to support internationally educated nurses (IENs) as they transition to working in the Canadian healthcare system. The goal is to provide them with the knowledge, skills, and strategies needed to navigate cultural differences, adjust to Canadian workplace norms, and integrate successfully into their new roles and teams. The course emphasizes cultural competency, communication skills, and the unique aspects of working in Canada\u2019s diverse healthcare environment."",""allowed"":1}]}","""1""","P","2024-12-22 14:23:15","2024-12-22 14:12:29"
"102","107","Program Overview","""""","{""program_overview"":[{""refId"":1,""icon"":""key-highlights-1672896291.svg"",""txt"":""Build Modern, Feature-Rich Android Apps\n Learn to design and develop intuitive, high-performance Android applications using Kotlin and Jetpack Compose, Google's latest toolkit for building native UIs."",""allowed"":1},{""refId"":2,""icon"":""key-highlights-1672896291.svg"",""txt"":""Accelerate Your Career in Mobile Development\n Acquire industry-relevant skills and knowledge to land top-paying roles as an Android developer in startups, tech giants, or as a freelancer."",""allowed"":1},{""refId"":3,""icon"":""key-highlights-1672896291.svg"",""txt"":""Master Jetpack Compose for UI Development\n Understand how to leverage Jetpack Compose for building dynamic, reactive, and maintainable UIs without XML."",""allowed"":1},{""refId"":4,""icon"":""key-highlights-1672896291.svg"",""txt"":""Learn the Latest Best Practices\n Stay ahead with cutting-edge practices in mobile app architecture, state management, and performance optimization using Kotlin and Jetpack libraries."",""allowed"":1},{""refId"":5,""icon"":""key-highlights-1672896291.svg"",""txt"":""Hands-On Learning with Real-World Projects\n Work on multiple capstone projects to showcase your skills, including feature implementation, API integration, and modern app architecture."",""allowed"":1},{""refId"":6,""icon"":""key-highlights-1672896291.svg"",""txt"":""Flexible Job Opportunities\n Expand your career options with skills that are in global demand, whether as a full-time developer or freelancer, offering flexibility and high earning potential."",""allowed"":1}]}","""1,2,3,4,5,6""","A","2025-01-08 14:14:34","2025-01-08 14:01:21"
"103","108","Program Overview","""""","{""program_overview"":[{""refId"":1,""icon"":""key-highlights-1672896291.svg"",""txt"":""Build Modern, Feature-Rich iOS Apps\n Learn to design and develop high-performance iOS applications using Swift and SwiftUI, Apple's powerful and intuitive development toolkit."",""allowed"":1},{""refId"":2,""icon"":""key-highlights-1672896291.svg"",""txt"":""Accelerate Your Career in Mobile Development\n Gain the skills and expertise to secure top-paying roles as an iOS developer in leading tech companies or as a freelancer."",""allowed"":1},{""refId"":3,""icon"":""key-highlights-1672896291.svg"",""txt"":""Master SwiftUI for UI Development\n Learn how to build dynamic, reactive, and maintainable UIs using the declarative syntax of SwiftUI."",""allowed"":1},{""refId"":4,""icon"":""key-highlights-1672896291.svg"",""txt"":""Learn the Latest iOS Development Practices\n Understand best practices for app architecture, state management, and performance optimization using Swift and Apple\u2019s ecosystem of tools."",""allowed"":1},{""refId"":5,""icon"":""key-highlights-1672896291.svg"",""txt"":""Hands-On Learning with Real-World Projects\n Apply your knowledge to real-world projects to gain practical experience and build a robust portfolio."",""allowed"":1},{""refId"":6,""icon"":""key-highlights-1672896291.svg"",""txt"":""Flexible Job Opportunities\n Position yourself for a global career as a full-time iOS developer or freelancer with skills that are in demand worldwide."",""allowed"":1}]}","""1,2,3,4,5,6""","A","2025-01-08 14:59:09","2025-01-08 15:01:51"
"104","109","Course Description","""""","{""program_overview"":[{""refId"":1,""icon"":""key-highlights-1672896291.svg"",""txt"":""This is a practical, zero-fluff training ground for sales managers, team leads, and reps ready to take control of revenue. It is built for people who are tired of sales theory and want to fix what is actually broken. "",""allowed"":1},{""refId"":2,""icon"":""key-highlights-1672896291.svg"",""txt"":""Missed targets, low-performing reps, dashboards that lie, hiring that does not work, and training that no one follows."",""allowed"":1},{""refId"":3,""icon"":""key-highlights-1672896291.svg"",""txt"":""We teach you what top sales leaders know but most never document: how to build a machine that sells every day without depending on a few star performers, or burning your team out."",""allowed"":1},{""refId"":4,""icon"":""key-highlights-1672896291.svg"",""txt"":""If you are managing a sales team, hiring one, scaling one, or planning to take one global, this course is for you."",""allowed"":1},{""refId"":5,""icon"":""key-highlights-1672896291.svg"",""txt"":""We regularly update the syllabus based on real-time market trends, evolving tools, and loopholes observed in real-world sales environments."",""allowed"":1}]}","""1,2,3,4,5""","A","2025-01-08 15:32:47","2025-06-21 13:06:51"
"105","110","Program Overview","""""","{""program_overview"":[{""refId"":1,""icon"":""key-highlights-1672896291.svg"",""txt"":""The course is designed to accommodate the schedules of busy legal professionals. Classes are held after regular work hours, allowing participants to balance their professional commitments with their learning objectives."",""allowed"":1},{""refId"":2,""icon"":""key-highlights-1672896291.svg"",""txt"":""This course offers a specialized curriculum focusing on the intersection of AI and law. It provides in-depth knowledge and practical skills required to effectively integrate AI into legal practice."",""allowed"":1},{""refId"":4,""icon"":""key-highlights-1672896291.svg"",""txt"":""The course instils a mindset of continuous learning and adaptation. Participants gain the skills to stay updated on the latest trends and advancements in AI, ensuring that their legal practice remains competitive and innovative in the evolving landscape."",""allowed"":1},{""refId"":5,""icon"":""key-highlights-1672896291.svg"",""txt"":""Participants receive personalized attention from instructors and trainers. They have the opportunity to ask questions, seek clarification, and receive detailed feedback on their assignments, creating a supportive learning environment."",""allowed"":1},{""refId"":6,""icon"":""key-highlights-1672896291.svg"",""txt"":""Through live online classes and in-class assignments, participants engage in hands-on learning experiences. This approach ensures that theoretical knowledge is applied in practical contexts, enhancing comprehension and retention."",""allowed"":1},{""refId"":7,""icon"":""key-highlights-1672896291.svg"",""txt"":""The course empowers participants to immediately apply their acquired skills in real-world scenarios. This includes tasks such as contract drafting, legal research optimization, and more, enabling them to add immediate value to their legal practice. For participants with advanced legal skills, the course opens avenues for remote freelance work in areas such as contract drafting, human resources, and international business clients. "",""allowed"":1},{""refId"":8,""icon"":""key-highlights-1672896291.svg"",""txt"":""Learn from active practitioners in the field."",""allowed"":1},{""refId"":9,""icon"":""key-highlights-1672896291.svg"",""txt"":""Learn practical insights from industry experts, some of them with decades of experience, and get your doubts cleared on the spot."",""allowed"":1},{""refId"":10,""icon"":""key-highlights-1672896291.svg"",""txt"":""Get internships, freelance work and jobs based on your outstanding skills and track record you build while studying with us"",""allowed"":1},{""refId"":11,""icon"":""key-highlights-1672896291.svg"",""txt"":""Get access to 200+ high quality templates that you can actually use to work with clients"",""allowed"":1},{""refId"":15,""icon"":""key-highlights-1672896291.svg"",""txt"":""Many of these skills are internationally relevant so doing this course has opened doors for doing international freelance work for many people, especially when combined with our courses like US Corporate Law or International Business Laws."",""allowed"":1}]}","""1,2,4,5,6,7,8,9,10,11,15""","A","2025-02-05 17:24:29","2026-01-31 16:01:21"
"106","111","Program Overview","""""","{""program_overview"":[{""refId"":1,""icon"":""key-highlights-1672896291.svg"",""txt"":""This course enables you to build your profile and work as a data analyst with startups, SMEs and large companies, top executives, as a well paid freelancer, and other remote opportunities."",""allowed"":1},{""refId"":2,""icon"":""key-highlights-1672896291.svg"",""txt"":""You don\u2019t have to be a software engineer, data scientist or lawyer to benefit from international remote work - people having skills and building profile in the ways taught in this course are always in great demand"",""allowed"":1},{""refId"":3,""icon"":""key-highlights-1672896291.svg"",""txt"":""You don\u2019t have to be a software engineer, data scientist or lawyer to benefit from international remote work - people having skills and building profile in the ways taught in this course are always in great demand"",""allowed"":1},{""refId"":4,""icon"":""key-highlights-1672896291.svg"",""txt"":""You don\u2019t have to be a software engineer, data scientist or lawyer to benefit from international remote work - people having skills and building profile in the ways taught in this course are always in great demand"",""allowed"":1},{""refId"":5,""icon"":""key-highlights-1672896291.svg"",""txt"":""We will teach in demand skills like machine learning and AI that will make you an integral part of big data companies and ensure that you are paid at least $40-$65 per hour"",""allowed"":1},{""refId"":6,""icon"":""key-highlights-1672896291.svg"",""txt"":""We will teach in demand skills like machine learning and AI that will make you an integral part of big data companies and ensure that you are paid at least $40-$65 per hour"",""allowed"":1},{""refId"":7,""icon"":""key-highlights-1672896291.svg"",""txt"":""We will teach in demand skills like machine learning and AI that will make you an integral part of big data companies and ensure that you are paid at least $40-$65 per hour"",""allowed"":1}]}","""1,2,3,4,5,6,7""","A","2025-02-19 20:27:50","2025-02-19 20:02:02"
"107","112","Program Overview",,,,"A","2025-03-16 08:14:11",
"108","113","Program Overview",,,,"A","2025-03-30 13:51:50",
"109","114","Program Overview",,,,"A","2025-04-12 11:54:41",
"110","115","Program Overview",,,,"A","2025-04-12 14:22:17",
"111","116","Program Overview",,,,"A","2025-04-12 15:17:06",
"112","117","Course Objective","""""","{""program_overview"":[{""refId"":1,""icon"":""key-highlights-1672896291.svg"",""txt"":""This course helps academic writers become high-value, globally-relevant professionals who support professors, think tanks, researchers, and startups by mastering 30+ practical academic, research, writing, and data automation skills.\nWe will train you in each of the following high-demand, high-income skills, divided into focused, skill-based learning modules:\n"",""allowed"":1}]}","""1""","P","2025-04-13 12:06:31","2025-04-13 12:04:33"
"113","118","Program Overview",,,,"A","2025-04-20 10:03:46",
"114","119","Program Overview",,,,"A","2025-04-20 13:31:36",
"115","120","Program Overview",,,,"A","2025-06-01 11:22:41",
"116","121","Program Overview",,,,"A","2025-07-14 16:31:55",
"117","122","Program Overview",,,,"A","2025-07-17 18:28:25",
"118","123","Program Overview",,,,"A","2025-07-18 19:25:47",
"119","124","Key highlights","""""","{""program_overview"":[{""refId"":1,""icon"":""key-highlights-1672896291.svg"",""txt"":""Perfect for commerce graduates, BCom\/MCom students, and anyone interested in learning modern accounting and bookkeeping skills"",""allowed"":1},{""refId"":3,""icon"":""key-highlights-1672896291.svg"",""txt"":""Specialized skills for working with Indian small and medium businesses across all industries"",""allowed"":1},{""refId"":4,""icon"":""key-highlights-1672896291.svg"",""txt"":""Handle 3-5 times more clients and earn a few lakhs per month working with Indian businesses"",""allowed"":1},{""refId"":5,""icon"":""key-highlights-1672896291.svg"",""txt"":""Master 21 essential AI automation skills that Indian businesses desperately need but cannot find"",""allowed"":1}]}","""1,3,4,5""","A","2025-07-20 12:02:41","2025-07-20 12:07:03"
"120","125","Key highlights","""""","{""program_overview"":[{""refId"":1,""icon"":""key-highlights-1672896291.svg"",""txt"":""Perfect for commerce graduates, BCom\/MCom students, and anyone interested in learning modern finance skills"",""allowed"":1},{""refId"":2,""icon"":""key-highlights-1672896291.svg"",""txt"":""Specialized skills for working with Indian small and medium businesses across all industries"",""allowed"":1},{""refId"":3,""icon"":""key-highlights-1672896291.svg"",""txt"":""Handle 3-5 times more clients and earn a few lakhs per month working with Indian businesses\n"",""allowed"":1},{""refId"":4,""icon"":""key-highlights-1672896291.svg"",""txt"":""Master 21 essential AI automation skills that Indian businesses desperately need but cannot find"",""allowed"":1}]}","""1,2,3,4""","A","2025-08-10 15:03:29","2025-08-10 15:08:28"
"121","126","Course Overview & Philosophy","""""","{""program_overview"":[{""refId"":1,""icon"":""key-highlights-1672896291.svg"",""txt"":""This course teaches MSME owners to create AI-powered tools that serve as growth engines, following proven frameworks like LawSikho's job board strategy. Participants will learn to choose and implement the right growth strategy for their business while building trust and generating organic leads."",""allowed"":1}]}","""1""","P","2025-08-17 12:55:40","2025-08-17 14:08:40"
"122","127","Program Overview",,,,"A","2025-08-17 17:21:01",
"123","128","Program Overview",,,,"A","2025-08-17 17:21:09",
"124","129","Program Overview",,,,"A","2025-08-31 12:25:25",
"125","130","Program Overview","""""","{""program_overview"":[{""refId"":1,""icon"":""key-highlights-1672896291.svg"",""txt"":""<b>Campus Immersion<\/b> \u2013 2 days campus immersion and certificate issuance ceremony at IIT Roorkee"",""allowed"":1},{""refId"":2,""icon"":""key-highlights-1672896291.svg"",""txt"":""<b>Official Student ID<\/b> \u2013 Get official student ID Card from iHub, IIT Roorkee"",""allowed"":1},{""refId"":3,""icon"":""key-highlights-1672896291.svg"",""txt"":""<b>Newsletter<\/b> \u2013 Get iHub, IIT Roorkee newsletter subscription"",""allowed"":1},{""refId"":4,""icon"":""key-highlights-1672896291.svg"",""txt"":""<b>Live Online Classes<\/b> \u2013 Master classes from IIT Faculties and Industry experts"",""allowed"":1}]}","""1,2,3,4""","A","2025-10-31 11:20:54","2025-12-01 20:12:55"
"126","131","Program Overview","""""","{""program_overview"":[{""refId"":1,""icon"":""key-highlights-1672896291.svg"",""txt"":""2 days campus immersion and certificate issuance ceremony at IIT Roorkee"",""allowed"":1},{""refId"":2,""icon"":""key-highlights-1672896291.svg"",""txt"":""Get Official student ID Card from iHub, IIT Roorkee"",""allowed"":1},{""refId"":3,""icon"":""key-highlights-1672896291.svg"",""txt"":""Get iHub, IIT Roorkee newsletter subscription"",""allowed"":1}]}","""1,2,3""","A","2025-10-31 14:25:22","2025-11-20 14:11:50"
"127","132","Program Overview","""""","{""program_overview"":[{""refId"":1,""icon"":""key-highlights-1672896291.svg"",""txt"":""2 days campus immersion and certificate issuance ceremony at IIT Roorkee"",""allowed"":1},{""refId"":2,""icon"":""key-highlights-1672896291.svg"",""txt"":""Get Official student ID Card from iHub, IIT Roorkee"",""allowed"":1},{""refId"":3,""icon"":""key-highlights-1672896291.svg"",""txt"":""Get iHub, IIT Roorkee newsletter subscription"",""allowed"":1}]}","""1,2,3""","A","2025-11-13 12:51:33","2025-11-20 14:11:01"
"128","133","Program Overview","""""","{""program_overview"":[{""refId"":1,""icon"":""key-highlights-1672896291.svg"",""txt"":""2 days campus immersion and certificate issuance ceremony at IIT Roorkee"",""allowed"":1},{""refId"":2,""icon"":""key-highlights-1672896291.svg"",""txt"":""Get Official student ID Card from iHub, IIT Roorkee"",""allowed"":1},{""refId"":3,""icon"":""key-highlights-1672896291.svg"",""txt"":""Get iHub, IIT Roorkee newsletter subscription"",""allowed"":1}]}","""1,2,3""","A","2025-11-19 18:17:40","2025-11-20 11:11:15"
"129","29","Program Overview","""""","{""program_overview"":[{""refId"":1,""icon"":""key-highlights-1672896291.svg"",""txt"":""Ofline basecamps for networking"",""allowed"":1},{""refId"":2,""icon"":""key-highlights-1672896291.svg"",""txt"":""Personalised resume feedback"",""allowed"":1},{""refId"":3,""icon"":""key-highlights-1672896291.svg"",""txt"":""Reviewing a term sheet & transactional documents both from the seller and buyer\u2019s perspective and understanding the key considerations."",""allowed"":1},{""refId"":4,""icon"":""key-highlights-1672896291.svg"",""txt"":""Additional readings on the latest developments in the market and concepts being discussed."",""allowed"":1},{""refId"":5,""icon"":""key-highlights-1672896291.svg"",""txt"":""Exercises on current transactions in newspapers and the impact of Covid-19 on the mergers and acquisitions landscape."",""allowed"":1},{""refId"":6,""icon"":""key-highlights-1672896291.svg"",""txt"":""Anecdotal discussions by our industrial academia panel about their experience in similar transactions."",""allowed"":1},{""refId"":7,""icon"":""key-highlights-1672896291.svg"",""txt"":""Complete coverage of different concepts and laws related to mergers and acquisitions."",""allowed"":1}]}","""1,2,3,4,5,6,7""","A","2025-11-21 12:35:33",
"130","134","Program Overview","""""","{""program_overview"":[{""refId"":1,""icon"":""key-highlights-1672896291.svg"",""txt"":""Campus Immersion \u2013 2 days campus immersion and certificate issuance ceremony at IIT Roorkee"",""allowed"":1},{""refId"":2,""icon"":""key-highlights-1672896291.svg"",""txt"":""Official Student ID \u2013 Get official student ID Card from iHub, IIT Roorkee"",""allowed"":1},{""refId"":3,""icon"":""key-highlights-1672896291.svg"",""txt"":""Newsletter \u2013 Get iHub, IIT Roorkee newsletter subscription"",""allowed"":1},{""refId"":4,""icon"":""key-highlights-1672896291.svg"",""txt"":"" Live Online Classes \u2013 Master classes from IIT Faculties and Industry experts"",""allowed"":1},{""refId"":5,""icon"":""key-highlights-1672896291.svg"",""txt"":""6-Month Specialized Training \u2013 Complete Executive Certification in Applied Investment Banking, Fundraising & Deal Advisory (24 weeks)"",""allowed"":1},{""refId"":6,""icon"":""key-highlights-1672896291.svg"",""txt"":""Industry-Standard Tools Mastery \u2013 Hands-on training in Excel, Power BI, and financial modeling techniques"",""allowed"":1},{""refId"":7,""icon"":""key-highlights-1672896291.svg"",""txt"":""Complete Corporate Finance-to-Investment Banking Progression \u2013 From financial analysis to advanced valuation and deal-making"",""allowed"":1},{""refId"":8,""icon"":""key-highlights-1672896291.svg"",""txt"":"" Financial Modeling & Valuation \u2013 Build 3-statement models, DCF valuations, and comparable analysis"",""allowed"":1},{""refId"":9,""icon"":""key-highlights-1672896291.svg"",""txt"":""Complete LMS Access \u2013 Digital study materials on web, Android & iOS apps (Online 24\/7 Access)"",""allowed"":1},{""refId"":10,""icon"":""key-highlights-1672896291.svg"",""txt"":""Unlimited Doubt Clearing \u2013 One-on-one sessions with mentors and instructors"",""allowed"":1},{""refId"":11,""icon"":""key-highlights-1672896291.svg"",""txt"":""Internship & Job Support \u2013 Placements, internships, and freelance opportunities throughout the learning journey"",""allowed"":1},{""refId"":15,""icon"":""key-highlights-1672896291.svg"",""txt"":""CV Enhancement & Interview Prep \u2013 Crafting standout CVs and enhancing interview skills"",""allowed"":1},{""refId"":16,""icon"":""key-highlights-1672896291.svg"",""txt"":""Professional Networking Coaching \u2013 Build strategic industry connections"",""allowed"":1},{""refId"":17,""icon"":""key-highlights-1672896291.svg"",""txt"":""Article Writing & Publishing Training \u2013 Establish thought leadership"",""allowed"":1},{""refId"":18,""icon"":""key-highlights-1672896291.svg"",""txt"":"" 3-Year Content Access \u2013 Stay updated with evolving finance tools and strategies"",""allowed"":1}]}","""1,2,3,4,5,6,7,8,9,10,11,15,16,17,18""","A","2025-11-28 10:57:32","2025-11-28 13:11:24"
"131","135","Program Overview",,,,"A","2025-11-28 11:25:50",
"132","136","Program Overview",,,,"A","2025-12-18 13:57:26",
"133","137","Program Overview",,,,"A","2026-02-01 13:53:33",
"134","138","Program Overview",,,,"A","2026-08-02 20:12:52",
"135","139","Program Overview",,,,"A","2026-08-10 17:15:03",
"136","140","Program Overview",,,,"A","2026-08-16 09:46:18",
"137","141","Program Overview",,,,"A","2026-08-16 09:59:12",
"138","142","Program Overview","""""","{""program_overview"":[{""refId"":1,""icon"":""key-highlights-1672896291.svg"",""txt"":""The course is designed to accommodate the schedules of busy professionals. Classes are held after regular work hours, allowing participants to balance their professional commitments with their learning objectives."",""allowed"":1},{""refId"":2,""icon"":""key-highlights-1672896291.svg"",""txt"":""This course offers a specialised curriculum focusing on the intersection of AI and the HR function. It provides in-depth knowledge and the practical skills required to effectively integrate AI into day-to-day HR work."",""allowed"":1},{""refId"":3,""icon"":""key-highlights-1672896291.svg"",""txt"":""Upon successful completion, participants receive a recognized certificate co-branded by the National Skill Development Corporation and Skill India. This certification validates their expertise in integrating AI to HR functions."",""allowed"":1},{""refId"":4,""icon"":""key-highlights-1672896291.svg"",""txt"":""The course instils a mindset of continuous learning and adaptation. Participants gain the skills to stay updated on the latest trends and advancements in AI, ensuring that their HR practice remains competitive and innovative in the evolving landscape."",""allowed"":1},{""refId"":5,""icon"":""key-highlights-1672896291.svg"",""txt"":""Participants receive personalized attention from instructors and trainers. They have the opportunity to ask questions, seek clarification, and receive feedback on their assignments, creating a supportive learning environment."",""allowed"":1},{""refId"":6,""icon"":""key-highlights-1672896291.svg"",""txt"":""Through live online classes and in-class assignments, participants engage in hands-on learning experiences. This approach ensures that theoretical knowledge is applied in practical contexts, enhancing comprehension and retention."",""allowed"":1},{""refId"":7,""icon"":""key-highlights-1672896291.svg"",""txt"":""The course empowers participants to immediately apply their acquired skills in real-world scenarios. This includes tasks such as policy drafting, onboarding and HR documentation, enabling them to add immediate value to their organisation or their clients. The course also opens avenues for remote freelance work with startups, consultancies and international clients."",""allowed"":1},{""refId"":8,""icon"":""key-highlights-1672896291.svg"",""txt"":""Learn practical insights from industry experts and get your doubts cleared on the spot.\n"",""allowed"":1},{""refId"":9,""icon"":""key-highlights-1672896291.svg"",""txt"":""Get internships, freelance work and jobs based on your outstanding skills and track record you build while studying with us."",""allowed"":1}]}","""1,2,3,4,5,6,7,8,9""","A","2026-08-21 16:15:17","2026-08-21 16:08:34"
