"id","course_id","assignment_portal_course_id","course_plan_type_id","added_date","modified_date","status","orginal_price","promotional_price","description","course_plan_position","btn_sign_up","btn_enroll_now","btn_complete_view","installment_facility","no_of_installment","lms_course_id","edmingle_course_id","view_details_link","is_assignment_portal_eligible","plan_has_alias","alias_course_id","show_promo_price","additional_price","wocommerce_id","curr_name"
"1","3","3","2","2022-12-09 07:32:36","2026-08-11 02:34:11","A","66000","","<p>-1 online live class/ week</p>

<p>-2 practical or drafting exercises per week</p>

<p>-Get digital access to entire study material</p>

<p>-Access on LMS, Android &amp; iOS app</p>

<p>-Instructor feedback on assignments</p>

<p>-Unlimited doubt clearing sessions.</p>

<p>-Instructor led course with online live classes</p>

<p>-Online exams (give exams as per your convenience on given time slots)</p>

<p>-Certificate (by courier)</p>

<p>-CV enhancement</p>

<p>-Coaching for professional networking</p>

<p>-Training for writing and publishing articles</p>

<p>-Internship &amp; Job Support</p>

<p>-Interview preparation guidance</p>

<p>-Access to updated content online for 3 years</p>

<p>-Top students are recommended to law firms and companies (as applicable)</p>","1","N","Y","N","N","0","undefined","23709","","Y","N","0","N",,"0","INR"
"2","2","2","2","2022-12-09 07:33:58","2025-03-30 06:20:22","A","40000","","<p>-Printed study material (by courier)</p>

<p>-1 online live class/ week</p>

<p>-2 practical or drafting exercises per week</p>

<p>-Get digital access to entire study material</p>

<p>-Access on LMS, Android &amp; iOS app</p>

<p>-Instructor feedback on assignments</p>

<p>-Unlimited doubt clearing sessions.</p>

<p>-Instructor led course with online live classes</p>

<p>-Online exams (give exams as per your convenience on given time slots)</p>

<p>-Certificate (by courier)</p>

<p>-CV enhancement</p>

<p>-Coaching for professional networking</p>

<p>-Training for writing and publishing articles</p>

<p>-Internship &amp; Job Support</p>

<p>-Interview preparation guidance</p>

<p>-Access to updated content online for 3 years</p>

<p>-Top students are recommended to law firms and companies (as applicable)</p>

<p>&nbsp;</p>","1","N","Y","N","N","0","undefined","23708","","Y","N","0","N",,"0","INR"
"3","4","4","2","2022-12-13 02:02:54","2023-09-01 08:44:38","D","50000","45000","<p>Why should you expand your clientele and practice beyond the national boundaries?&nbsp;</p>

<p>Doesn&rsquo;t that come only with years and years of experience?</p>

<p>How can you advise clients on laws of other countries when you aren&rsquo;t qualified to practise in that country?</p>

<p>Why does enforcement matter? Isn&rsquo;t it up to the litigators?</p>

<p>Well, there&rsquo;s no time like now to expand your practice beyond the barriers of your country.</p>

<p>Consider this: the global legal market is approximately USD 800 billion. The US, one of the huge legal markets, is around USD 300 billion. As against this, back home in India, our legal industry is only USD 2 billion in size.</p>

<p>This creates a great opportunity to cater to international markets, rather than just focussing on India or your home country.&nbsp;</p>","1","N","Y","N","Y","2","undefined","0","","N","N","0","Y",,"0","INR"
"4","6","6","2","2022-12-14 04:28:18","2026-01-30 10:54:28","A","69000","","<p>-1 online live class/ week</p>

<p>-2 practical or drafting exercises per week</p>

<p>-Get digital access to entire study material</p>

<p>Hardcopy study materials- available on additional charges.</p>

<p>-Access on LMS, Android &amp; iOS app</p>

<p>-Instructor feedback on assignments</p>

<p>-Unlimited doubt clearing sessions.</p>

<p>-Instructor led course with online live classes</p>

<p>-Online exams (give exams as per your convenience on given time slots)</p>

<p>-Certificate (by courier)</p>

<p>-CV enhancement</p>

<p>-Coaching for professional networking</p>

<p>-Training for writing and publishing articles</p>

<p>-Internship &amp; Job Support</p>

<p>-Interview preparation guidance</p>

<p>-Access to updated content online for 3 years</p>

<p>-Top students are recommended to law firms and companies (as applicable)</p>","1","N","Y","N","N","0","undefined","23700","","Y","N","0","N",,"0","INR"
"5","7","7","2","2022-12-14 05:12:17","2023-10-13 07:45:19","D","36600","","<p>Printed study material (by courier)</p>

<p>1 online live class/ week&nbsp;</p>

<p>60 mock test</p>

<p>2 practical or 1 drafting exercises per week&nbsp;</p>

<p>1 writing assignment</p>

<p>Get digital access to entire study material</p>

<p>Access on LMS, Android &amp; iOS app</p>

<p>Instructor feedback on assignments</p>

<p>Doubt clearing on WhatsApp, LMS &amp; classes</p>

<p>Instructor led course with online live classes</p>

<p>Online exams (give exams as per your convenience on given time slots)</p>

<p>CV enhancement</p>

<p>Coaching for professional networking</p>

<p>Training for writing and publishing articles</p>

<p>Internship &amp; Job Support</p>

<p>Interview preparation guidance</p>

<p>Networking with other students &amp; alumni</p>

<p>Access to updated content online for 3 years</p>

<p>Doubt clearing within 24 hours</p>

<p>Top students are recommended to law firms and companies</p>

<p>Internship and job support available</p>","1","N","Y","N","N","0","undefined","23706","","Y","N","0","N",,"0","INR"
"6","8","8","2","2022-12-14 05:54:18","2026-01-30 10:38:49","A","63000","","<p>-1 online live class/ week</p>

<p>-2 practical or drafting exercises per week</p>

<p>-Get digital access to entire study material</p>

<p>Hardcopy study materials- available on additional charges.</p>

<p>-Access on LMS, Android &amp; iOS app</p>

<p>-Instructor feedback on assignments</p>

<p>-Unlimited doubt clearing sessions.</p>

<p>-Instructor led course with online live classes</p>

<p>-Online exams (give exams as per your convenience on given time slots)</p>

<p>-Certificate (by courier)</p>

<p>-CV enhancement</p>

<p>-Coaching for professional networking</p>

<p>-Training for writing and publishing articles</p>

<p>-Internship &amp; Job Support</p>

<p>-Interview preparation guidance</p>

<p>-Access to updated content online for 3 years</p>

<p>-Top students are recommended to law firms and companies (as applicable)</p>","1","N","Y","N","N","0","undefined","23699","","Y","N","0","N",,"0","INR"
"7","9","9","2","2022-12-14 06:54:02","2023-10-13 06:50:54","D","50000","","<p>Printed study material (by courier)<br />
2 practical exercises/ Drafting exercises per week (24 weeks)<br />
6&nbsp; writing assignments&nbsp;<br />
1-2 online live class/week&nbsp;<br />
Get digital access to entire study material<br />
Access on LMS, Android &amp; iOS app<br />
Instructor feedback on assignments<br />
Doubt clearing on WhatsApp, LMS &amp; classes<br />
Instructor led course with online live classes<br />
Online exams (give exams as per your convenience on given time slots)<br />
Certificate (by courier)<br />
CV enhancement<br />
Coaching for professional networking<br />
Internship &amp; job support<br />
Interview preparation support<br />
Networking with students &amp; alumni<br />
Content access for 3 years<br />
Doubt clearing within 24 hours<br />
Top performers are recommended for jobs and client opportunities</p>","1","N","Y","N","N","0","undefined","23707","","Y","N","0","N",,"0","INR"
"8","10","10","2","2022-12-14 07:22:04","2025-03-22 06:32:41","A","40000","","<p>Get digital access to entire study material</p>

<p>Access on LMS, Android &amp; iOS app</p>

<p>2 online live class/ week (12&nbsp;weeks)</p>

<p>Instructor feedback on assignments</p>

<p>Doubt clearing on WhatsApp, LMS &amp; classes</p>

<p>Instructor led course with online live classes</p>

<p>Online exams (give exams as per your convenience on given time slots)</p>

<p>Access to updated content online for 3 years</p>","1","N","Y","N","N","0","undefined","23705","","Y","N","0","N",,"0","INR"
"9","11","11","2","2022-12-25 01:41:06","2025-12-14 07:30:28","A","60000","","<p>- 1 online live class/ week</p>

<p>- 2 practical or drafting exercises per week</p>

<p>- Get digital access to entire study material</p>

<p>- Hardcopy study materials- available on additional charges.</p>

<p>- Access on LMS, Android &amp; iOS app</p>

<p>- Instructor feedback on assignments</p>

<p>- Unlimited doubt clearing sessions.</p>

<p>- Instructor led course with online live classes</p>

<p>- Online exams (give exams as per your convenience on given time slots)</p>

<p>- Certificate (by courier)</p>

<p>- CV enhancement</p>

<p>- Coaching for professional networking</p>

<p>- Training for writing and publishing articles</p>

<p>- Internship &amp; Job Support</p>

<p>- Interview preparation guidance</p>

<p>- Access to updated content online for 3 years</p>

<p>- Top students are recommended to law firms and companies (as applicable)</p>","1","N","Y","N","N","0","undefined","23701","","Y","N","0","N",,"0","INR"
"10","12","12","2","2022-12-27 07:20:55","2026-08-03 05:29:29","A","52650","","<p>1 online live class/ week</p>

<p>2 practical or drafting exercises per week</p>

<p>Get digital access to entire study material</p>

<p>Access on LMS, Android &amp; iOS app</p>

<p>Instructor feedback on assignments</p>

<p>Unlimited doubt clearing sessions.</p>

<p>Instructor led course with online live classes</p>

<p>Online exams (give exams as per your convenience on given time slots)</p>

<p>Certificate (by courier)</p>

<p>CV enhancement</p>

<p>Coaching for professional networking</p>

<p>Training for writing and publishing articles</p>

<p>Internship &amp; Job Support</p>

<p>Interview preparation guidance</p>

<p>Access to updated content online for 3 years</p>

<p>Top students are recommended to law firms and companies (as applicable)</p>","1","N","Y","N","N","0","undefined","23710","","Y","N","0","N",,"0","INR"
"11","13","13","2","2022-12-28 01:06:51","2026-08-03 05:15:41","A","51000","","<p>- 1 online live class/ week</p>

<p>- 2 practical or drafting exercises per week</p>

<p>- Get digital access to entire study material</p>

<p>- Access on LMS, Android &amp; iOS app</p>

<p>- Instructor feedback on assignments</p>

<p>- Unlimited doubt clearing sessions.</p>

<p>- Instructor led course with online live classes</p>

<p>- Online exams (give exams as per your convenience on given time slots)</p>

<p>- Certificate (by courier)</p>

<p>- CV enhancement</p>

<p>- Coaching for professional networking</p>

<p>- Training for writing and publishing articles</p>

<p>- Internship &amp; Job Support</p>

<p>- Interview preparation guidance</p>

<p>- Access to updated content online for 3 years</p>

<p>- Top students are recommended to law firms and companies (as applicable)</p>","1","N","Y","N","N","0","undefined","23712","","Y","N","0","N",,"0","INR"
"12","14","14","2","2022-12-28 02:24:55","2026-01-30 10:59:32","A","66000","","<p>-1 online live class/ week</p>

<p>-2 practical or drafting exercises per week</p>

<p>-Get digital access to entire study material</p>

<p>-Hardcopy study materials- available on additional charges.</p>

<p>-Access on LMS, Android &amp; iOS app</p>

<p>-Instructor feedback on assignments</p>

<p>-Unlimited doubt clearing sessions.</p>

<p>-Instructor led course with online live classes</p>

<p>-Online exams (give exams as per your convenience on given time slots)</p>

<p>-Certificate (by courier)</p>

<p>-CV enhancement</p>

<p>-Coaching for professional networking</p>

<p>-Training for writing and publishing articles</p>

<p>-Internship &amp; Job Support</p>

<p>-Interview preparation guidance</p>

<p>-Access to updated content online for 3 years</p>

<p>-Top students are recommended to law firms and companies (as applicable)</p>","1","N","Y","N","N","0","undefined","23711","","Y","N","0","N",,"0","INR"
"13","15","186","2","2023-01-04 04:03:15","2023-03-06 04:42:45","A","1","","<p>test</p>","1","N","Y","N","N","0","222","23716","","Y","N","0","N",,"0","INR"
"14","16","187","2","2023-01-11 01:49:50","2026-01-30 10:42:18","A","66000","","<p>-1 online live class/ week</p>

<p>-2 practical or drafting exercises per week</p>

<p>-Get digital access to entire study material</p>

<p>Hardcopy study materials- available on additional charges.</p>

<p>-Access on LMS, Android &amp; iOS app</p>

<p>-Instructor feedback on assignments</p>

<p>-Unlimited doubt clearing sessions.</p>

<p>-Instructor led course with online live classes</p>

<p>-Online exams (give exams as per your convenience on given time slots)</p>

<p>-Certificate (by courier)</p>

<p>-CV enhancement</p>

<p>-Coaching for professional networking</p>

<p>-Training for writing and publishing articles</p>

<p>-Internship &amp; Job Support</p>

<p>-Interview preparation guidance</p>

<p>-Access to updated content online for 3 years</p>

<p>-Top students are recommended to law firms and companies (as applicable)</p>","1","N","Y","N","N","0","143470","24013","","Y","N","0","N",,"0","INR"
"15","17","188","2","2023-01-28 02:02:46","2025-03-22 06:10:16","A","56250","","<p>Instructor led course with online live classes<br />
3 online live classes per week (6 months)<br />
Get digital access to entire study material<br />
Printed study material (by courier)<br />
1 speaking and writing/presentation based assignment based on a real-life scenario in the IT industry/ startups + 1 outreach assignment<br />
Instructor feedback on assignments&nbsp;<br />
One-on-one in-line evaluations<br />
Access on LMS, Android &amp; iOS app<br />
Doubt clearing on Discord, LMS &amp; classes<br />
Online exams (give exams as per your convenience on given time slots)<br />
Certificate (by courier)<br />
Assistance to secure placement opportunities and remote freelance work&nbsp;<br />
Coaching for expanding your professional network<br />
Interview preparation support<br />
Content access for 3 years</p>","1","N","N","N","N","0","","24488","","Y","N","0","N",,"0","INR"
"16","18","189","2","2023-02-19 04:22:25","2026-08-03 05:23:38","A","35000","","<p>-1 online live class/ week</p>

<p>-2 practical or drafting exercises per week</p>

<p>-Get digital access to entire study material</p>

<p>-Access on LMS, Android &amp; iOS app</p>

<p>-Instructor feedback on assignments</p>

<p>-Unlimited doubt clearing sessions.</p>

<p>-Instructor led course with online live classes</p>

<p>-Online exams (give exams as per your convenience on given time slots)</p>

<p>-Certificate (by courier)</p>

<p>-CV enhancement</p>

<p>-Coaching for professional networking</p>

<p>-Training for writing and publishing articles</p>

<p>-Internship &amp; Job Support</p>

<p>-Interview preparation guidance</p>

<p>-Access to updated content online for 3 years</p>

<p>-Top students are recommended to law firms and companies (as applicable)</p>","1","N","Y","N","N","0","","25342","","Y","N","0","N",,"0","INR"
"17","19","190","2","2023-03-16 05:16:35","2025-03-22 05:59:32","A","35000","","<p>Instructor led course with online live classes.<br />
15hrs of live classes.<br />
Individual strategies and focus areas to crack the exam.<br />
Get digital access to entire study materials.<br />
Access on LMS, Android or iOS app.<br />
Doubt clearing on WhatsApp, LMS &amp; in classes.<br />
Access to updated content for 6 months (Subject to extension till 1st exam attempt)</p>","1","N","Y","N","N","0","","27100","","Y","N","0","N",,"0","INR"
"18","20","191","2","2023-03-23 12:48:37","2025-03-22 05:57:50","A","55400","","<p>1 online live class/ week (12 weeks)</p>

<p>2 practical assignments per week (12 weeks)</p>

<p>Get digital access to entire study material</p>

<p>Access on LMS, Android &amp; iOS app</p>

<p>Instructor feedback on assignments</p>

<p>Doubt clearing on Discord, LMS &amp; classes</p>

<p>Instructor led course with online live classes (recordings available)</p>

<p>Online exams (give exams as per your convenience on given time slots)</p>

<p>Certificate (by courier)</p>

<p>Training for writing and publishing articles</p>

<p>Access to updated content online for 3 years</p>","1","N","Y","N","N","0","","26241","","Y","N","0","N",,"0","INR"
"19","21","192","2","2023-04-10 07:00:32","2023-04-10 19:04:32","A","50000","","<p>Diploma in Legal English Communication - oratory, writing, listening and accuracy (From LawSIkho)</p>","1","N","Y","N","N","0","","0","","Y","N","0","N",,"0","INR"
"20","22","193","2","2023-04-19 03:43:26","2023-08-03 05:16:33","D","35000","","<p>2 online live class/ week (12 weeks)</p>

<p>2 practical assignments per week (12 weeks)</p>

<p>Get digital access to entire study material</p>

<p>Access on LMS, Android &amp; iOS app</p>

<p>Instructor feedback on assignments</p>

<p>Doubt clearing on Discord, LMS &amp; classes</p>

<p>Instructor led course with online live classes (recordings available)</p>

<p>Online exams (give exams as per your convenience on given time slots)</p>

<p>Certificate (by courier)</p>

<p>Training for writing and publishing articles</p>

<p>Networking with other students &amp; alumni</p>

<p>Access to updated content online for 3 years</p>

<p>Doubt clearing within 24 hours</p>","1","N","Y","N","N","0","","27311","","N","N","0","N",,"0","INR"
"21","23","194","2","2023-04-19 04:20:11","2026-08-03 05:20:46","A","63000","","<p>- 1 online live class/ week</p>

<p>- 2 practical or drafting exercises per week</p>

<p>- Get digital access to entire study material</p>

<p>- Access on LMS, Android &amp; iOS app</p>

<p>- Instructor feedback on assignments</p>

<p>- Unlimited doubt clearing sessions.</p>

<p>- Instructor led course with online live classes</p>

<p>- Online exams (give exams as per your convenience on given time slots)</p>

<p>- Certificate (by courier)</p>

<p>- CV enhancement</p>

<p>- Coaching for professional networking</p>

<p>- Training for writing and publishing articles</p>

<p>- Internship &amp; Job Support</p>

<p>- Interview preparation guidance</p>

<p>- Access to updated content online for 3 years</p>

<p>- Top students are recommended to law firms and companies (as applicable)</p>","1","N","Y","N","N","0","","27323","","Y","N","0","N",,"0","INR"
"22","24","195","2","2023-04-19 05:25:35","2026-01-30 11:04:16","A","63000","","<p>-1 online live class/ week</p>

<p>-2 practical or drafting exercises per week</p>

<p>-Get digital access to entire study material</p>

<p>-Hardcopy study materials- available on additional charges.</p>

<p>-Access on LMS, Android &amp; iOS app</p>

<p>-Instructor feedback on assignments</p>

<p>-Unlimited doubt clearing sessions.</p>

<p>-Instructor led course with online live classes</p>

<p>-Online exams (give exams as per your convenience on given time slots)</p>

<p>-Certificate (by courier)</p>

<p>-CV enhancement</p>

<p>-Coaching for professional networking</p>

<p>-Training for writing and publishing articles</p>

<p>-Internship &amp; Job Support</p>

<p>-Interview preparation guidance</p>

<p>-Access to updated content online for 3 years</p>

<p>-Top students are recommended to law firms and companies (as applicable)</p>","1","N","Y","N","N","0","","27336","","Y","N","0","N",,"0","INR"
"23","25","196","2","2023-04-20 12:57:47","2026-01-30 10:56:48","A","63000","","<p>-1 online live class/ week</p>

<p>-2 practical or drafting exercises per week</p>

<p>-Get digital access to entire study material</p>

<p>Hardcopy study materials- available on additional charges.</p>

<p>-Access on LMS, Android &amp; iOS app</p>

<p>-Instructor feedback on assignments</p>

<p>-Unlimited doubt clearing sessions.</p>

<p>-Instructor led course with online live classes</p>

<p>-Online exams (give exams as per your convenience on given time slots)</p>

<p>-Certificate (by courier)</p>

<p>-CV enhancement</p>

<p>-Coaching for professional networking</p>

<p>-Training for writing and publishing articles</p>

<p>-Internship &amp; Job Support</p>

<p>-Interview preparation guidance</p>

<p>-Access to updated content online for 3 years</p>

<p>-Top students are recommended to law firms and companies (as applicable)</p>","1","N","Y","N","N","0","","27354","","Y","N","0","N",,"0","INR"
"24","26","197","2","2023-04-28 08:44:07","2026-01-30 10:53:42","A","56250","","<p>-1 online live class/ week</p>

<p>-2 practical or drafting exercises per week</p>

<p>-Get digital access to entire study material</p>

<p>Hardcopy study materials- available on additional charges.</p>

<p>-Access on LMS, Android &amp; iOS app</p>

<p>-Instructor feedback on assignments</p>

<p>-Unlimited doubt clearing sessions.</p>

<p>-Instructor led course with online live classes</p>

<p>-Online exams (give exams as per your convenience on given time slots)</p>

<p>-Certificate (by courier)</p>

<p>-CV enhancement</p>

<p>-Coaching for professional networking</p>

<p>-Training for writing and publishing articles</p>

<p>-Internship &amp; Job Support</p>

<p>-Interview preparation guidance</p>

<p>-Access to updated content online for 3 years</p>

<p>-Top students are recommended to law firms and companies (as applicable)</p>","1","N","Y","N","N","0","","27564","","Y","N","0","N",,"0","INR"
"25","27","198","2","2023-05-20 02:08:09","2026-08-03 05:44:45","A","56250","","<p>- 1 online live class/ week</p>

<p>- 2 practical or drafting exercises per week</p>

<p>- Get digital access to entire study material</p>

<p>- Access on LMS, Android &amp; iOS app</p>

<p>- Instructor feedback on assignments</p>

<p>- Unlimited doubt clearing sessions.</p>

<p>- Instructor led course with online live classes</p>

<p>- Online exams (give exams as per your convenience on given time slots)</p>

<p>- Certificate (by courier)</p>

<p>- CV enhancement</p>

<p>- Coaching for professional networking</p>

<p>- Training for writing and publishing articles</p>

<p>- Internship &amp; Job Support</p>

<p>- Interview preparation guidance</p>

<p>- Access to updated content online for 3 years</p>

<p>- Top students are recommended to law firms and companies (as applicable)</p>","1","N","Y","N","N","0","","28810","","Y","N","0","N",,"0","INR"
"26","28","199","2","2023-05-21 12:31:58","2026-08-03 05:21:26","A","63000","","<p>- 1 online live class/ week</p>

<p>- 2 practical or drafting exercises per week</p>

<p>- Get digital access to entire study material</p>

<p>- Access on LMS, Android &amp; iOS app</p>

<p>- Instructor feedback on assignments</p>

<p>- Unlimited doubt clearing sessions.</p>

<p>- Instructor led course with online live classes</p>

<p>- Online exams (give exams as per your convenience on given time slots)</p>

<p>- Certificate (by courier)</p>

<p>- CV enhancement</p>

<p>- Coaching for professional networking</p>

<p>- Training for writing and publishing articles</p>

<p>- Internship &amp; Job Support</p>

<p>- Interview preparation guidance</p>

<p>- Access to updated content online for 3 years</p>

<p>- Top students are recommended to law firms and companies (as applicable</p>","1","N","Y","N","N","0","","28877","","Y","N","0","N",,"0","INR"
"27","29","200","2","2023-06-08 08:16:49","2025-11-21 12:11:00","A","1","1","<p>Test plan</p>","1","N","Y","N","N","0","","26154","","Y","N","0","N",,"0","INR"
"28","30","201","2","2023-08-03 05:13:52","2026-01-30 11:07:02","A","66000","","<p>-1 online live class/ week</p>

<p>-2 practical or drafting exercises per week</p>

<p>-Get digital access to entire study material</p>

<p>-Hardcopy study materials- available on additional charges.</p>

<p>-Access on LMS, Android &amp; iOS app</p>

<p>-Instructor feedback on assignments</p>

<p>-Unlimited doubt clearing sessions.</p>

<p>-Instructor led course with online live classes</p>

<p>-Online exams (give exams as per your convenience on given time slots)</p>

<p>-Certificate (by courier)</p>

<p>-CV enhancement</p>

<p>-Coaching for professional networking</p>

<p>-Training for writing and publishing articles</p>

<p>-Internship &amp; Job Support</p>

<p>-Interview preparation guidance</p>

<p>-Access to updated content online for 3 years</p>

<p>-Top students are recommended to law firms and companies (as applicable)</p>","1","N","Y","N","N","0","","27311","","Y","N","0","N",,"0","INR"
"29","31","203","2","2023-08-03 08:22:37","2026-01-30 10:43:08","A","66000","","<p>- 1 online live class/ week</p>

<p>- 2 practical or drafting exercises per week</p>

<p>- Get digital access to entire study material</p>

<p>Hardcopy study materials- available on additional charges.</p>

<p>- Access on LMS, Android &amp; iOS app</p>

<p>- Instructor feedback on assignments</p>

<p>- Unlimited doubt clearing sessions.</p>

<p>- Instructor led course with online live classes</p>

<p>- Online exams (give exams as per your convenience on given time slots)</p>

<p>- Certificate (by courier)</p>

<p>- CV enhancement</p>

<p>- Coaching for professional networking</p>

<p>- Training for writing and publishing articles</p>

<p>- Internship &amp; Job Support</p>

<p>- Interview preparation guidance</p>

<p>- Access to updated content online for 3 years</p>

<p>- Top students are recommended to law firms and companies (as applicable)</p>","1","N","Y","N","N","0","","26241","","Y","N","0","N",,"0","INR"
"30","33","204","2","2023-08-10 05:12:43","2026-08-03 05:20:06","A","60000","","<p>-1 online live class/ week</p>

<p>-2 practical or drafting exercises per week</p>

<p>-Get digital access to entire study material</p>

<p>-Access on LMS, Android &amp; iOS app</p>

<p>-Instructor feedback on assignments</p>

<p>-Unlimited doubt clearing sessions.</p>

<p>-Instructor led course with online live classes</p>

<p>-Online exams (give exams as per your convenience on given time slots)</p>

<p>-Certificate (by courier)</p>

<p>-CV enhancement</p>

<p>-Coaching for professional networking</p>

<p>-Training for writing and publishing articles</p>

<p>-Internship &amp; Job Support</p>

<p>-Interview preparation guidance</p>

<p>-Access to updated content online for 3 years</p>

<p>-Top students are recommended to law firms and companies (as applicable)</p>","1","N","Y","N","N","0","","33153","","Y","N","0","N",,"0","INR"
"31","34","205","2","2023-08-19 01:47:44","2026-01-30 11:21:36","A","63000","","<p>- 1 online live class/ week</p>

<p>- 2 practical or drafting exercises per week</p>

<p>- Get digital access to entire study material</p>

<p>Hardcopy study materials- available on additional charges.</p>

<p>- Access on LMS, Android &amp; iOS app</p>

<p>- Instructor feedback on assignments</p>

<p>- Unlimited doubt clearing sessions.</p>

<p>- Instructor led course with online live classes</p>

<p>- Online exams (give exams as per your convenience on given time slots)</p>

<p>- Certificate (by courier)</p>

<p>- CV enhancement</p>

<p>- Coaching for professional networking</p>

<p>- Training for writing and publishing articles</p>

<p>- Internship &amp; Job Support</p>

<p>- Interview preparation guidance</p>

<p>- Access to updated content online for 3 years</p>

<p>- Top students are recommended to law firms and companies (as applicable)</p>","1","N","Y","N","N","0","","23705","","Y","N","0","N",,"0","INR"
"32","35","207","2","2023-08-31 10:03:31","2026-08-03 05:44:09","A","69000","","<p>- 1 online live class/ week</p>

<p>- 2 practical or drafting exercises per week</p>

<p>- Get digital access to entire study material</p>

<p>- Access on LMS, Android &amp; iOS app</p>

<p>- Instructor feedback on assignments</p>

<p>- Unlimited doubt clearing sessions.</p>

<p>- Instructor led course with online live classes</p>

<p>- Online exams (give exams as per your convenience on given time slots)</p>

<p>- Certificate (by courier)</p>

<p>- CV enhancement</p>

<p>- Coaching for professional networking</p>

<p>- Training for writing and publishing articles</p>

<p>- Internship &amp; Job Support</p>

<p>- Interview preparation guidance</p>

<p>- Access to updated content online for 3 years</p>

<p>- Top students are recommended to law firms and companies (as applicable</p>","1","N","Y","N","N","0","","33684","","Y","N","0","N",,"0","INR"
"33","36","206","2","2023-09-01 04:59:04","2026-08-03 05:42:53","A","66000","","<p>-1 online live class/ week</p>

<p>-2 practical or drafting exercises per week</p>

<p>-Get digital access to entire study material</p>

<p>-Access on LMS, Android &amp; iOS app</p>

<p>-Instructor feedback on assignments</p>

<p>-Unlimited doubt clearing sessions.</p>

<p>-Instructor led course with online live classes</p>

<p>-Online exams (give exams as per your convenience on given time slots)</p>

<p>-Certificate (by courier)</p>

<p>-CV enhancement</p>

<p>-Coaching for professional networking</p>

<p>-Training for writing and publishing articles</p>

<p>-Internship &amp; Job Support</p>

<p>-Interview preparation guidance</p>

<p>-Access to updated content online for 3 years</p>

<p>-Top students are recommended to law firms and companies (as applicable)</p>","1","N","Y","N","N","0","","33686","","Y","N","0","N",,"0","INR"
"34","37","208","2","2023-10-13 07:36:34","2026-08-03 05:22:09","A","66000","","<p>2 practical exercises/ Drafting exercises per week</p>

<p>Article writing assignments (on request)</p>

<p>1 online live class/week&nbsp;</p>

<p>Get digital access to entire study material</p>

<p>Access on LMS, Android &amp; iOS app</p>

<p>Instructor feedback on assignments</p>

<p>Unlimited doubt clearing sessions.</p>

<p>Instructor led course with online live classes</p>

<p>Online exams (give exams as per your convenience on given time slots)</p>

<p>Certificate (by courier)</p>

<p>CV enhancement</p>

<p>Coaching for professional networking</p>

<p>Internship &amp; Job Support</p>

<p>Interview preparation support</p>

<p>Content access for 3 years</p>

<p>Top performers are recommended for jobs and client opportunities (as applicable)</p>","1","N","Y","N","N","0","","23707","","Y","N","0","N",,"0","INR"
"35","38","209","2","2023-10-13 08:17:06","2026-08-11 02:44:36","A","51000","","<p>1 online live class/ week&nbsp;</p>

<p>60 mock test</p>

<p>2 practical or 1 drafting exercises per week&nbsp;</p>

<p>1 writing assignment</p>

<p>Get digital access to entire study material</p>

<p>Access on LMS, Android &amp; iOS app</p>

<p>Instructor feedback on assignments</p>

<p>Doubt clearing on WhatsApp, LMS &amp; classes</p>

<p>Instructor led course with online live classes</p>

<p>Online exams (give exams as per your convenience on given time slots)</p>

<p>CV enhancement</p>

<p>Coaching for professional networking</p>

<p>Training for writing and publishing articles</p>

<p>Internship &amp; Job Support</p>

<p>Interview preparation guidance</p>

<p>Access to updated content online for 3 years</p>

<p>Top students are recommended to law firms and companies</p>

<p>Internship and job support available</p>","1","N","Y","N","N","0","","23706","","Y","N","0","N",,"0","INR"
"36","39","210","2","2023-10-28 05:10:28","2025-03-23 08:08:18","A","63000","","<p>Instructor led course with online live classes</p>

<p>Online exams (give exams as per your convenience on given time slots)</p>

<p>1 online live class/ week (24&nbsp;weeks)</p>

<p>2 practical exercises per week (24&nbsp;weeks - total 48&nbsp;Exercises)</p>

<p>Hard copy certificate (by courier)</p>

<p>Printed study material (by courier)</p>

<p>Course completion criteria: Complete 50 percent of the total exercises (72 exercises to be completed) along with MCQs test.</p>

<p>6 content writing assignments (optional)</p>

<p>Get digital access to entire study material</p>

<p>Access on LMS, Android &amp; iOS app</p>

<p>Instructor-feedback on assignments</p>

<p>Doubt-clearing on Discord, LMS &amp; classes</p>

<p>Placement assistance for internship, jobs and referrals CV enhancement</p>

<p>Networking opportunities with other students &amp; alumni and further guidance on professional networking</p>

<p>Training for writing and publishing articles, making profile and taking work on freelance platforms, etc</p>","1","N","Y","N","N","0","","35501","","Y","N","0","N",,"0","INR"
"37","40","211","2","2023-10-28 05:54:46","2026-08-03 05:41:08","A","66000","","<p>- 1 online live class/ week</p>

<p>- 2 practical or drafting exercises per week</p>

<p>- Get digital access to entire study material</p>

<p>- Access on LMS, Android &amp; iOS app</p>

<p>- Instructor feedback on assignments</p>

<p>- Unlimited doubt clearing sessions.</p>

<p>- Instructor led course with online live classes</p>

<p>- Online exams (give exams as per your convenience on given time slots)</p>

<p>- Certificate (by courier)</p>

<p>- CV enhancement</p>

<p>- Coaching for professional networking</p>

<p>- Training for writing and publishing articles</p>

<p>- Internship &amp; Job Support</p>

<p>- Interview preparation guidance</p>

<p>- Access to updated content online for 3 years</p>

<p>- Top students are recommended to law firms and companies (as applicable)</p>","1","N","Y","N","N","0","","35502","","Y","N","0","N",,"0","INR"
"38","41","212","2","2023-12-22 08:38:50","2026-08-03 05:41:46","A","51000","","<p>-1 online live class/ week</p>

<p>-2 practical or drafting exercises per week</p>

<p>-Get digital access to entire study material</p>

<p>-Access on LMS, Android &amp; iOS app</p>

<p>-Instructor feedback on assignments</p>

<p>-Unlimited doubt clearing sessions.</p>

<p>-Instructor led course with online live classes</p>

<p>-Online exams (give exams as per your convenience on given time slots)</p>

<p>-Certificate (by courier)</p>

<p>-CV enhancement</p>

<p>-Coaching for professional networking</p>

<p>-Training for writing and publishing articles</p>

<p>-Internship &amp; Job Support</p>

<p>-Interview preparation guidance</p>

<p>-Access to updated content online for 3 years</p>

<p>-Top students are recommended to law firms and companies (as applicable)</p>","1","N","Y","N","N","0","","37163","","Y","N","0","N",,"0","INR"
"39","42","213","2","2023-12-22 09:04:01","2026-08-03 05:24:19","A","60000","","<p>- 1 online live class/ week</p>

<p>- 2 practical or drafting exercises per week</p>

<p>- Get digital access to entire study material</p>

<p>- Access on LMS, Android &amp; iOS app</p>

<p>- Instructor feedback on assignments</p>

<p>- Unlimited doubt clearing sessions.</p>

<p>- Instructor led course with online live classes</p>

<p>- Online exams (give exams as per your convenience on given time slots)</p>

<p>- Certificate (by courier)</p>

<p>- CV enhancement</p>

<p>- Coaching for professional networking</p>

<p>- Training for writing and publishing articles</p>

<p>- Internship &amp; Job Support</p>

<p>- Interview preparation guidance</p>

<p>- Access to updated content online for 3 years</p>

<p>- Top students are recommended to law firms and companies (as applicable)</p>","1","N","Y","N","N","0","","37162","","Y","N","0","N",,"0","INR"
"40","43","214","2","2023-12-22 09:23:40","2026-08-03 05:18:16","A","35000","","<p>- 1 online live class/ week</p>

<p>- 2 practical or drafting exercises per week</p>

<p>- Get digital access to entire study material</p>

<p>- Access on LMS, Android &amp; iOS app</p>

<p>- Instructor feedback on assignments</p>

<p>- Unlimited doubt clearing sessions.</p>

<p>- Instructor led course with online live classes</p>

<p>- Online exams (give exams as per your convenience on given time slots)</p>

<p>- Certificate (by courier)</p>

<p>- CV enhancement</p>

<p>- Coaching for professional networking</p>

<p>- Training for writing and publishing articles</p>

<p>- Internship &amp; Job Support</p>

<p>- Interview preparation guidance</p>

<p>- Access to updated content online for 3 years</p>

<p>- Top students are recommended to law firms and companies (as applicable)</p>","1","N","Y","N","N","0","","37161","","Y","N","0","N",,"0","INR"
"41","44","215","2","2024-01-28 12:09:38","2025-03-22 04:52:32","A","51000","","<p>2 online live class/ week (24 weeks)</p>

<p>2 practical exercises per week</p>

<p>Get digital access to entire study material</p>

<p>Access on LMS, Android &amp; iOS app</p>

<p>Instructor feedback on assignments</p>

<p>Doubt clearing on LMS &amp; classes</p>

<p>Instructor led course with online live classes</p>

<p>Online exams (give exams as per your convenience on given time slots)</p>

<p>Certificate (by courier)</p>

<p>Access to updated content online for 3 years</p>","1","N","Y","N","N","0","","38270","","Y","N","0","N",,"0","INR"
"42","45","216","2","2024-03-17 11:06:31","2026-08-11 02:32:37","A","63000","","<p>- 1 online live class/ week</p>

<p>- 2 practical or drafting exercises per week</p>

<p>- Get digital access to entire study material</p>

<p>- Access on LMS, Android &amp; iOS app</p>

<p>- Instructor feedback on assignments</p>

<p>- Unlimited doubt clearing sessions.</p>

<p>- Instructor led course with online live classes</p>

<p>- Online exams (give exams as per your convenience on given time slots)</p>

<p>- Certificate (by courier)</p>

<p>- CV enhancement</p>

<p>- Coaching for professional networking</p>

<p>- Training for writing and publishing articles</p>

<p>- Internship &amp; Job Support</p>

<p>- Interview preparation guidance</p>

<p>- Access to updated content online for 3 years</p>

<p>- Top students are recommended to law firms and companies (as applicable)</p>","1","N","Y","N","N","0","39996","0","","Y","N","0","N",,"0","INR"
"43","46","217","2","2024-04-14 10:28:03","2024-04-14 10:04:21","A","51000","","<p>2 online live class/ week (24 weeks)</p>

<p>2 practical exercises per week&nbsp;</p>

<p>Get digital access to entire study material</p>

<p>Access on LMS, Android &amp; iOS app</p>

<p>Instructor feedback on assignments</p>

<p>Doubt clearing on LMS &amp; classes</p>

<p>Instructor led course with online live classes</p>

<p>Online exams (give exams as per your convenience on given time slots)</p>

<p>Certificate (by courier)</p>

<p>Access to updated content online for 3 years</p>

<p>Doubt clearing within 24 hours</p>","1","N","N","N","N","0","","41233","","Y","N","0","N",,"0","INR"
"44","47","218","2","2024-04-20 11:52:57","2026-08-11 02:58:34","A","55000","","<p>-1 online live class/ week</p>

<p>-2 practical or drafting exercises per week</p>

<p>-Get digital access to entire study material</p>

<p>-Access on LMS, Android &amp; iOS app</p>

<p>-Instructor feedback on assignments</p>

<p>-Unlimited doubt clearing sessions.</p>

<p>-Instructor led course with online live classes</p>

<p>-Online exams (give exams as per your convenience on given time slots)</p>

<p>-Certificate (by courier)</p>

<p>-CV enhancement</p>

<p>-Coaching for professional networking</p>

<p>-Training for writing and publishing articles</p>

<p>-Internship &amp; Job Support</p>

<p>-Interview preparation guidance</p>

<p>-Access to updated content online for 3 years</p>

<p>-Top students are recommended to law firms and companies (as applicable)</p>","1","N","Y","N","N","0","","41493","","Y","N","0","N",,"0","INR"
"45","48","219","2","2024-05-18 06:57:37","2026-08-11 02:39:04","A","66000","","<p>- 1 online live class/ week</p>

<p>- 2 practical or drafting exercises per week</p>

<p>- Get digital access to entire study material</p>

<p>- Access on LMS, Android &amp; iOS app</p>

<p>- Instructor feedback on assignments</p>

<p>- Unlimited doubt clearing sessions.</p>

<p>- Instructor led course with online live classes</p>

<p>- Online exams (give exams as per your convenience on given time slots)</p>

<p>- Certificate (by courier)</p>

<p>- CV enhancement</p>

<p>- Coaching for professional networking</p>

<p>- Training for writing and publishing articles</p>

<p>- Internship &amp; Job Support</p>

<p>- Interview preparation guidance</p>

<p>- Access to updated content online for 3 years</p>

<p>- Top students are recommended to law firms and companies (as applicable)</p>","1","N","Y","N","N","0","","42473","","Y","N","0","N",,"0","INR"
"46","49","220","2","2024-05-21 04:44:14","2025-03-22 04:41:02","A","60000","","<p>Printed study material (by courier)</p>

<p>1&nbsp;online live class/ week (24 weeks)</p>

<p>2 practical or drafting exercises per week (18 weeks)</p>

<p>3 writing assignments (6 weeks)</p>

<p>Get digital access to entire study material</p>

<p>Access on LMS, Android &amp; iOS app</p>

<p>Instructor feedback on assignments</p>

<p>Doubt clearing on WhatsApp, LMS &amp; classes</p>

<p>Instructor led course with online live classes</p>

<p>Online exams (give exams as per your convenience on given time slots)</p>

<p>Certificate (by courier)</p>

<p>CV enhancement</p>

<p>Coaching for professional networking</p>

<p>Training for writing and publishing articles</p>

<p>Internship &amp; Job Support</p>

<p>Interview preparation guidance</p>

<p>Access to updated content online for 3 years</p>

<p>Top students are recommended to law firms and companies</p>",,"N","Y","N","N","0","","42574","","Y","N","0","N",,"0","INR"
"47","50","221","2","2024-05-21 06:17:05","2025-03-22 04:40:34","A","60000","","<p>Printed study material (by courier)</p>

<p>2 practical exercises/ Drafting exercises per week (24 weeks)</p>

<p>1-2 online live class/week&nbsp;</p>

<p>Get digital access to entire study material</p>

<p>Access on LMS, Android &amp; iOS app</p>

<p>Instructor feedback on assignments</p>

<p>Doubt clearing on WhatsApp, LMS &amp; classes</p>

<p>Instructor led course with online live classes</p>

<p>Online exams (give exams as per your convenience on given time slots)</p>

<p>Certificate (by courier)</p>

<p>CV enhancement</p>

<p>Coaching for professional networking</p>

<p>Internship &amp; job support</p>

<p>Interview preparation support</p>

<p>Content access for 3 years</p>

<p>Top performers are recommended for jobs and client opportunities</p>","1","N","Y","N","N","0","","42573","","Y","N","0","N",,"0","INR"
"48","51","222","2","2024-06-02 01:42:48","2026-08-11 03:20:52","A","60000","","<p>- 1 online live class/ week</p>

<p>- 2 practical or drafting exercises per week</p>

<p>- Get digital access to entire study material</p>

<p>- Access on LMS, Android &amp; iOS app</p>

<p>- Instructor feedback on assignments</p>

<p>- Unlimited doubt clearing sessions.</p>

<p>- Instructor led course with online live classes</p>

<p>- Online exams (give exams as per your convenience on given time slots)</p>

<p>- Certificate (by courier)</p>

<p>- CV enhancement</p>

<p>- Coaching for professional networking</p>

<p>- Training for writing and publishing articles</p>

<p>- Internship &amp; Job Support</p>

<p>- Interview preparation guidance</p>

<p>- Access to updated content online for 3 years</p>

<p>- Top students are recommended to law firms and companies (as applicable)</p>","1","N","Y","N","N","0","","43030","","Y","N","0","N",,"0","INR"
"49","52","223","2","2024-06-02 02:01:53","2026-08-11 03:08:52","A","60000","","<p>- 1 online live class/ week</p>

<p>- 2 practical or drafting exercises per week</p>

<p>- Get digital access to entire study material</p>

<p>- Access on LMS, Android &amp; iOS app</p>

<p>- Instructor feedback on assignments</p>

<p>- Unlimited doubt clearing sessions.</p>

<p>- Instructor led course with online live classes</p>

<p>- Online exams (give exams as per your convenience on given time slots)</p>

<p>- Certificate (by courier)</p>

<p>- CV enhancement</p>

<p>- Coaching for professional networking</p>

<p>- Training for writing and publishing articles</p>

<p>- Internship &amp; Job Support</p>

<p>- Interview preparation guidance</p>

<p>- Access to updated content online for 3 years</p>

<p>- Top students are recommended to law firms and companies (as applicable)</p>","1","N","Y","N","N","0","","43031","","Y","N","0","N",,"0","INR"
"50","54","225","2","2024-06-28 02:20:00","2026-08-11 02:29:16","A","63000","","<p>- 1 online live class/ week</p>

<p>- 2 practical or drafting exercises per week</p>

<p>- Get digital access to entire study material</p>

<p>- Access on LMS, Android &amp; iOS app</p>

<p>- Instructor feedback on assignments</p>

<p>- Unlimited doubt clearing sessions.</p>

<p>- Instructor led course with online live classes</p>

<p>- Online exams (give exams as per your convenience on given time slots)</p>

<p>- Certificate (by courier)</p>

<p>- CV enhancement</p>

<p>- Coaching for professional networking</p>

<p>- Training for writing and publishing articles</p>

<p>- Internship &amp; Job Support</p>

<p>- Interview preparation guidance</p>

<p>- Access to updated content online for 3 years</p>

<p>- Top students are recommended to law firms and companies (as applicable)</p>","1","N","Y","N","N","0","","44274","","Y","N","0","N",,"0","INR"
"51","55","226","2","2024-06-29 03:40:29","2026-08-03 05:40:36","A","51000","","<p>-1 online live class/ week</p>

<p>-2 practical or drafting exercises per week</p>

<p>-Get digital access to entire study material</p>

<p>-Access on LMS, Android &amp; iOS app</p>

<p>-Instructor feedback on assignments</p>

<p>-Unlimited doubt clearing sessions.</p>

<p>-Instructor led course with online live classes</p>

<p>-Online exams (give exams as per your convenience on given time slots)</p>

<p>-Certificate (by courier)</p>

<p>-CV enhancement</p>

<p>-Coaching for professional networking</p>

<p>-Training for writing and publishing articles</p>

<p>-Internship &amp; Job Support</p>

<p>-Interview preparation guidance</p>

<p>-Access to updated content online for 3 years</p>

<p>-Top students are recommended to law firms and companies (as applicable)</p>","1","N","Y","N","N","0","","41233","","Y","N","0","N",,"0","INR"
"52","56","227","2","2024-07-13 01:06:26","2024-08-27 05:59:24","A","4000","","<style type=""text/css"">.duration_holder .extraBold, .course_plan_box h4, #course_prce_popup {
  position: relative;
  visibility: hidden;
text-indent: -9999px;
}
.duration_holder .extraBold::before, #course_prce_popup::before {
  content: ""Course fee: - USD 2499"";
  visibility: visible;
}
.course_plan_box h4::before {
  content: ""USD 2499"";
  visibility: visible;
  width: 100%;
display: block;
  text-indent: initial !important;
position: absolute;
}
.course_plan_box.box2 .btn-info {
  border: 1px solid #2941ba;
  background: #2941ba;
  color: #fff;
margin: 0 !important;
}
.detailpage #main_content .main_content .content_box a {
  color: #fff;
}
.course_plan_box {
  border-radius: 0;
  background: none;
  padding: 20px 0;
}
.course_plan_box.box3 {
  border-top: none;
}

.course_plan_box.box2 .btn-info {
  display: none;
}
.course_plan_box.box3 .btn-info {
  display: flex;
  margin: auto !important;
}
</style>
<p>Instructor led course with online live classes</p>

<p>Online exams (give exams as per your convenience on given time slots)</p>

<p>2 online live class/ week (24 weeks)</p>

<p>Hard copy certificate (by courier)</p>

<p>Printed study material (by courier)</p>

<p>Instructor-feedback on assignments</p>

<p>Unlimited doub clearing sessions with our course Instructors</p>

<p>Placement assistance for internship, jobs and referrals CV enhancement</p>

<p>Networking opportunities with other students &amp; alumni and further guidance on professional networking</p>

<p>Training for writing and publishing articles, making profile and taking work on freelance platforms, etc</p>

<p>Access to updated content online for 3 years</p>

<p>Doubt-clearing within 24 hours</p>

<div class=""course_plan_box box3""><a class=""btn btn-info"" href=""https://buy.stripe.com/fZeaIi9YI5F12EU8x8"">Enroll Now</a></div>","1","N","N","N","N","0","","44924","","N","N","0","N",,"0","INR"
"53","57","228","2","2024-07-14 01:59:23","2026-08-11 02:57:18","A","51000","","<p>-1 online live class/ week</p>

<p>-2 practical or drafting exercises per week</p>

<p>-Get digital access to entire study material</p>

<p>-Access on LMS, Android &amp; iOS app</p>

<p>-Instructor feedback on assignments</p>

<p>-Unlimited doubt clearing sessions.</p>

<p>-Instructor led course with online live classes</p>

<p>-Online exams (give exams as per your convenience on given time slots)</p>

<p>-Certificate (by courier)</p>

<p>-CV enhancement</p>

<p>-Coaching for professional networking</p>

<p>-Training for writing and publishing articles</p>

<p>-Internship &amp; Job Support</p>

<p>-Interview preparation guidance</p>

<p>-Access to updated content online for 3 years</p>

<p>-Top students are recommended to law firms and companies (as applicable)</p>","1","N","Y","N","N","0","","44984","","Y","N","0","N",,"0","INR"
"54","59","230","2","2024-07-25 05:38:31","2024-09-13 06:00:11","D","1499","","<style type=""text/css"">.duration_holder .extraBold, .course_plan_box h4, #course_prce_popup {
  position: relative;
  visibility: hidden;
text-indent: -9999px;
}
.duration_holder .extraBold::before, #course_prce_popup::before {
  content: ""Course fee: - USD 1499"";
  visibility: visible;
}
.course_plan_box h4::before {
  content: ""USD 1499"";
  visibility: visible;
  width: 100%;
display: block;
  text-indent: initial !important;
position: absolute;
}
.course_plan_box.box2 .btn-info {
  border: 1px solid #2941ba;
  background: #2941ba;
  color: #fff;
margin: 0 !important;
}
.detailpage #main_content .main_content .content_box a {
  color: #fff;
}
.course_plan_box {
  border-radius: 0;
  background: none;
  padding: 20px 0;
}
.course_plan_box.box3 {
  border-top: none;
}

.course_plan_box.box2 .btn-info {
  display: none;
}
.course_plan_box.box3 .btn-info {
  display: flex;
  margin: auto !important;
}
</style>
<p>1 online live class/ week (24&nbsp;weeks)</p>

<p>&nbsp;2 practical assignments per week (24&nbsp;weeks)</p>

<p>Get digital access to entire study material</p>

<p>Access on LMS, Android &amp; iOS app</p>

<p>Instructor feedback on assignments</p>

<p>Doubt clearing on Discord, LMS &amp; classes</p>

<p>Instructor led course with online live classes (recordings available)</p>

<p>Online exams (give exams as per your convenience on given time slots)</p>

<p>Certificate (by courier)</p>

<p>Training for writing and publishing articles</p>

<p>Networking with other students &amp; alumni</p>

<p>Access to updated content online for 3 years</p>

<p>Doubt clearing within 24 hours</p>

<div class=""course_plan_box box3""><a class=""btn btn-info"" href=""https://buy.stripe.com/dR62bMdaUaZl93i3cN"">Enroll Now</a></div>","1","N","N","N","N","0","","45448","","Y","N","0","N",,"0","INR"
"55","58","229","2","2024-07-25 05:39:58","2025-03-22 04:28:55","A","999","","<style type=""text/css"">.duration_holder .extraBold, .course_plan_box h4, #course_prce_popup {
  position: relative;
  visibility: hidden;
text-indent: -9999px;
}
.duration_holder .extraBold::before, #course_prce_popup::before {
  content: ""Course fee: - USD 999"";
  visibility: visible;
}
.course_plan_box h4::before {
  content: ""USD 999"";
  visibility: visible;
  width: 100%;
display: block;
  text-indent: initial !important;
position: absolute;
}
.course_plan_box.box2 .btn-info {
  border: 1px solid #2941ba;
  background: #2941ba;
  color: #fff;
margin: 0 !important;
}
.detailpage #main_content .main_content .content_box a {
  color: #fff;
}
.course_plan_box {
  border-radius: 0;
  background: none;
  padding: 20px 0;
}
.course_plan_box.box3 {
  border-top: none;
}

.course_plan_box.box2 .btn-info {
  display: none;
}
.course_plan_box.box3 .btn-info {
  display: flex;
  margin: auto !important;
}
</style>
<p>2 online live class/ week (24 weeks)</p>

<p>2 practical exercises per week (24 weeks)</p>

<p>Get digital access to entire study material</p>

<p>Access to the Assignment Portal</p>

<p>Instructor feedback on assignments</p>

<p>Instructor led course with online live classes</p>

<p>Certificate (by courier)</p>

<p>Access to updated content online for 3 years</p>

<div class=""course_plan_box box3""><a class=""btn btn-info"" href=""https://buy.stripe.com/aEUdUu0o86J5djy3cP"">Enroll Now</a></div>","1","N","Y","N","N","0","","45449","","Y","N","0","N",,"0","INR"
"56","60","231","2","2024-08-14 08:29:05","2026-08-03 05:39:55","A","159999","","<p>-1 online live class/ week</p>

<p>-2 practical or drafting exercises per week</p>

<p>-Get digital access to entire study material</p>

<p>-Access on LMS, Android &amp; iOS app</p>

<p>-Instructor feedback on assignments</p>

<p>-Unlimited doubt clearing sessions.</p>

<p>-Instructor led course with online live classes</p>

<p>-Online exams (give exams as per your convenience on given time slots)</p>

<p>-Certificate (by courier)</p>

<p>-CV enhancement</p>

<p>-Coaching for professional networking</p>

<p>-Training for writing and publishing articles</p>

<p>-Internship &amp; Job Support</p>

<p>-Interview preparation guidance</p>

<p>-Access to updated content online for 3 years</p>

<p>-Top students are recommended to law firms and companies (as applicable)</p>","1","N","Y","N","N","0","","45842","","Y","N","0","N",,"0","INR"
"57","61","232","2","2024-08-14 10:36:54","2026-08-03 05:42:19","A","79999","","<p>-1 online live class/ week</p>

<p>-2 practical or drafting exercises per week</p>

<p>-Get digital access to entire study material</p>

<p>-Access on LMS, Android &amp; iOS app</p>

<p>-Instructor feedback on assignments</p>

<p>-Unlimited doubt clearing sessions.</p>

<p>-Instructor led course with online live classes</p>

<p>-Online exams (give exams as per your convenience on given time slots)</p>

<p>-Certificate (by courier)</p>

<p>-CV enhancement</p>

<p>-Coaching for professional networking</p>

<p>-Training for writing and publishing articles</p>

<p>-Internship &amp; Job Support</p>

<p>-Interview preparation guidance</p>

<p>-Access to updated content online for 3 years</p>

<p>-Top students are recommended to law firms and companies (as applicable)</p>","1","N","Y","N","N","0","","46348","","Y","N","0","N",,"0","INR"
"58","63",,"2","2024-08-16 04:49:00","0000-00-00 00:00:00","D","3599","","<p>Printed study material (by courier)</p>

<p>2 practical exercises/ Drafting exercises per week (24 weeks)</p>

<p>6&nbsp; writing assignments&nbsp;</p>

<p>1-2 online live class/week&nbsp;</p>

<p>Get digital access to entire study material</p>

<p>Access on LMS, Android &amp; iOS app</p>

<p>Instructor feedback on assignments</p>

<p>Doubt clearing on WhatsApp, LMS &amp; classes</p>

<p>Instructor led course with online live classes</p>

<p>Online exams (give exams as per your convenience on given time slots)</p>

<p>Certificate (by courier)</p>

<p>CV enhancement</p>

<p>Coaching for professional networking</p>

<p>Internship &amp; job support</p>

<p>Interview preparation support</p>

<p>Networking with students &amp; alumni</p>

<p>Content access for 3 years</p>

<p>Doubt clearing within 24 hours</p>

<p>Top performers are recommended for jobs and client opportunities</p>","1","N","Y","N","N","0","","46409","","N","N","0","N",,"0","INR"
"59","64","234","2","2024-08-16 05:51:16","2025-03-22 04:25:38","A","3599","","<style type=""text/css"">.duration_holder .extraBold, .course_plan_box h4, #course_prce_popup {
  position: relative;
  visibility: hidden;
text-indent: -9999px;
}
.duration_holder .extraBold::before, #course_prce_popup::before {
  content: ""Course fee: - £3599"";
  visibility: visible;
}
.course_plan_box h4::before {
  content: ""£3599"";
  visibility: visible;
  width: 100%;
display: block;
  text-indent: initial !important;
position: absolute;
}
.course_plan_box.box2 .btn-info {
  border: 1px solid #2941ba;
  background: #2941ba;
  color: #fff;
margin: 0 !important;
}
.detailpage #main_content .main_content .content_box a {
  color: #fff;
}
.course_plan_box {
  border-radius: 0;
  background: none;
  padding: 20px 0;
}
.course_plan_box.box3 {
  border-top: none;
}

.course_plan_box.box2 .btn-info {
  display: none;
}
.course_plan_box.box3 .btn-info {
  display: flex;
  margin: auto !important;
}
</style>
<p>Printed study material (by courier)</p>

<p>2 practical exercises/ Drafting exercises per week (24 weeks)</p>

<p>1-2 online live class/week&nbsp;</p>

<p>Get digital access to entire study material</p>

<p>Access on LMS, Android &amp; iOS app</p>

<p>Instructor feedback on assignments</p>

<p>Doubt clearing on WhatsApp, LMS &amp; classes</p>

<p>Instructor led course with online live classes</p>

<p>Online exams (give exams as per your convenience on given time slots)</p>

<p>Certificate (by courier)</p>

<p>CV enhancement</p>

<p>Coaching for professional networking</p>

<p>Internship &amp; job support</p>

<p>Interview preparation support</p>

<p>Content access for 3 years</p>

<p>Top performers are recommended for jobs and client opportunities</p>

<div class=""course_plan_box box3""><a class=""btn btn-info"" href=""https://buy.stripe.com/aEUcQq2wgaZl4N26p5"">Enroll Now</a></div>","1","N","N","N","N","0","","46409","","N","N","0","N",,"0","INR"
"60","66","235","2","2024-08-16 05:51:28","2025-03-22 03:51:32","A","4000","","<p>Instructor led course with online live classes</p>

<p>Online exams (give exams as per your convenience on given time slots)</p>

<p>2 online live class/ week (24 weeks)</p>

<p>Hard copy certificate (by courier)</p>

<p>Printed study material (by courier)</p>

<p>Instructor-feedback on assignments</p>

<p>Unlimited doub clearing sessions with our course Instructors</p>

<p>Placement assistance for internship, jobs and referrals CV enhancement</p>

<p>Training for writing and publishing articles, making profile and taking work on freelance platforms, etc</p>

<p>Access to updated content online for 3 years</p>","1","N","N","N","N","0","","46422","","N","N","0","N",,"0","INR"
"61","65","236","2","2024-08-16 06:27:45","2025-03-22 03:50:32","A","3599","","<style type=""text/css"">.duration_holder .extraBold, .course_plan_box h4, #course_prce_popup {
  position: relative;
  visibility: hidden;
text-indent: -9999px;
}
.duration_holder .extraBold::before, #course_prce_popup::before {
  content: ""Course fee: - USD 1499"";
  visibility: visible;
}
.course_plan_box h4::before {
  content: ""USD 1499"";
  visibility: visible;
  width: 100%;
display: block;
  text-indent: initial !important;
position: absolute;
}
.course_plan_box.box2 .btn-info {
  border: 1px solid #2941ba;
  background: #2941ba;
  color: #fff;
margin: 0 !important;
}
.detailpage #main_content .main_content .content_box a {
  color: #fff;
}
.course_plan_box {
  border-radius: 0;
  background: none;
  padding: 20px 0;
}
.course_plan_box.box3 {
  border-top: none;
}

.course_plan_box.box2 .btn-info {
  display: none;
}
.course_plan_box.box3 .btn-info {
  display: flex;
  margin: auto !important;
}
</style>
<p>Printed study material (by courier)</p>

<p>2 practical exercises/ Drafting exercises per week (24 weeks)</p>

<p>1-2 online live class/week&nbsp;</p>

<p>Get digital access to entire study material</p>

<p>Access on LMS, Android &amp; iOS app</p>

<p>Instructor feedback on assignments</p>

<p>Doubt clearing on WhatsApp, LMS &amp; classes</p>

<p>Instructor led course with online live classes</p>

<p>Online exams (give exams as per your convenience on given time slots)</p>

<p>Certificate (by courier)</p>

<p>CV enhancement</p>

<p>Coaching for professional networking</p>

<p>Internship &amp; job support</p>

<p>Interview preparation support</p>

<p>Content access for 3 years</p>

<p>Top performers are recommended for jobs and client opportunities</p>

<div class=""course_plan_box box3""><a class=""btn btn-info"" href=""https://pages.razorpay.com/generative-ai-and-engineering"">Enroll Now</a></div>","1","N","Y","N","N","0","","46417","","N","N","0","N",,"0","INR"
"62","69","238","2","2024-08-17 10:51:49","2026-08-11 02:46:44","A","51000","","<p>- 1 online live class/ week</p>

<p>- 2 practical or drafting exercises per week</p>

<p>- Get digital access to entire study material</p>

<p>- Access on LMS, Android &amp; iOS app</p>

<p>- Instructor feedback on assignments</p>

<p>- Unlimited doubt clearing sessions.</p>

<p>- Instructor led course with online live classes</p>

<p>- Online exams (give exams as per your convenience on given time slots)</p>

<p>- Certificate (by courier)</p>

<p>- CV enhancement</p>

<p>- Coaching for professional networking</p>

<p>- Training for writing and publishing articles</p>

<p>- Internship &amp; Job Support</p>

<p>- Interview preparation guidance</p>

<p>- Access to updated content online for 3 years</p>

<p>- Top students are recommended to law firms and companies (as applicable)</p>","1","N","Y","N","N","0","","0","","Y","N","0","N",,"0","INR"
"63","71","239","2","2024-08-27 12:54:34","2025-03-22 03:49:52","A","4499","","<p>Printed study material (by courier)</p>

<p>2 practical exercises/ Drafting exercises per week (24 weeks)</p>

<p>1-2 online live class/week&nbsp;</p>

<p>Get digital access to entire study material</p>

<p>Access on LMS, Android &amp; iOS app</p>

<p>Instructor feedback on assignments</p>

<p>Doubt clearing on WhatsApp, LMS &amp; classes</p>

<p>Instructor led course with online live classes</p>

<p>Online exams (give exams as per your convenience on given time slots)</p>

<p>Certificate (by courier)</p>

<p>CV enhancement</p>

<p>Coaching for professional networking</p>

<p>Internship &amp; job support</p>

<p>Interview preparation support</p>

<p>Content access for 3 years</p>

<p>Top performers are recommended for jobs and client opportunities</p>","1","N","Y","N","N","0","","45842","","Y","N","0","N",,"0","USD"
"64","73","241","2","2024-08-27 01:24:03","2025-03-22 03:49:20","A","3599","","<p>Printed study material (by courier)</p>

<p>2 practical exercises/ Drafting exercises per week (24 weeks)</p>

<p>1-2 online live class/week&nbsp;</p>

<p>Get digital access to entire study material</p>

<p>Access on LMS, Android &amp; iOS app</p>

<p>Instructor feedback on assignments</p>

<p>Doubt clearing on WhatsApp, LMS &amp; classes</p>

<p>Instructor led course with online live classes</p>

<p>Online exams (give exams as per your convenience on given time slots)</p>

<p>Certificate (by courier)</p>

<p>CV enhancement</p>

<p>Coaching for professional networking</p>

<p>Internship &amp; job support</p>

<p>Interview preparation support</p>

<p>Content access for 3 years</p>

<p>Top performers are recommended for jobs and client opportunities</p>","1","N","Y","N","N","0","","45842","","Y","N","0","N",,"0","GBP"
"65","72","242","2","2024-08-27 01:57:49","2025-04-01 03:31:14","A","2499","","<p>- Printed study material (by courier)</p>

<p>- 1 online live class/ week</p>

<p>- 2 practical or drafting exercises per week</p>

<p>- Get digital access to entire study material</p>

<p>- Access on LMS, Android &amp; iOS app</p>

<p>- Instructor feedback on assignments</p>

<p>- Unlimited doubt clearing sessions.</p>

<p>- Instructor led course with online live classes</p>

<p>- Online exams (give exams as per your convenience on given time slots)</p>

<p>- Certificate (by courier)</p>

<p>- CV enhancement</p>

<p>- Coaching for professional networking</p>

<p>- Training for writing and publishing articles</p>

<p>- Internship &amp; Job Support</p>

<p>- Interview preparation guidance</p>

<p>- Access to updated content online for 3 years</p>

<p>- Top students are recommended to law firms and companies (as applicable)</p>","1","N","Y","N","N","0","","44924","","Y","N","0","N",,"0","USD"
"66","70","233","2","2024-08-27 06:19:20","2025-03-22 03:35:04","A","1999","","<p>Instructor led course with online live classes</p>

<p>Online exams (give exams as per your convenience on given time slots)</p>

<p>2 online live class/ week (24 weeks)</p>

<p>Hard copy certificate (by courier)</p>

<p>Printed study material (by courier)</p>

<p>Instructor-feedback on assignments</p>

<p>Unlimited doub clearing sessions with our course Instructors</p>

<p>Placement assistance for internship, jobs and referrals CV enhancement</p>

<p>Training for writing and publishing articles, making profile and taking work on freelance platforms, etc</p>

<p>Access to updated content online for 3 years</p>","1","N","Y","N","N","0","","44924","","Y","N","0","N",,"0","GBP"
"67","74","240","2","2024-08-28 03:21:03","2024-09-21 04:52:23","D","79999","","<p>Instructor led course with online live classes</p>

<p>Online exams (give exams as per your convenience on given time slots)</p>

<p>2 online live class/ week (24 weeks)</p>

<p>Hard copy certificate (by courier)</p>

<p>Printed study material (by courier)</p>

<p>Instructor-feedback on assignments</p>

<p>Unlimited doub clearing sessions with our course Instructors</p>

<p>Placement assistance for internship, jobs and referrals CV enhancement</p>

<p>Networking opportunities with other students &amp; alumni and further guidance on professional networking</p>

<p>Training for writing and publishing articles, making profile and taking work on freelance platforms, etc</p>

<p>Access to updated content online for 3 years</p>

<p>Doubt-clearing within 24 hours</p>","1","N","Y","N","N","0","","44924","","Y","N","0","N",,"0","INR"
"68","75","243","2","2024-08-29 05:48:41","2024-08-29 17:08:14","A","1","","<p>Testing course for international</p>","1","N","Y","N","N","0","","0","","N","N","0","N",,"0","USD"
"69","76","244","2","2024-09-13 05:19:53","2025-04-01 03:24:16","A","999","","<p>- Printed study material (by courier)</p>

<p>- 1 online live class/ week</p>

<p>- 2 practical or drafting exercises per week</p>

<p>- Get digital access to entire study material</p>

<p>- Access on LMS, Android &amp; iOS app</p>

<p>- Instructor feedback on assignments</p>

<p>- Unlimited doubt clearing sessions.</p>

<p>- Instructor led course with online live classes</p>

<p>- Online exams (give exams as per your convenience on given time slots)</p>

<p>- Certificate (by courier)</p>

<p>- CV enhancement</p>

<p>- Coaching for professional networking</p>

<p>- Training for writing and publishing articles</p>

<p>- Internship &amp; Job Support</p>

<p>- Interview preparation guidance</p>

<p>- Access to updated content online for 3 years</p>

<p>- Top students are recommended to law firms and companies (as applicable)</p>","1","N","Y","N","N","0","","45449","","Y","N","0","N",,"0","USD"
"70","77","245","2","2024-09-13 05:42:46","2025-04-01 03:24:56","A","1499","","<p>-Printed study material (by courier)</p>

<p>-1 online live class/ week</p>

<p>-2 practical or drafting exercises per week</p>

<p>-Get digital access to entire study material</p>

<p>-Access on LMS, Android &amp; iOS app</p>

<p>-Instructor feedback on assignments</p>

<p>-Unlimited doubt clearing sessions.</p>

<p>-Instructor led course with online live classes</p>

<p>-Online exams (give exams as per your convenience on given time slots)</p>

<p>-Certificate (by courier)</p>

<p>-CV enhancement</p>

<p>-Coaching for professional networking</p>

<p>-Training for writing and publishing articles</p>

<p>-Internship &amp; Job Support</p>

<p>-Interview preparation guidance</p>

<p>-Access to updated content online for 3 years</p>

<p>-Top students are recommended to law firms and companies (as applicable)</p>","1","N","Y","N","N","0","","45448","","Y","N","0","N",,"0","USD"
"71","79","247","2","2024-09-13 06:49:49","2026-08-03 05:26:24","A","63000","","<p>-1 online live class/ week</p>

<p>-2 practical or drafting exercises per week</p>

<p>-Get digital access to entire study material</p>

<p>-Access on LMS, Android &amp; iOS app</p>

<p>-Instructor feedback on assignments</p>

<p>-Unlimited doubt clearing sessions.</p>

<p>-Instructor led course with online live classes</p>

<p>-Online exams (give exams as per your convenience on given time slots)</p>

<p>-Certificate (by courier)</p>

<p>-CV enhancement</p>

<p>-Coaching for professional networking</p>

<p>-Training for writing and publishing articles</p>

<p>-Internship &amp; Job Support</p>

<p>-Interview preparation guidance</p>

<p>-Access to updated content online for 3 years</p>

<p>-Top students are recommended to law firms and companies (as applicable)</p>","1","N","Y","N","N","0","","45448","","N","N","0","N",,"0","INR"
"72","78","246","2","2024-09-16 05:27:51","2025-03-23 07:58:56","A","755","","<p>Instructor led course with online live classes</p>

<p>Online exams (give exams as per your convenience on given time slots)</p>

<p>1 online live class/ week (24&nbsp;weeks)</p>

<p>2 practical exercises per week (24&nbsp;weeks - total 48&nbsp;Exercises)</p>

<p>Hard copy certificate (by courier)</p>

<p>Printed study material (by courier)</p>

<p>Course completion criteria: Complete 50 percent of the total exercises (72 exercises to be completed) along with MCQs test.</p>

<p>Get digital access to entire study material</p>

<p>Access on LMS, Android &amp; iOS app</p>

<p>Instructor-feedback on assignments</p>

<p>Doubt-clearing on LMS &amp; classes</p>

<p>Placement assistance for internship, jobs and referrals CV enhancement</p>

<p>Guidance on professional networking</p>

<p>Training for writing and publishing articles, making profile and taking work on freelance platforms, etc</p>","1","N","Y","N","N","0","","35501","","Y","N","0","N",,"0","USD"
"73","80","248","2","2024-09-18 07:13:42","2026-08-03 05:43:26","A","50000","","<p>- 1 online live class/ week</p>

<p>- 2 practical or drafting exercises per week</p>

<p>- Get digital access to entire study material</p>

<p>- Access on LMS, Android &amp; iOS app</p>

<p>- Instructor feedback on assignments</p>

<p>- Unlimited doubt clearing sessions.</p>

<p>- Instructor led course with online live classes</p>

<p>- Online exams (give exams as per your convenience on given time slots)</p>

<p>- Certificate (by courier)</p>

<p>- CV enhancement</p>

<p>- Coaching for professional networking</p>

<p>- Training for writing and publishing articles</p>

<p>- Internship &amp; Job Support</p>

<p>- Interview preparation guidance</p>

<p>- Access to updated content online for 3 years</p>

<p>- Top students are recommended to law firms and companies (as applicable)</p>","1","N","Y","N","N","0","","47746","","Y","N","0","N",,"0","INR"
"74","81","249","2","2024-09-22 07:48:32","2026-01-30 11:11:59","A","66000","","<p>- 1 online live class/ week</p>

<p>- 2 practical or drafting exercises per week</p>

<p>- Get digital access to entire study material</p>

<p>-Hardcopy study materials- available on additional charges.</p>

<p>- Access on LMS, Android &amp; iOS app</p>

<p>- Instructor feedback on assignments</p>

<p>- Unlimited doubt clearing sessions.</p>

<p>- Instructor led course with online live classes</p>

<p>- Online exams (give exams as per your convenience on given time slots)</p>

<p>- Certificate (by courier)</p>

<p>- CV enhancement</p>

<p>- Coaching for professional networking</p>

<p>- Training for writing and publishing articles</p>

<p>- Internship &amp; Job Support</p>

<p>- Interview preparation guidance</p>

<p>- Access to updated content online for 3 years</p>

<p>- Top students are recommended to law firms and companies (as applicable)</p>","1","N","Y","N","N","0","","47870","","Y","N","0","N",,"0","INR"
"75","82","250","2","2024-09-27 02:48:49","2025-03-22 03:14:27","A","1500","","<p>5 online practice live classes/ sessions</p>

<p>1 online live practice sessions per week</p>

<p>Over 1000 MCQs to practice</p>

<p>Access to course material and live lectures for five years.</p>

<p>Group and personal mentoring sessions for all the core subjects and specialisation.</p>

<p>Get digital access to entire study material</p>

<p>Access on LMS, Android &amp; iOS app</p>

<p>Instructor feedback on assignments</p>

<p>Doubt clearing on WhatsApp, LMS &amp; classes</p>

<p>Instructor led course with online live classes</p>

<p>CV enhancement</p>

<p>Coaching for professional networking</p>

<p>Internship &amp; job support</p>

<p>Personalised freelancing support</p>

<p>Interview preparation support</p>

<p>Top performers are recommended for jobs and client opportunities</p>","1","N","Y","N","N","0","","48061","","Y","N","0","N",,"0","GBP"
"76","83","251","2","2024-09-27 03:27:13","2025-04-01 02:59:45","A","750","","<p>- Printed study material (by courier)</p>

<p>- 1 online live class/ week</p>

<p>- 2 practical or drafting exercises per week</p>

<p>- Get digital access to entire study material</p>

<p>- Access on LMS, Android &amp; iOS app</p>

<p>- Instructor feedback on assignments</p>

<p>- Unlimited doubt clearing sessions.</p>

<p>- Instructor led course with online live classes</p>

<p>- Online exams (give exams as per your convenience on given time slots)</p>

<p>- Certificate (by courier)</p>

<p>- CV enhancement</p>

<p>- Coaching for professional networking</p>

<p>- Training for writing and publishing articles</p>

<p>- Internship &amp; Job Support</p>

<p>- Interview preparation guidance</p>

<p>- Access to updated content online for 3 years</p>

<p>- Top students are recommended to law firms and companies (as applicable)</p>","1","N","Y","N","N","0","","33684","","Y","N","0","N",,"0","GBP"
"77","84","252","2","2024-09-27 03:42:08","2025-03-30 12:39:42","A","600","","<p>- Printed study material (by courier)</p>

<p>- 1 online live class/ week</p>

<p>- 2 practical or drafting exercises per week</p>

<p>- Get digital access to entire study material</p>

<p>- Access on LMS, Android &amp; iOS app</p>

<p>- Instructor feedback on assignments</p>

<p>- Unlimited doubt clearing sessions.</p>

<p>- Instructor led course with online live classes</p>

<p>- Online exams (give exams as per your convenience on given time slots)</p>

<p>- Certificate (by courier)</p>

<p>- CV enhancement</p>

<p>- Coaching for professional networking</p>

<p>- Training for writing and publishing articles</p>

<p>- Internship &amp; Job Support</p>

<p>- Interview preparation guidance</p>

<p>- Access to updated content online for 3 years</p>

<p>- Top students are recommended to law firms and companies (as applicable)</p>","1","N","Y","N","N","0","","44274","","Y","N","0","N",,"0","GBP"
"78","85","253","2","2024-09-27 04:09:02","2025-03-23 07:58:08","A","750","","<p>Instructor led course with online live classes</p>

<p>Online exams (give exams as per your convenience on given time slots)</p>

<p>1 online live class/ week (24&nbsp;weeks)</p>

<p>2 practical exercises per week (24&nbsp;weeks - total 48&nbsp;Exercises)</p>

<p>Hard copy certificate (by courier)</p>

<p>Printed study material (by courier)</p>

<p>Course completion criteria: Complete 50 percent of the total exercises (72 exercises to be completed) along with MCQs test.</p>

<p>Get digital access to entire study material</p>

<p>Access on LMS, Android &amp; iOS app</p>

<p>Instructor-feedback on assignments</p>

<p>Doubt-clearing on LMS &amp; classes</p>

<p>Placement assistance for internship, jobs and referrals CV enhancement</p>

<p>Training for writing and publishing articles, making profile and taking work on freelance platforms, etc</p>","1","N","Y","N","N","0","","35501","","Y","N","0","N",,"0","GBP"
"79","86","254","2","2024-09-27 06:51:25","2025-03-22 03:10:26","A","1000","","<p>2 online practice live classes/ sessions</p>

<p>Over 10 writing assignments on each topic and 5 oral mocks on each topic to practice</p>

<p>Access to course material and live lectures for 5 years.</p>

<p>Group and personal mentoring sessions for all the core subjects and specialisation.</p>

<p>Get digital access to entire study material</p>

<p>Access on LMS, Android &amp; iOS app</p>

<p>Instructor feedback on assignments</p>

<p>Doubt clearing on WhatsApp, LMS &amp; classes</p>

<p>Instructor led course with online live classes</p>

<p>CV enhancement</p>

<p>Coaching for professional networking</p>

<p>Internship &amp; job support</p>

<p>Personalised freelancing support</p>

<p>Interview preparation support</p>

<p>Top performers are recommended for jobs and client opportunities</p>","1","N","Y","N","N","0","","48099","","Y","N","0","N",,"0","GBP"
"80","87","255","2","2024-10-10 04:34:24","2025-03-22 03:09:10","A","1800","","<p>Printed study material (by courier)</p>

<p>2 practical exercises/ Drafting exercises per week (24 weeks)</p>

<p>1-2 online live class/week&nbsp;</p>

<p>Get digital access to entire study material</p>

<p>Access on LMS, Android &amp; iOS app</p>

<p>Instructor feedback on assignments</p>

<p>Doubt clearing on WhatsApp, LMS &amp; classes</p>

<p>Instructor led course with online live classes</p>

<p>Online exams (give exams as per your convenience on given time slots)</p>

<p>Certificate (by courier)</p>

<p>CV enhancement</p>

<p>Coaching for professional networking</p>

<p>Internship &amp; job support</p>

<p>Interview preparation support</p>

<p>Content access for 3 years</p>

<p>Top performers are recommended for jobs and client opportunities</p>","1","N","Y","N","N","0","","48705","","Y","N","0","N",,"0","USD"
"81","88","256","2","2024-10-13 09:17:13","2024-10-13 21:10:39","A","1800","","<p>--</p>","1","Y","Y","N","N","0","","48762","","Y","N","0","N",,"0","USD"
"82","89","257","2","2024-10-17 02:46:44","2025-03-22 03:08:26","A","1199","","<p>1 online live class/ week (24&nbsp;weeks)</p>

<p>&nbsp;2 practical assignments per week (24&nbsp;weeks)</p>

<p>Get digital access to entire study material</p>

<p>Access on LMS, Android &amp; iOS app</p>

<p>Instructor feedback on assignments</p>

<p>Doubt clearing on&nbsp;LMS &amp; classes</p>

<p>Instructor led course with online live classes (recordings available)</p>

<p>Online exams (give exams as per your convenience on given time slots)</p>

<p>Certificate</p>

<p>Access to updated content online for 3 years</p>","1","N","Y","N","N","0","","45448","","Y","N","0","N",,"0","GBP"
"83","90","258","2","2024-10-17 03:01:54","2025-03-22 03:07:46","A","799","","<p>2 online live class/ week (24 weeks)</p>

<p>2 practical exercises per week (24 weeks)</p>

<p>Get digital access to entire study material</p>

<p>Access to the Assignment Portal</p>

<p>Instructor feedback on assignments</p>

<p>Instructor led course with online live classes</p>

<p>Certificate&nbsp;</p>

<p>Access to updated content online for 3 years</p>","1","N","Y","N","N","0","","45449","","Y","N","0","N",,"0","GBP"
"84","91","259","2","2024-10-17 05:35:13","2024-10-17 17:10:30","A","1","","<p>Test Course for Other Geo Location</p>","1","N","Y","N","N","0","","0","","N","N","0","N",,"0","USD"
"85","92","260","2","2024-10-17 06:23:54","2025-03-22 03:06:29","A","1499","","<p>- Access to course material and live lectures for five years.</p>

<p>&nbsp;- Group and personal mentoring sessions for all the core subjects and specialisation.</p>

<p>&nbsp;- Get digital access to entire study material</p>

<p>&nbsp;- Access on LMS, Android &amp; iOS app</p>

<p>&nbsp;- Instructor feedback on assignments</p>

<p>&nbsp;- Doubt clearing on&nbsp;LMS &amp; classes</p>

<p>&nbsp;- Instructor led course with online live classes</p>

<p>&nbsp;- CV enhancement</p>

<p>&nbsp;- Coaching for professional networking</p>

<p>&nbsp;- Internship &amp; job support</p>

<p>&nbsp;- Personalised freelancing support</p>

<p>&nbsp;- Interview preparation support</p>

<p>&nbsp;- Top performers are recommended for jobs and client opportunity</p>","1","N","Y","N","N","0","","49200","","Y","N","0","N",,"0","USD"
"86","93","261","2","2024-10-17 08:09:59","2025-03-22 03:05:45","A","1799","","<p>Access to course material and live lectures for five years.</p>

<p>Group and personal mentoring sessions for all the core subjects and specialisation.</p>

<p>Get digital access to entire study material</p>

<p>Access on LMS, Android &amp; iOS app</p>

<p>Instructor feedback on assignments</p>

<p>Doubt clearing on LMS &amp; classes</p>

<p>Instructor led course with online live classes</p>

<p>CV enhancement</p>

<p>Coaching for professional networking</p>

<p>Internship &amp; job support</p>

<p>Personalised freelancing support</p>

<p>Interview preparation support</p>

<p>Top performers are recommended for jobs and client opportunity</p>","1","N","Y","N","N","0","","49204","","Y","N","0","N",,"0","USD"
"87","94","262","2","2024-10-17 09:38:41","2025-04-01 03:29:03","A","1799","","<p>-Printed study material (by courier)</p>

<p>-2 practical exercises/ Drafting exercises per week</p>

<p>-Article writing assignments (on request)</p>

<p>-1 online live class/week&nbsp;</p>

<p>-Get digital access to entire study material</p>

<p>-Access on LMS, Android &amp; iOS app</p>

<p>-Instructor feedback on assignments</p>

<p>-Unlimited doubt clearing sessions.</p>

<p>-Instructor led course with online live classes</p>

<p>-Online exams (give exams as per your convenience on given time slots)</p>

<p>-Certificate (by courier)</p>

<p>-CV enhancement</p>

<p>-Coaching for professional networking</p>

<p>-Internship &amp; Job Support</p>

<p>-Interview preparation support</p>

<p>-Content access for 3 years</p>

<p>-Top performers are recommended for jobs and client opportunities (as applicable)</p>","1","N","Y","N","N","0","","33686","","Y","N","0","N",,"0","USD"
"88","95","263","2","2024-10-18 03:04:20","2025-04-01 03:00:11","A","900","","<p>- Printed study material (by courier)</p>

<p>- 1 online live class/ week</p>

<p>- 2 practical or drafting exercises per week</p>

<p>- Get digital access to entire study material</p>

<p>- Access on LMS, Android &amp; iOS app</p>

<p>- Instructor feedback on assignments</p>

<p>- Unlimited doubt clearing sessions.</p>

<p>- Instructor led course with online live classes</p>

<p>- Online exams (give exams as per your convenience on given time slots)</p>

<p>- Certificate (by courier)</p>

<p>- CV enhancement</p>

<p>- Coaching for professional networking</p>

<p>- Training for writing and publishing articles</p>

<p>- Internship &amp; Job Support</p>

<p>- Interview preparation guidance</p>

<p>- Access to updated content online for 3 years</p>

<p>- Top students are recommended to law firms and companies (as applicable</p>","1","N","Y","N","N","0","","33684","","Y","N","0","N",,"0","USD"
"89","96","264","2","2024-10-20 12:04:54","2026-08-11 02:35:39","A","66000","","<p>- 1 online live class/ week</p>

<p>- 2 practical or drafting exercises per week</p>

<p>- Get digital access to entire study material</p>

<p>- Access on LMS, Android &amp; iOS app</p>

<p>- Instructor feedback on assignments</p>

<p>- Unlimited doubt clearing sessions.</p>

<p>- Instructor led course with online live classes</p>

<p>- Online exams (give exams as per your convenience on given time slots)</p>

<p>- Certificate (by courier)</p>

<p>- CV enhancement</p>

<p>- Coaching for professional networking</p>

<p>- Training for writing and publishing articles</p>

<p>- Internship &amp; Job Support</p>

<p>- Interview preparation guidance</p>

<p>- Access to updated content online for 3 years</p>

<p>- Top students are recommended to law firms and companies (as applicable)</p>","1","N","Y","N","N","0","","49388","","Y","N","0","N",,"0","INR"
"90","97","265","2","2024-11-08 07:03:10","2026-08-11 02:59:34","A","79999","","<p>- 1 online live class/ week</p>

<p>- 2 practical or drafting exercises per week</p>

<p>- Get digital access to entire study material</p>

<p>- Access on LMS, Android &amp; iOS app</p>

<p>- Instructor feedback on assignments</p>

<p>- Unlimited doubt clearing sessions.</p>

<p>- Instructor led course with online live classes</p>

<p>- Online exams (give exams as per your convenience on given time slots)</p>

<p>- Certificate (by courier)</p>

<p>- CV enhancement</p>

<p>- Coaching for professional networking</p>

<p>- Training for writing and publishing articles</p>

<p>- Internship &amp; Job Support</p>

<p>- Interview preparation guidance</p>

<p>- Access to updated content online for 3 years</p>

<p>- Top students are recommended to law firms and companies (as applicable)</p>","1","N","Y","N","N","0","","50240","","Y","N","0","N",,"0","INR"
"91","98","266","2","2024-11-08 07:52:02","2026-08-11 02:41:47","A","40000","","<p>- 1 online live class/ week</p>

<p>- 2 practical or drafting exercises per week</p>

<p>- Get digital access to entire study material</p>

<p>- Access on LMS, Android &amp; iOS app</p>

<p>- Instructor feedback on assignments</p>

<p>- Unlimited doubt clearing sessions.</p>

<p>- Instructor led course with online live classes</p>

<p>- Online exams (give exams as per your convenience on given time slots)</p>

<p>- Certificate (by courier)</p>

<p>- CV enhancement</p>

<p>- Coaching for professional networking</p>

<p>- Training for writing and publishing articles</p>

<p>- Internship &amp; Job Support</p>

<p>- Interview preparation guidance</p>

<p>- Access to updated content online for 3 years</p>

<p>- Top students are recommended to law firms and companies (as applicable)</p>","1","N","Y","N","N","0","","50242","","Y","N","0","N",,"0","INR"
"92","99","267","2","2024-11-08 08:01:31","2026-08-11 12:26:15","A","40000","","<p>- 1 online live class/ week</p>

<p>- 2 practical or drafting exercises per week</p>

<p>- Get digital access to entire study material</p>

<p>- Access on LMS, Android &amp; iOS app</p>

<p>- Instructor feedback on assignments</p>

<p>- Unlimited doubt clearing sessions.</p>

<p>- Instructor led course with online live classes</p>

<p>- Online exams (give exams as per your convenience on given time slots)</p>

<p>- Certificate (by courier)</p>

<p>- CV enhancement</p>

<p>- Coaching for professional networking</p>

<p>- Training for writing and publishing articles</p>

<p>- Internship &amp; Job Support</p>

<p>- Interview preparation guidance</p>

<p>- Access to updated content online for 3 years</p>

<p>- Top students are recommended to law firms and companies (as applicable)</p>","1","N","Y","N","N","0","","50243","","Y","N","0","N",,"0","INR"
"93","100","268","2","2024-11-22 02:05:28","2025-04-01 03:30:43","A","999","","<p>- Printed study material (by courier)</p>

<p>- 1 online live class/ week</p>

<p>- 2 practical or drafting exercises per week</p>

<p>- Get digital access to entire study material</p>

<p>- Access on LMS, Android &amp; iOS app</p>

<p>- Instructor feedback on assignments</p>

<p>- Unlimited doubt clearing sessions.</p>

<p>- Instructor led course with online live classes</p>

<p>- Online exams (give exams as per your convenience on given time slots)</p>

<p>- Certificate (by courier)</p>

<p>- CV enhancement</p>

<p>- Coaching for professional networking</p>

<p>- Training for writing and publishing articles</p>

<p>- Internship &amp; Job Support</p>

<p>- Interview preparation guidance</p>

<p>- Access to updated content online for 3 years</p>

<p>- Top students are recommended to law firms and companies (as applicable)</p>","1","N","Y","N","N","0","","50753","","Y","N","0","N",,"0","USD"
"94","101","269","2","2024-11-22 04:13:30","2025-04-01 03:29:46","A","1999","","<p>- Printed study material (by courier)</p>

<p>- 1 online live class/ week</p>

<p>- 2 practical or drafting exercises per week</p>

<p>- Get digital access to entire study material</p>

<p>- Access on LMS, Android &amp; iOS app</p>

<p>- Instructor feedback on assignments</p>

<p>- Unlimited doubt clearing sessions.</p>

<p>- Instructor led course with online live classes</p>

<p>- Online exams (give exams as per your convenience on given time slots)</p>

<p>- Certificate (by courier)</p>

<p>- CV enhancement</p>

<p>- Coaching for professional networking</p>

<p>- Training for writing and publishing articles</p>

<p>- Internship &amp; Job Support</p>

<p>- Interview preparation guidance</p>

<p>- Access to updated content online for 3 years</p>

<p>- Top students are recommended to law firms and companies (as applicable)</p>","1","N","Y","N","N","0","","50770","","Y","N","0","N",,"0","USD"
"95","102","270","2","2024-12-06 12:17:34","2025-03-22 02:56:01","A","1899","","<p>5 online practice live classes/sessions&nbsp;<br />
1 online live practice sessions per week<br />
Over 1000 MCQs to practice<br />
Access to course material and live lectures for five years.<br />
Group and personal mentoring sessions for all the core subjects and specialisation.<br />
Get digital access to entire study material<br />
Access on LMS, Android &amp; iOS app<br />
Instructor feedback on assignments<br />
Doubt clearing on WhatsApp, LMS &amp; classes<br />
Instructor led course with online live classes<br />
CV enhancement<br />
Coaching for professional networking<br />
Internship &amp; job support<br />
Personalised freelancing support<br />
Interview preparation support<br />
Top performers are recommended for jobs and client opportunities</p>","1","N","Y","N","N","0","","48061","","Y","N","0","N",,"0","USD"
"96","103","271","2","2024-12-06 12:36:44","2025-03-22 02:55:33","A","1266","","<p>2 online practice live classes/sessions per week<br />
Over 10 writing assignments on each topic and 5 oral mocks on each topic to practice<br />
Access to course material and live lectures for 5 years.<br />
Group and personal mentoring sessions for all the core subjects and specialisation.<br />
Get digital access to entire study material<br />
Access on LMS, Android &amp; iOS app<br />
Instructor feedback on assignments<br />
Doubt clearing on WhatsApp, LMS &amp; classes<br />
Instructor-led course with online live classes<br />
CV enhancement<br />
Coaching for professional networking<br />
Internship &amp; job support<br />
Personalised freelancing support<br />
Interview preparation support<br />
Top performers are recommended for jobs and client opportunities</p>","1","N","Y","N","N","0","","48099","","Y","N","0","N",,"0","USD"
"97","104","272","2","2024-12-06 01:25:52","2025-03-30 12:47:44","A","765","","<p>-Printed study material (by courier)</p>

<p>-1 online live class/ week</p>

<p>-2 practical or drafting exercises per week</p>

<p>-Get digital access to entire study material</p>

<p>-Access on LMS, Android &amp; iOS app</p>

<p>-Instructor feedback on assignments</p>

<p>-Unlimited doubt clearing sessions.</p>

<p>-Instructor led course with online live classes</p>

<p>-Online exams (give exams as per your convenience on given time slots)</p>

<p>-Certificate (by courier)</p>

<p>-CV enhancement</p>

<p>-Coaching for professional networking</p>

<p>-Training for writing and publishing articles</p>

<p>-Internship &amp; Job Support</p>

<p>-Interview preparation guidance</p>

<p>-Access to updated content online for 3 years</p>

<p>-Top students are recommended to law firms and companies (as applicable)</p>","1","N","Y","N","N","0","","44274","","Y","N","0","N",,"0","USD"
"98","105","273","2","2024-12-22 11:37:45","2025-08-01 08:37:49","A","75000","75000","<p>2 online live class/ week (24 weeks)</p>

<p>Practice MCQs per week (24 weeks)</p>

<p>Get digital access to entire study material</p>

<p>Access on LMS, Android &amp; iOS app</p>

<p>Instructor feedback on assignments</p>

<p>Doubt clearing on LMS &amp; classes</p>

<p>Instructor led course with online live classes (recordings available)</p>

<p>Online exams (give exams as per your convenience on given time slots)</p>

<p>Certificate (by courier)</p>

<p>Training for writing and publishing articles</p>","1","Y","Y","N","N","0","","52146","","Y","N","0","N",,"0","INR"
"99","106","274","2","2024-12-22 02:56:12","2026-08-11 02:53:53","A","25000","25000","<p>- 1 online live class/ week</p>

<p>- 2 practical or drafting exercises per week</p>

<p>- Get digital access to entire study material</p>

<p>- Access on LMS, Android &amp; iOS app</p>

<p>- Instructor feedback on assignments</p>

<p>- Unlimited doubt clearing sessions.</p>

<p>- Instructor led course with online live classes</p>

<p>- Online exams (give exams as per your convenience on given time slots)</p>

<p>- Certificate (by courier)</p>

<p>- CV enhancement</p>

<p>- Coaching for professional networking</p>

<p>- Training for writing and publishing articles</p>

<p>- Internship &amp; Job Support</p>

<p>- Interview preparation guidance</p>

<p>- Access to updated content online for 3 years</p>

<p>- Top students are recommended to law firms and companies (as applicable)</p>","1","Y","Y","N","N","0","","52272","","Y","N","0","N",,"0","INR"
"100","107","275","2","2025-01-08 02:43:07","2026-08-11 02:50:47","A","50000","","<p>-1 online live class/ week</p>

<p>-2 practical or drafting exercises per week</p>

<p>-Get digital access to entire study material</p>

<p>-Access on LMS, Android &amp; iOS app</p>

<p>-Instructor feedback on assignments</p>

<p>-Unlimited doubt clearing sessions.</p>

<p>-Instructor led course with online live classes</p>

<p>-Online exams (give exams as per your convenience on given time slots)</p>

<p>-Certificate (by courier)</p>

<p>-CV enhancement</p>

<p>-Coaching for professional networking</p>

<p>-Training for writing and publishing articles</p>

<p>-Internship &amp; Job Support</p>

<p>-Interview preparation guidance</p>

<p>-Access to updated content online for 3 years</p>

<p>-Top students are recommended to law firms and companies (as applicable)</p>","1","N","Y","N","N","0","","52976","","Y","N","0","N",,"0","INR"
"101","108","276","2","2025-01-08 03:22:30","2026-08-11 02:51:41","A","50000","","<p>-1 online live class/ week</p>

<p>-2 practical or drafting exercises per week</p>

<p>-Get digital access to entire study material</p>

<p>-Access on LMS, Android &amp; iOS app</p>

<p>-Instructor feedback on assignments</p>

<p>-Unlimited doubt clearing sessions.</p>

<p>-Instructor led course with online live classes</p>

<p>-Online exams (give exams as per your convenience on given time slots)</p>

<p>-Certificate (by courier)</p>

<p>-CV enhancement</p>

<p>-Coaching for professional networking</p>

<p>-Training for writing and publishing articles</p>

<p>-Internship &amp; Job Support</p>

<p>-Interview preparation guidance</p>

<p>-Access to updated content online for 3 years</p>

<p>-Top students are recommended to law firms and companies (as applicable)</p>","1","N","Y","N","N","0","","52978","","Y","N","0","N",,"0","INR"
"102","109","277","2","2025-01-08 04:37:30","2026-08-11 02:53:05","A","50000","","<p>-1 online live class/ week</p>

<p>-2 practical or drafting exercises per week</p>

<p>-Get digital access to entire study material</p>

<p>-Access on LMS, Android &amp; iOS app</p>

<p>-Instructor feedback on assignments</p>

<p>-Unlimited doubt clearing sessions.</p>

<p>-Instructor led course with online live classes</p>

<p>-Online exams (give exams as per your convenience on given time slots)</p>

<p>-Certificate (by courier)</p>

<p>-CV enhancement</p>

<p>-Coaching for professional networking</p>

<p>-Training for writing and publishing articles</p>

<p>-Internship &amp; Job Support</p>

<p>-Interview preparation guidance</p>

<p>-Access to updated content online for 3 years</p>

<p>-Top students are recommended to law firms and companies (as applicable)</p>","1","N","Y","N","N","0","","52983","","Y","N","0","N",,"0","INR"
"103","110","278","2","2025-02-05 05:52:06","2026-08-03 05:25:06","A","60000","","<p>- 1 online live class/ week</p>

<p>- 2 practical or drafting exercises per week</p>

<p>- Get digital access to entire study material</p>

<p>- Access on LMS, Android &amp; iOS app</p>

<p>- Instructor feedback on assignments</p>

<p>- Unlimited doubt clearing sessions.</p>

<p>- Instructor led course with online live classes</p>

<p>- Online exams (give exams as per your convenience on given time slots)</p>

<p>- Certificate (by courier)</p>

<p>- CV enhancement</p>

<p>- Coaching for professional networking</p>

<p>- Training for writing and publishing articles</p>

<p>- Internship &amp; Job Support</p>

<p>- Interview preparation guidance</p>

<p>- Access to updated content online for 3 years</p>

<p>- Top students are recommended to law firms and companies (as applicable)</p>","1","N","Y","N","N","0","54307","0","","Y","N","0","N",,"0","INR"
"104","111","279","2","2025-02-19 08:46:52","2026-08-03 05:25:47","A","159999","","<p>-1 online live class/ week</p>

<p>-2 practical or drafting exercises per week</p>

<p>-Get digital access to entire study material</p>

<p>-Access on LMS, Android &amp; iOS app</p>

<p>-Instructor feedback on assignments</p>

<p>-Unlimited doubt clearing sessions.</p>

<p>-Instructor led course with online live classes</p>

<p>-Online exams (give exams as per your convenience on given time slots)</p>

<p>-Certificate (by courier)</p>

<p>-CV enhancement</p>

<p>-Coaching for professional networking</p>

<p>-Training for writing and publishing articles</p>

<p>-Internship &amp; Job Support</p>

<p>-Interview preparation guidance</p>

<p>-Access to updated content online for 3 years</p>

<p>-Top students are recommended to law firms and companies (as applicable)</p>","1","N","Y","N","N","0","","44924","","Y","N","0","N",,"0","INR"
"105","112","280","2","2025-03-16 08:42:46","2026-08-11 02:25:55","A","75000","75000","<p>-1 online live class/ week</p>

<p>-2 practical or drafting exercises per week</p>

<p>-Get digital access to entire study material</p>

<p>-Access on LMS, Android &amp; iOS app</p>

<p>-Instructor feedback on assignments</p>

<p>-Unlimited doubt clearing sessions.</p>

<p>-Instructor led course with online live classes</p>

<p>-Online exams (give exams as per your convenience on given time slots)</p>

<p>-Certificate (by courier)</p>

<p>-CV enhancement</p>

<p>-Coaching for professional networking</p>

<p>-Training for writing and publishing articles</p>

<p>-Internship &amp; Job Support</p>

<p>-Interview preparation guidance</p>

<p>-Access to updated content online for 3 years</p>

<p>-Top students are recommended to law firms and companies (as applicable)</p>","1","N","Y","N","N","0","","0","","Y","N","0","N",,"0","INR"
"106","113","281","2","2025-03-30 02:31:46","2026-08-11 02:47:45","A","66000","66000","<p>-1 online live class/ week</p>

<p>-2 practical or drafting exercises per week</p>

<p>-Get digital access to entire study material</p>

<p>-Access on LMS, Android &amp; iOS app</p>

<p>-Instructor feedback on assignments</p>

<p>-Unlimited doubt clearing sessions.</p>

<p>-Instructor led course with online live classes</p>

<p>-Online exams (give exams as per your convenience on given time slots)</p>

<p>-Certificate (by courier)</p>

<p>-CV enhancement</p>

<p>-Coaching for professional networking</p>

<p>-Training for writing and publishing articles</p>

<p>-Internship &amp; Job Support</p>

<p>-Interview preparation guidance</p>

<p>-Access to updated content online for 3 years</p>

<p>-Top students are recommended to law firms and companies (as applicable)</p>","1","N","N","N","N","0","","56773","","Y","N","0","N",,"0","INR"
"107","114","282","2","2025-04-12 01:19:52","2026-08-11 02:48:48","A","60000","60000","<p>1 online live class/ week</p>

<p>2 practical or drafting exercises per week</p>

<p>Get digital access to entire study material</p>

<p>Access on LMS, Android &amp; iOS app</p>

<p>Instructor feedback on assignments</p>

<p>Unlimited doubt clearing sessions.</p>

<p>Instructor led course with online live classes</p>

<p>Online exams (give exams as per your convenience on given time slots)</p>

<p>Certificate (by courier)</p>

<p>CV enhancement</p>

<p>Coaching for professional networking</p>

<p>Training for writing and publishing articles</p>

<p>Internship &amp; Job Support</p>

<p>Interview preparation guidance</p>

<p>Access to updated content online for 3 years</p>

<p>Top students are recommended to law firms and companies (as applicable)</p>","1","N","Y","N","N","0","","57370","","Y","N","0","N",,"0","INR"
"108","115","283","2","2025-04-12 02:48:56","2026-08-11 02:49:40","A","60000","60000","<p>1 online live class/ week</p>

<p>2 practical or drafting exercises per week</p>

<p>Get digital access to entire study material</p>

<p>Access on LMS, Android &amp; iOS app</p>

<p>Instructor feedback on assignments</p>

<p>Unlimited doubt clearing sessions.</p>

<p>Instructor led course with online live classes</p>

<p>Online exams (give exams as per your convenience on given time slots)</p>

<p>Certificate (by courier)</p>

<p>CV enhancement</p>

<p>Coaching for professional networking</p>

<p>Training for writing and publishing articles</p>

<p>Internship &amp; Job Support</p>

<p>Interview preparation guidance</p>

<p>Access to updated content online for 3 years</p>

<p>Top students are recommended to law firms and companies (as applicable)</p>","1","N","Y","N","N","0","","57375","","Y","N","0","N",,"0","INR"
"109","116","284","2","2025-04-12 04:10:05","2026-01-30 10:57:23","A","60000","60000","<p>1 online live class/ week</p>

<p>2 practical or drafting exercises per week</p>

<p>Get digital access to entire study material</p>

<p>Hardcopy study materials- available on additional charges.</p>

<p>Access on LMS, Android &amp; iOS app</p>

<p>Instructor feedback on assignments</p>

<p>Unlimited doubt clearing sessions.</p>

<p>Instructor led course with online live classes</p>

<p>Online exams (give exams as per your convenience on given time slots)</p>

<p>Certificate (by courier)</p>

<p>CV enhancement</p>

<p>Coaching for professional networking</p>

<p>Training for writing and publishing articles</p>

<p>Internship &amp; Job Support</p>

<p>Interview preparation guidance</p>

<p>Access to updated content online for 3 years</p>

<p>Top students are recommended to law firms and companies (as applicable)</p>","1","N","Y","N","N","0","","57378","","Y","N","0","N",,"0","INR"
"110","117","285","2","2025-04-13 12:27:49","2026-08-11 02:27:59","A","60000","60000","<p>1 online live class/ week</p>

<p>2 practical or drafting exercises per week</p>

<p>Get digital access to entire study material</p>

<p>Access on LMS, Android &amp; iOS app</p>

<p>Instructor feedback on assignments</p>

<p>Unlimited doubt clearing sessions.</p>

<p>Instructor led course with online live classes</p>

<p>Online exams (give exams as per your convenience on given time slots)</p>

<p>Certificate (by courier)</p>

<p>CV enhancement</p>

<p>Coaching for professional networking</p>

<p>Training for writing and publishing articles</p>

<p>Internship &amp; Job Support</p>

<p>Interview preparation guidance</p>

<p>Access to updated content online for 3 years</p>

<p>Top students are recommended to law firms and companies (as applicable)</p>","1","N","Y","N","N","0","","57387","","Y","N","0","N",,"0","INR"
"111","118","286","2","2025-04-20 10:41:22","2026-01-30 10:37:27","A","75000","75000","<p>1 online live class/ week</p>

<p>2 practical or drafting exercises per week</p>

<p>Get digital access to entire study material</p>

<p>Hardcopy study materials- available on additional charges.</p>

<p>Access on LMS, Android &amp; iOS app</p>

<p>Instructor feedback on assignments</p>

<p>Unlimited doubt clearing sessions.</p>

<p>Instructor led course with online live classes</p>

<p>Online exams (give exams as per your convenience on given time slots)</p>

<p>Certificate (by courier)</p>

<p>CV enhancement</p>

<p>Coaching for professional networking</p>

<p>Training for writing and publishing articles</p>

<p>Internship &amp; Job Support</p>

<p>Interview preparation guidance</p>

<p>Access to updated content online for 3 years</p>

<p>Top students are recommended to law firms and companies (as applicable)</p>","1","Y","Y","N","N","0","","57637","","Y","N","0","N",,"0","INR"
"112","119","287","2","2025-04-20 02:12:36","2025-06-23 10:01:44","A","120000","120000","<p>2 online live class/ week (24 weeks)</p>

<p>2 practical assignments per week (24 weeks)</p>

<p>Get digital access to entire study material</p>

<p>Access on LMS, Android &amp; iOS app</p>

<p>Instructor feedback on assignments</p>

<p>Doubt clearing on LMS &amp; classes</p>

<p>Instructor led course with online live classes (recordings available)</p>

<p>Online exams (give exams as per your convenience on given time slots)</p>

<p>Certificate (by courier)</p>

<p>Training for writing and publishing articles</p>

<p>Doubt clearing within 24 hours</p>","1","N","Y","N","N","0","","57647","","Y","N","0","N",,"0","INR"
"113","120","288","2","2025-06-01 12:06:18","2026-08-11 03:19:56","A","120000","120000","<p>1 online live class/week</p>

<p>2 practical or drafting exercises per week</p>

<p>Get digital access to entire study material</p>

<p>Access on LMS, Android &amp; iOS app</p>

<p>Instructor feedback on assignments</p>

<p>Unlimited doubt clearing sessions.</p>

<p>Instructor led course with online live classes</p>

<p>Online exams (give exams as per your convenience on given time slots)</p>

<p>Certificate (by courier)</p>

<p>CV enhancement</p>

<p>Coaching for professional networking</p>

<p>Training for writing and publishing articles</p>

<p>Internship &amp; Job Support</p>

<p>Interview preparation guidance</p>

<p>Access to updated content online for 3 years</p>

<p>Top students are recommended to law firms and companies (as applicable)</p>","1","N","Y","N","N","0","","59561","","Y","N","0","N",,"0","INR"
"114","121","289","2","2025-07-14 05:04:24","2026-08-11 02:18:01","A","75000","","<p>- 1 online live class/ week</p>

<p>- 2 practical or drafting exercises per week</p>

<p>- Get digital access to entire study material</p>

<p>- Access on LMS, Android &amp; iOS app</p>

<p>- Instructor feedback on assignments</p>

<p>- Unlimited doubt clearing sessions.</p>

<p>- Instructor led course with online live classes</p>

<p>- Online exams (give exams as per your convenience on given time slots)</p>

<p>- Certificate (by courier)</p>

<p>- CV enhancement</p>

<p>- Coaching for professional networking</p>

<p>- Training for writing and publishing articles</p>

<p>- Internship &amp; Job Support</p>

<p>- Interview preparation guidance</p>

<p>- Access to updated content online for 3 years</p>

<p>- Top students are recommended to law firms and companies (as applicable)</p>","1","N","Y","N","N","0","","61992","","Y","N","0","N",,"0","INR"
"115","122","290","2","2025-07-17 07:09:50","2026-08-11 12:29:56","A","60000","","<p>1 online live class/ week</p>

<p>2 practical or drafting exercises per week</p>

<p>Get digital access to entire study material</p>

<p>Access on LMS, Android &amp; iOS app</p>

<p>Instructor feedback on assignments</p>

<p>Unlimited doubt-clearing sessions.</p>

<p>Instructor led course with online live classes</p>

<p>Online exams (give exams as per your convenience on given time slots)</p>

<p>Certificate (by courier)</p>

<p>CV enhancement</p>

<p>Coaching for professional networking</p>

<p>Training for writing and publishing articles</p>

<p>Internship &amp; Job Support</p>

<p>Interview preparation guidance</p>

<p>Access to updated content online for 3 years</p>

<p>Top students are recommended to law firms and companies (as applicable)</p>","1","N","Y","N","N","0","","62193","","Y","N","0","N",,"0","INR"
"116","123","291","2","2025-07-18 08:05:25","2026-08-11 02:20:33","A","60000","60000","<p><span style=""color:#000000"">-1 online live class/ week<br />
-2 practical or drafting exercises per week<br />
-Get digital access to entire study material<br />
-Access on LMS, Android &amp; iOS app<br />
-Instructor feedback on assignments<br />
-Unlimited doubt clearing sessions.<br />
-Instructor led course with online live classes<br />
-Online exams (give exams as per your convenience on given time slots)<br />
-Certificate (by courier)<br />
-CV enhancement<br />
-Coaching for professional networking<br />
-Training for writing and publishing articles<br />
-Internship &amp; Job Support<br />
-Interview preparation guidance<br />
-Access to updated content online for 3 years<br />
-Top students are recommended to law firms and companies (as applicable)</span></p>","1","Y","Y","N","N","0","","62232","","Y","N","0","N",,"0","INR"
"117","124","292","2","2025-07-20 01:50:40","2026-08-11 02:13:29","A","60000","","<p>-1 online live class/ week<br />
-2 practical or drafting exercises per week<br />
-Get digital access to entire study material<br />
-Access on LMS, Android &amp; iOS app<br />
-Instructor feedback on assignments<br />
-Unlimited doubt clearing sessions.<br />
-Instructor led course with online live classes<br />
-Online exams (give exams as per your convenience on given time slots)<br />
-Certificate (by courier)<br />
-CV enhancement<br />
-Coaching for professional networking<br />
-Training for writing and publishing articles<br />
-Internship &amp; Job Support<br />
-Interview preparation guidance<br />
-Access to updated content online for 3 years<br />
-Top students are recommended to law firms and companies (as applicable)</p>

<p>&nbsp;</p>","1","Y","Y","N","N","0","","62290","","Y","N","0","N",,"0","INR"
"118","125","293","2","2025-08-10 03:41:04","2026-08-11 11:42:58","A","60000","60000","<p>1 online live class/ week<br />
2 practical or drafting exercises per week<br />
Get digital access to entire study material<br />
Access on LMS, Android &amp; iOS app<br />
Instructor feedback on assignments<br />
Unlimited doubt clearing sessions.<br />
Instructor led course with online live classes<br />
Online exams (give exams as per your convenience on given time slots)<br />
Certificate (by courier)<br />
CV enhancement<br />
Coaching for professional networking<br />
Training for writing and publishing articles<br />
Internship &amp; Job Support<br />
Interview preparation guidance<br />
Access to updated content online for 3 years<br />
Top students are recommended to law firms and companies (as applicable)</p>","1","Y","Y","N","N","0","","63189","","Y","N","0","N",,"0","INR"
"119","126","294","2","2025-08-17 02:08:00","2025-08-17 05:01:37","A","75000","75000","<p>1 online live class/ week<br />
2 practical or drafting exercises per week<br />
Get digital access to entire study material<br />
Access on LMS, Android &amp; iOS app<br />
Instructor feedback on assignments<br />
Unlimited doubt clearing sessions.<br />
Instructor led course with online live classes<br />
Online exams (give exams as per your convenience on given time slots)<br />
Certificate (by courier)<br />
CV enhancement<br />
Coaching for professional networking<br />
Training for writing and publishing articles<br />
Internship &amp; Job Support<br />
Interview preparation guidance<br />
Access to updated content online for 3 years<br />
Top students are recommended to law firms and companies (as applicable)</p>","1","N","Y","N","N","0","","63473","","Y","N","0","N",,"0","INR"
"120","128","296","2","2025-08-17 05:36:05","2025-08-18 01:52:45","A","75000","75000","<p>Printed study material (by courier)</p>

<p>2 practical exercises/ Drafting exercises per week</p>

<p>Article writing assignments (on request)</p>

<p>1 online live class/week&nbsp;</p>

<p>Get digital access to entire study material</p>

<p>Access on LMS, Android &amp; iOS app</p>

<p>Instructor feedback on assignments</p>

<p>Unlimited doubt clearing sessions.</p>

<p>Instructor led course with online live classes</p>

<p>Online exams (give exams as per your convenience on given time slots)</p>

<p>Certificate (by courier)</p>

<p>CV enhancement</p>

<p>Coaching for professional networking</p>

<p>Internship &amp; Job Support</p>

<p>Interview preparation support</p>

<p>Content access for 3 years</p>

<p>Top performers are recommended for jobs and client opportunities (as applicable)</p>","1","Y","Y","N","N","0","","63475","","Y","N","0","N",,"0","INR"
"121","129","297","2","2025-08-31 12:49:27","2026-08-11 02:24:10","A","66000","66000","<p>-1 online live class/ week</p>

<p>-2 practical or drafting exercises per week</p>

<p>-Get digital access to entire study material</p>

<p>-Access on LMS, Android &amp; iOS app</p>

<p>-Instructor feedback on assignments</p>

<p>-Unlimited doubt clearing sessions.</p>

<p>-Instructor led course with online live classes</p>

<p>-Online exams (give exams as per your convenience on given time slots)</p>

<p>-Certificate (by courier)</p>

<p>-CV enhancement</p>

<p>-Coaching for professional networking</p>

<p>-Training for writing and publishing articles</p>

<p>-Internship &amp; Job Support</p>

<p>-Interview preparation guidance</p>

<p>-Access to updated content online for 3 years</p>

<p>-Top students are recommended to law firms and companies (as applicable)</p>","1","Y","Y","N","N","0","","64049","","Y","N","0","N",,"0","INR"
"122","130","298","2","2025-10-31 01:25:44","2025-11-25 04:37:12","A","155000","","<p>&nbsp;Instructor led course with online classes</p>

<p>&nbsp;Online exams (give exams as per your convenience on given time slots)&nbsp;</p>

<p>&nbsp;1 online class/ week&nbsp;</p>

<p>&nbsp;2 practical exercises per week&nbsp;&nbsp;</p>

<p>Get digital access to entire study material&nbsp;</p>

<p>&nbsp;Access on LMS, Android &amp; iOS app</p>

<p>Individual Doubt clearing sessions&nbsp;</p>

<p>Placement assistance for internship, jobs and referrals&nbsp;</p>

<p>CV enhancement&nbsp;</p>

<p>Training for writing and publishing articles, making profile and taking work on freelance platforms, etc&nbsp;</p>

<p>&nbsp;Access to updated content online for 3 years&nbsp;</p>","1","Y","N","Y","N","0","","66958","","Y","N","0","N","44840","0","INR"
"123","131","299","2","2025-10-31 04:01:37","2025-11-25 04:37:05","A","155000","","<p>Instructor led course with online classes<br />
&nbsp;Online exams (give exams as per your convenience on given time slots)&nbsp;<br />
&nbsp;1 online class/ week&nbsp;<br />
&nbsp;2 practical exercises per week&nbsp;&nbsp;<br />
Get digital access to entire study material&nbsp;<br />
&nbsp;Access on LMS, Android &amp; iOS app<br />
Individual Doubt clearing sessions&nbsp;<br />
Placement assistance for internship, jobs and referrals&nbsp;<br />
CV enhancement&nbsp;<br />
Training for writing and publishing articles, making profile and taking work on freelance platforms, etc&nbsp;<br />
&nbsp;Access to updated content online for 3 years&nbsp;</p>","1","Y","N","Y","N","0","","66968","","Y","N","0","N","44840","0","INR"
"124","132","300","2","2025-11-13 01:31:38","2025-11-25 04:36:59","A","155000","","<p>Instructor led course with online classes<br />
&nbsp;Online exams (give exams as per your convenience on given time slots)&nbsp;<br />
&nbsp;1 online class/ week&nbsp;<br />
&nbsp;2 practical exercises per week&nbsp;&nbsp;<br />
Get digital access to entire study material&nbsp;<br />
&nbsp;Access on LMS, Android &amp; iOS app<br />
Individual Doubt clearing sessions&nbsp;<br />
Placement assistance for internship, jobs and referrals&nbsp;<br />
CV enhancement&nbsp;<br />
Training for writing and publishing articles, making profile and taking work on freelance platforms, etc&nbsp;<br />
&nbsp;Access to updated content online for 3 years&nbsp;</p>","1","N","Y","N","N","0","","67564","","Y","N","0","N","44840","0","INR"
"125","133","301","2","2025-11-19 07:18:34","2025-11-25 04:36:52","A","155000","","<p>Instructor-led course with online classes featuring AI tool demonstrations</p>

<p>Online assessments (flexible exam scheduling within given time slots)</p>

<p>1 online class per week</p>

<p>Practical case studies and assignments with hands-on AI tool implementation</p>

<p>Digital certificate (co-branded by iHub DivyaSampark, IIT Roorkee and <span style=""color:#0000FF"">SkillArbitrage</span>)</p>

<p>Get digital access to entire study material including AI tool tutorials</p>

<p>Access on LMS, Android &amp; iOS app</p>

<p>Live doubt clearing sessions covering academic writing concepts and AI tool usage</p>

<p>Placement assistance for internships, jobs and referrals highlighting AI proficiency</p>

<p>CV enhancement support emphasizing AI-enhanced academic writing expertise</p>

<p>Training for writing and publishing articles, making profiles and taking work on freelance platforms with AI tool showcase</p>

<p>Technical support for AI tool implementation throughout the program</p>","1","N","Y","N","N","0","","67792","","Y","N","0","N","44840","0","INR"
"126","134","302","2","2025-11-28 01:14:35","2025-11-28 13:11:52","A","155000","","<p>Instructor-led course with online classes featuring AI tool demonstrations</p>

<p>Online assessments (flexible exam scheduling within given time slots)</p>

<p>1 online class per week</p>

<p>Practical case studies and assignments with hands-on AI tool implementation</p>

<p>Digital certificate (co-branded by iHub DivyaSampark, IIT Roorkee and&nbsp;<span style=""color:rgb(0, 0, 255)"">SkillArbitrage</span>)</p>

<p>Get digital access to entire study material including AI tool tutorials</p>

<p>Access on LMS, Android &amp; iOS app</p>

<p>Live doubt clearing sessions covering academic writing concepts and AI tool usage</p>

<p>Placement assistance for internships, jobs and referrals highlighting AI proficiency</p>

<p>CV enhancement support emphasizing AI-enhanced academic writing expertise</p>

<p>Training for writing and publishing articles, making profiles and taking work on freelance platforms with AI tool showcase</p>

<p>Technical support for AI tool implementation throughout the program</p>","1","Y","Y","N","N","0","","68096","","Y","N","0","N","44840","0","INR"
"127","135","303","2","2025-11-28 02:28:33","2026-08-11 02:37:18","A","75000","","<p>-1 online live class/ week</p>

<p>-2 practical or drafting exercises per week</p>

<p>-Get digital access to entire study material</p>

<p>-Access on LMS, Android &amp; iOS app</p>

<p>-Instructor feedback on assignments</p>

<p>-Unlimited doubt clearing sessions.</p>

<p>-Instructor led course with online live classes</p>

<p>-Online exams (give exams as per your convenience on given time slots)</p>

<p>-Certificate (by courier)</p>

<p>-CV enhancement</p>

<p>-Coaching for professional networking</p>

<p>-Training for writing and publishing articles</p>

<p>-Internship &amp; Job Support</p>

<p>-Interview preparation guidance</p>

<p>-Access to updated content online for 3 years</p>

<p>-Top students are recommended to law firms and companies (as applicable)</p>","1","Y","Y","N","N","0","","68090","","Y","N","0","N",,"0","INR"
"128","136","304","2","2025-12-18 02:41:11","2025-12-18 14:12:18","A","155000","","<p>Instructor-led course with online classes featuring AI tool demonstrations</p>

<p>Online assessments (flexible exam scheduling within given time slots)</p>

<p>1 online class per week</p>

<p>Practical case studies and assignments with hands-on AI tool implementation</p>

<p>Digital certificate (co-branded by iHub DivyaSampark, IIT Roorkee and&nbsp;<span style=""color:rgb(0, 0, 255)"">SkillArbitrage</span>)</p>

<p>Get digital access to entire study material including AI tool tutorials</p>

<p>Access on LMS, Android &amp; iOS app</p>

<p>Live doubt clearing sessions covering academic writing concepts and AI tool usage</p>

<p>Placement assistance for internships, jobs and referrals highlighting AI proficiency</p>

<p>CV enhancement support emphasizing AI-enhanced academic writing expertise</p>

<p>Training for writing and publishing articles, making profiles and taking work on freelance platforms with AI tool showcase</p>

<p>Technical support for AI tool implementation throughout the program</p>","1","N","Y","N","N","0","","68918","","Y","N","0","N","44840","0","INR"
"129","137","305","2","2026-02-01 02:19:49","2026-02-10 01:11:21","A","66000","60000","<p>-1 online live class/ week</p>

<p>-2 practical or drafting exercises per week</p>

<p>-Get digital access to entire study material</p>

<p>Hardcopy study materials- available on additional charges.</p>

<p>-Access on LMS, Android &amp; iOS app</p>

<p>-Instructor feedback on assignments</p>

<p>-Unlimited doubt clearing sessions.</p>

<p>-Instructor led course with online live classes</p>

<p>-Online exams (give exams as per your convenience on given time slots)</p>

<p>-Certificate (by courier)</p>

<p>-CV enhancement</p>

<p>-Coaching for professional networking</p>

<p>-Training for writing and publishing articles</p>

<p>-Internship &amp; Job Support</p>

<p>-Interview preparation guidance</p>

<p>-Access to updated content online for 3 years</p>

<p>-Top students are recommended to law firms and companies (as applicable)</p>","1","N","Y","N","N","0","","70331","","Y","N","0","N",,"0","INR"
"130","138","306","2","2026-08-10 04:49:46","2026-08-10 16:08:03","A","155000","155000","<p>Instructor-led course with online classes featuring AI tool demonstrations</p>

<p>Online assessments (flexible exam scheduling within given time slots)</p>

<p>1 online class per week</p>

<p>Practical case studies and assignments with hands-on AI tool implementation</p>

<p>Digital certificate (co-branded by iHub DivyaSampark, IIT Roorkee and&nbsp;<span style=""color:rgb(0, 0, 255)"">SkillArbitrage</span>)</p>

<p>Get digital access to entire study material including AI tool tutorials</p>

<p>Access on LMS, Android &amp; iOS app</p>

<p>Live doubt clearing sessions covering academic writing concepts and AI tool usage</p>

<p>Placement assistance for internships, jobs and referrals highlighting AI proficiency</p>

<p>CV enhancement support emphasizing AI-enhanced academic writing expertise</p>

<p>Training for writing and publishing articles, making profiles and taking work on freelance platforms with AI tool showcase</p>

<p>Technical support for AI tool implementation throughout the program</p>","1","N","Y","N","N","0","","76902","","Y","N","0","N","44840","0","INR"
"131","139","307","2","2026-08-10 05:51:52","2026-08-10 17:08:24","A","155000","155000","<p>Instructor-led course with online classes featuring AI tool demonstrations</p>

<p>Online assessments (flexible exam scheduling within given time slots)</p>

<p>1 online class per week</p>

<p>Practical case studies and assignments with hands-on AI tool implementation</p>

<p>Digital certificate (co-branded by iHub DivyaSampark, IIT Roorkee and&nbsp;<span style=""color:rgb(0, 0, 255)"">SkillArbitrage</span>)</p>

<p>Get digital access to entire study material including AI tool tutorials</p>

<p>Access on LMS, Android &amp; iOS app</p>

<p>Live doubt clearing sessions covering academic writing concepts and AI tool usage</p>

<p>Placement assistance for internships, jobs and referrals highlighting AI proficiency</p>

<p>CV enhancement support emphasizing AI-enhanced academic writing expertise</p>

<p>Training for writing and publishing articles, making profiles and taking work on freelance platforms with AI tool showcase</p>

<p>Technical support for AI tool implementation throughout the program</p>","1","N","Y","N","N","0","","76908","","Y","N","0","N","44840","0","INR"
"132","140","308","2","2026-08-16 09:51:23","2026-08-16 10:08:11","A","66000","","<div><span style=""font-size:13px"">1 online live class/ week</span></div>

<div>&nbsp;</div>

<div><span style=""font-size:13px"">2 practical or drafting exercises per week</span></div>

<div>&nbsp;</div>

<div><span style=""font-size:13px"">Get digital access to entire study material</span></div>

<div>&nbsp;</div>

<div><span style=""font-size:13px"">Access on LMS, Android &amp; iOS app</span></div>

<div>&nbsp;</div>

<div><span style=""font-size:13px"">Instructor feedback on assignments</span></div>

<div>&nbsp;</div>

<div><span style=""font-size:13px"">Unlimited doubt-clearing sessions.</span></div>

<div>&nbsp;</div>

<div><span style=""font-size:13px"">Instructor led course with online live classes</span></div>

<div>&nbsp;</div>

<div><span style=""font-size:13px"">Online exams (give exams as per your convenience on given time slots)</span></div>

<div>&nbsp;</div>

<div><span style=""font-size:13px"">Certificate (by courier)</span></div>

<div>&nbsp;</div>

<div><span style=""font-size:13px"">CV enhancement</span></div>

<div>&nbsp;</div>

<div><span style=""font-size:13px"">Coaching for professional networking</span></div>

<div>&nbsp;</div>

<div><span style=""font-size:13px"">Training for writing and publishing articles</span></div>

<div>&nbsp;</div>

<div><span style=""font-size:13px"">Internship &amp; Job Support</span></div>

<div>&nbsp;</div>

<div><span style=""font-size:13px"">Interview preparation guidance</span></div>

<div>&nbsp;</div>

<div><span style=""font-size:13px"">Access to updated content online for 3 years</span></div>

<div>&nbsp;</div>

<div><span style=""font-size:13px"">Top students are recommended to law firms and companies (as applicable)</span></div>","1","N","Y","N","N","0","","0","","Y","N","0","N",,"0","INR"
"133","141","309","2","2026-08-16 10:06:58","2026-08-16 01:24:43","A","66000","66000","<p>1 online live class/ week</p>

<p>2 practical or drafting exercises per week</p>

<p>Get digital access to entire study material</p>

<p>Hardcopy study materials- available on additional charges.</p>

<p>Access on LMS, Android &amp; iOS app</p>

<p>Instructor feedback on assignments</p>

<p>Unlimited doubt clearing sessions.</p>

<p>Instructor led course with online live classes</p>

<p>Online exams (give exams as per your convenience on given time slots)</p>

<p>Certificate (by courier)</p>

<p>CV enhancement</p>

<p>Coaching for professional networking</p>

<p>Training for writing and publishing articles</p>

<p>Internship &amp; Job Support</p>

<p>Interview preparation guidance</p>

<p>Access to updated content online for 3 years</p>

<p>Top students are recommended to law firms and companies (as applicable)</p>","1","N","Y","N","N","0","77137","0","","Y","N","0","N",,"0","INR"
"134","142","310","2","2026-08-21 06:11:16","2026-08-21 06:58:59","A","66000","60000","<p>-Online live class</p> 
<p>-Practical exercises per week</p> 
<p>-Get digital access to entire study material</p> 
<p>-Access on LMS, Android & iOS app</p> 
<p>-Feedback on assignments</p> 
<p>-Unlimited doubt clearing sessions</p> 
<p>-Instructor led course with online live classes</p> 
<p>-Online exams (give exams as per your convenience on given time slots)</p> 
<p>-Certificate (by courier)</p> 
<p>-CV enhancement</p> 
<p>-Internship & Job Support</p> 
<p>-Interview preparation guidance</p>
 <p>-Access to updated content online for 3 years</p>","1","Y","Y","N","N","0","","54307","","Y","N","0","N",,"0","INR"
